date,Afghanistan,Albania,Algeria,American Samoa,Andorra,Angola,Antigua and Barbuda,Argentina,Armenia,Aruba,Australia,Austria,Azerbaijan,"Bahamas, The",Bahrain,Bangladesh,Barbados,Belarus,Belgium,Belize,Benin,Bermuda,Bhutan,Bolivia,Bosnia and Herzegovina,Botswana,Brazil,British Virgin Islands,Brunei Darussalam,Bulgaria,Burkina Faso,Burundi,Cabo Verde,Cambodia,Cameroon,Canada,Cayman Islands,Central African Republic,Chad,Chile,China,Colombia,Comoros,"Congo, Dem. Rep.","Congo, Rep.",Costa Rica,Cote d'Ivoire,Croatia,Cuba,Curacao,Cyprus,Czech Republic,Denmark,Djibouti,Dominica,Dominican Republic,Ecuador,"Egypt, Arab Rep.",El Salvador,Equatorial Guinea,Eritrea,Estonia,Eswatini,Ethiopia,Faroe Islands,Fiji,Finland,France,French Polynesia,Gabon,"Gambia, The",Georgia,Germany,Ghana,Gibraltar,Greece,Greenland,Grenada,Guam,Guatemala,Guinea,Guinea-Bissau,Guyana,Haiti,Honduras,"Hong Kong SAR, China",Hungary,Iceland,India,Indonesia,"Iran, Islamic Rep.",Iraq,Ireland,Isle of Man,Israel,Italy,Jamaica,Japan,Jordan,Kazakhstan,Kenya,Kiribati,"Korea, Dem. Peopleâ€™s Rep.","Korea, Rep.",Kuwait,Kyrgyz Republic,Lao PDR,Latvia,Lebanon,Lesotho,Liberia,Libya,Liechtenstein,Lithuania,Luxembourg,"Macao SAR, China",Madagascar,Malawi,Malaysia,Maldives,Mali,Malta,Marshall Islands,Mauritania,Mauritius,Mexico,"Micronesia, Fed. Sts.",Moldova,Monaco,Mongolia,Montenegro,Morocco,Mozambique,Myanmar,Namibia,Nauru,Nepal,Netherlands,New Caledonia,New Zealand,Nicaragua,Niger,Nigeria,North Macedonia,Northern Mariana Islands,Norway,Oman,Pakistan,Palau,Panama,Papua New Guinea,Paraguay,Peru,Philippines,Poland,Portugal,Puerto Rico,Qatar,Romania,Russian Federation,Rwanda,Samoa,San Marino,Sao Tome and Principe,Saudi Arabia,Senegal,Serbia,Seychelles,Sierra Leone,Singapore,Sint Maarten (Dutch part),Slovak Republic,Slovenia,Solomon Islands,Somalia,South Africa,South Sudan,Spain,Sri Lanka,St. Kitts and Nevis,St. Lucia,St. Martin (French part),St. Vincent and the Grenadines,Sudan,Suriname,Sweden,Switzerland,Syrian Arab Republic,Tajikistan,Tanzania,Thailand,Timor-Leste,Togo,Tonga,Trinidad and Tobago,Tunisia,Turkey,Turkmenistan,Turks and Caicos Islands,Tuvalu,Uganda,Ukraine,United Arab Emirates,United Kingdom,United States,Uruguay,Uzbekistan,Vanuatu,"Venezuela, RB",Vietnam,Virgin Islands (U.S.),West Bank and Gaza,"Yemen, Rep.",Zambia,Zimbabwe
1960-01-01,9.0,1.61,11.06,0.02,0.01,5.45,0.05,20.48,1.87,0.05,10.28,7.05,3.9,0.11,0.16,48.01,0.23,8.2,9.15,0.09,2.43,0.04,0.22,3.66,3.23,0.5,72.18,0.01,0.08,7.87,4.83,2.8,0.2,5.72,5.18,17.91,0.01,1.5,3.0,8.13,667.07,16.06,0.19,15.25,1.02,1.33,3.5,4.14,7.14,0.12,0.57,9.6,4.58,0.08,0.06,3.29,4.54,26.63,2.77,0.26,1.01,1.21,0.34,22.15,0.03,0.39,4.43,46.62,0.08,0.5,0.37,3.65,72.81,6.64,0.02,8.33,0.03,0.09,0.07,4.21,3.49,0.62,0.57,3.87,2.04,3.08,9.98,0.18,450.55,87.75,21.91,7.29,2.83,0.05,2.11,50.2,1.63,92.5,0.93,9.93,8.12,0.04,11.42,25.01,0.27,2.17,2.12,2.12,1.8,0.84,1.12,1.45,0.02,2.78,0.31,0.17,5.1,3.66,8.16,0.09,5.26,0.33,0.01,0.85,0.66,37.77,0.04,2.04,0.02,0.96,0.48,12.33,7.18,21.74,0.63,0.0,10.11,11.49,0.08,2.37,1.77,3.39,45.14,1.49,0.01,3.58,0.55,44.99,0.01,1.13,2.26,1.9,10.16,26.27,29.64,8.86,2.36,0.05,18.41,119.9,2.94,0.11,0.02,0.06,4.09,3.21,,0.04,2.32,1.65,,4.07,1.58,0.12,2.76,17.1,2.84,30.46,9.87,0.05,0.09,0.0,0.08,7.54,0.29,7.48,5.33,4.57,2.09,10.05,27.4,0.47,1.58,0.06,0.85,4.18,27.47,1.6,0.01,0.01,6.77,42.66,0.09,52.4,180.67,2.54,8.53,0.06,8.14,32.67,0.03,,5.32,3.07,3.78
1961-01-01,9.17,1.66,11.34,0.02,0.01,5.53,0.06,20.82,1.94,0.06,10.48,7.09,4.03,0.12,0.17,49.36,0.23,8.27,9.18,0.09,2.47,0.05,0.23,3.73,3.29,0.51,74.31,0.01,0.09,7.94,4.89,2.85,0.21,5.87,5.29,18.27,0.01,1.53,3.06,8.3,660.33,16.57,0.19,15.64,1.04,1.38,3.63,4.17,7.29,0.13,0.58,9.59,4.61,0.09,0.06,3.41,4.67,27.37,2.85,0.26,1.03,1.23,0.34,22.67,0.04,0.41,4.46,47.24,0.08,0.51,0.37,3.7,73.38,6.85,0.02,8.4,0.03,0.09,0.07,4.34,3.55,0.62,0.59,3.94,2.1,3.17,10.03,0.18,459.64,90.1,22.48,7.48,2.82,0.05,2.18,50.54,1.65,94.94,0.97,10.35,8.38,0.04,11.67,25.77,0.3,2.26,2.17,2.15,1.86,0.85,1.14,1.5,0.02,2.82,0.32,0.17,5.22,3.75,8.42,0.09,5.32,0.33,0.02,0.88,0.68,38.97,0.05,2.09,0.02,0.98,0.49,12.71,7.34,22.21,0.65,0.0,10.27,11.64,0.08,2.42,1.83,3.49,46.06,1.51,0.01,3.61,0.56,46.07,0.01,1.17,2.3,1.95,10.45,27.16,29.96,8.93,2.4,0.05,18.56,121.24,3.0,0.11,0.02,0.06,4.22,3.3,,0.04,2.35,1.7,,4.19,1.59,0.12,2.81,17.52,2.9,30.74,10.11,0.05,0.09,0.0,0.08,7.77,0.3,7.52,5.43,4.72,2.16,10.35,28.22,0.48,1.6,0.06,0.86,4.24,28.15,1.66,0.01,0.01,6.98,43.21,0.1,52.8,183.69,2.57,8.81,0.07,8.44,33.67,0.03,,5.39,3.16,3.91
1962-01-01,9.35,1.71,11.62,0.02,0.02,5.61,0.06,21.15,2.01,0.06,10.74,7.13,4.17,0.12,0.17,50.75,0.23,8.35,9.22,0.1,2.5,0.05,0.23,3.8,3.35,0.52,76.51,0.01,0.09,8.01,4.96,2.91,0.21,6.03,5.4,18.61,0.01,1.55,3.12,8.48,665.77,17.09,0.2,16.04,1.07,1.43,3.77,4.2,7.45,0.13,0.58,9.62,4.65,0.09,0.06,3.52,4.81,28.11,2.93,0.26,1.06,1.24,0.35,23.22,0.04,0.42,4.49,47.9,0.08,0.51,0.38,3.76,74.03,7.07,0.02,8.45,0.04,0.09,0.07,4.46,3.61,0.63,0.61,4.02,2.16,3.31,10.06,0.18,469.08,92.52,23.07,7.67,2.84,0.05,2.29,50.88,1.68,95.83,1.01,10.76,8.65,0.04,11.87,26.51,0.34,2.33,2.22,2.18,1.93,0.87,1.17,1.55,0.02,2.86,0.32,0.18,5.35,3.84,8.69,0.09,5.38,0.32,0.02,0.9,0.7,40.2,0.05,2.14,0.02,1.01,0.5,13.09,7.51,22.7,0.67,0.0,10.43,11.81,0.08,2.48,1.89,3.59,47.03,1.53,0.01,3.64,0.58,47.2,0.01,1.2,2.34,2.01,10.75,28.08,30.31,8.99,2.45,0.06,18.68,122.59,3.05,0.12,0.02,0.06,4.36,3.39,,0.04,2.39,1.75,,4.24,1.6,0.13,2.87,17.97,2.95,31.02,10.35,0.05,0.09,0.0,0.08,8.0,0.3,7.56,5.57,4.88,2.24,10.65,29.08,0.49,1.61,0.07,0.88,4.31,28.83,1.72,0.01,0.01,7.22,43.75,0.11,53.25,186.54,2.6,9.11,0.07,8.74,34.68,0.04,,5.47,3.26,4.04
1963-01-01,9.54,1.76,11.91,0.02,0.02,5.68,0.06,21.49,2.08,0.06,10.95,7.18,4.32,0.13,0.18,52.2,0.23,8.44,9.29,0.1,2.54,0.05,0.24,3.88,3.42,0.54,78.77,0.01,0.09,8.08,5.03,2.96,0.22,6.18,5.52,18.96,0.01,1.58,3.18,8.65,682.34,17.63,0.2,16.46,1.1,1.49,3.92,4.23,7.62,0.13,0.58,9.67,4.68,0.1,0.06,3.64,4.95,28.87,3.02,0.27,1.09,1.26,0.36,23.8,0.04,0.44,4.52,48.58,0.09,0.52,0.39,3.82,74.71,7.3,0.02,8.48,0.04,0.09,0.07,4.6,3.67,0.64,0.62,4.1,2.22,3.42,10.09,0.19,478.83,95.02,23.68,7.89,2.85,0.05,2.38,51.25,1.7,96.81,1.05,11.15,8.93,0.04,12.07,27.26,0.38,2.41,2.27,2.21,1.99,0.89,1.19,1.61,0.02,2.9,0.32,0.18,5.49,3.93,8.97,0.1,5.44,0.32,0.02,0.93,0.72,41.46,0.05,2.19,0.02,1.04,0.51,13.48,7.68,23.2,0.68,0.01,10.6,11.97,0.09,2.53,1.95,3.69,48.03,1.55,0.01,3.67,0.59,48.39,0.01,1.24,2.39,2.06,11.06,29.01,30.71,9.03,2.5,0.06,18.8,123.96,3.11,0.12,0.02,0.06,4.52,3.48,,0.05,2.43,1.8,,4.28,1.62,0.13,2.94,18.42,3.01,31.3,10.6,0.05,0.09,0.0,0.08,8.25,0.31,7.6,5.69,5.03,2.32,10.97,29.97,0.5,1.63,0.07,0.89,4.38,29.53,1.77,0.01,0.01,7.46,44.29,0.13,53.65,189.24,2.64,9.43,0.07,9.05,35.72,0.04,,5.56,3.36,4.18
1964-01-01,9.74,1.81,12.22,0.02,0.02,5.74,0.06,21.82,2.15,0.06,11.17,7.22,4.46,0.13,0.18,53.74,0.23,8.52,9.38,0.1,2.59,0.05,0.25,3.96,3.48,0.55,81.06,0.01,0.1,8.14,5.1,3.03,0.22,6.33,5.64,19.32,0.01,1.61,3.25,8.82,698.36,18.18,0.2,16.9,1.13,1.54,4.07,4.25,7.79,0.13,0.58,9.73,4.72,0.11,0.06,3.76,5.09,29.64,3.11,0.27,1.12,1.28,0.37,24.4,0.04,0.45,4.55,49.23,0.09,0.52,0.4,3.87,75.32,7.52,0.03,8.51,0.04,0.09,0.07,4.73,3.74,0.64,0.64,4.18,2.28,3.5,10.12,0.19,488.85,97.6,24.31,8.12,2.87,0.05,2.48,51.68,1.73,97.83,1.1,11.51,9.22,0.05,12.28,27.98,0.42,2.5,2.33,2.24,2.04,0.9,1.22,1.67,0.02,2.94,0.33,0.19,5.63,4.03,9.25,0.1,5.5,0.32,0.02,0.96,0.74,42.77,0.05,2.23,0.02,1.07,0.52,13.86,7.86,23.72,0.7,0.01,10.78,12.13,0.09,2.59,2.01,3.8,49.07,1.57,0.01,3.69,0.61,49.63,0.01,1.28,2.43,2.12,11.38,29.96,31.14,9.04,2.55,0.07,18.92,125.34,3.16,0.12,0.02,0.06,4.68,3.58,,0.05,2.47,1.84,,4.33,1.63,0.13,3.0,18.9,3.07,31.61,10.85,0.05,0.09,0.0,0.09,8.5,0.32,7.66,5.79,5.2,2.4,11.3,30.88,0.51,1.66,0.07,0.9,4.46,30.24,1.83,0.01,0.01,7.72,44.8,0.14,54.0,191.89,2.67,9.76,0.07,9.37,36.78,0.04,,5.64,3.46,4.32
1965-01-01,9.96,1.86,12.55,0.02,0.02,5.77,0.06,22.16,2.21,0.06,11.39,7.27,4.59,0.14,0.19,55.39,0.24,8.61,9.46,0.11,2.63,0.05,0.25,4.04,3.54,0.56,83.37,0.01,0.1,8.2,5.17,3.09,0.23,6.47,5.77,19.68,0.01,1.64,3.31,8.99,715.18,18.73,0.21,17.37,1.16,1.59,4.23,4.28,7.96,0.14,0.58,9.78,4.76,0.11,0.07,3.88,5.24,30.43,3.2,0.28,1.15,1.29,0.37,25.01,0.04,0.46,4.56,49.82,0.09,0.53,0.41,3.92,75.96,7.74,0.03,8.55,0.04,0.09,0.07,4.87,3.8,0.65,0.65,4.26,2.35,3.6,10.15,0.19,499.12,100.27,24.95,8.38,2.88,0.05,2.56,52.11,1.76,98.88,1.17,11.84,9.53,0.05,12.55,28.7,0.47,2.57,2.38,2.27,2.09,0.92,1.25,1.73,0.02,2.97,0.33,0.2,5.77,4.13,9.53,0.1,5.57,0.32,0.02,0.99,0.75,44.12,0.05,2.27,0.02,1.11,0.53,14.23,8.04,24.26,0.72,0.01,10.97,12.29,0.09,2.63,2.07,3.91,50.13,1.59,0.01,3.72,0.63,50.92,0.01,1.31,2.49,2.17,11.71,30.91,31.44,9.0,2.59,0.07,19.03,126.74,3.24,0.13,0.02,0.06,4.84,3.68,,0.05,2.51,1.89,,4.37,1.65,0.14,3.07,19.38,3.13,31.95,11.11,0.05,0.1,0.0,0.09,8.77,0.33,7.73,5.86,5.37,2.49,11.63,31.82,0.52,1.71,0.07,0.91,4.55,30.97,1.89,0.01,0.01,7.99,45.26,0.15,54.35,194.3,2.69,10.12,0.07,9.69,37.86,0.04,,5.73,3.57,4.47
1966-01-01,10.17,1.91,12.9,0.02,0.02,5.78,0.06,22.49,2.28,0.06,11.65,7.32,4.72,0.15,0.19,57.16,0.24,8.7,9.53,0.11,2.68,0.05,0.26,4.12,3.59,0.57,85.7,0.01,0.11,8.26,5.26,3.17,0.24,6.59,5.91,20.05,0.01,1.67,3.37,9.15,735.4,19.28,0.21,17.86,1.19,1.65,4.38,4.31,8.12,0.14,0.59,9.82,4.8,0.12,0.07,4.0,5.4,31.24,3.29,0.28,1.18,1.31,0.38,25.64,0.04,0.48,4.58,50.33,0.1,0.54,0.42,3.97,76.6,7.94,0.03,8.61,0.04,0.09,0.08,5.01,3.87,0.66,0.66,4.34,2.41,3.63,10.18,0.2,509.63,103.03,25.62,8.65,2.89,0.05,2.63,52.52,1.78,99.79,1.27,12.13,9.85,0.05,12.86,29.44,0.52,2.66,2.44,2.28,2.14,0.94,1.27,1.8,0.02,3.01,0.33,0.21,5.92,4.24,9.79,0.11,5.64,0.32,0.02,1.02,0.77,45.52,0.05,2.31,0.02,1.14,0.53,14.6,8.23,24.82,0.73,0.01,11.17,12.46,0.09,2.68,2.13,4.03,51.22,1.62,0.01,3.75,0.64,52.26,0.01,1.35,2.54,2.23,12.05,31.86,31.68,8.93,2.62,0.08,19.22,127.47,3.32,0.13,0.02,0.07,5.02,3.79,,0.05,2.55,1.93,,4.41,1.67,0.14,3.14,19.89,3.2,32.28,11.38,0.05,0.1,0.0,0.09,9.05,0.34,7.81,5.92,5.55,2.57,11.99,32.79,0.53,1.77,0.08,0.92,4.64,31.72,1.95,0.01,0.01,8.26,45.68,0.16,54.65,196.56,2.72,10.49,0.08,10.02,38.96,0.05,,5.82,3.68,4.62
1967-01-01,10.4,1.97,13.28,0.03,0.02,5.77,0.06,22.83,2.34,0.06,11.8,7.38,4.84,0.15,0.2,59.03,0.24,8.79,9.58,0.11,2.74,0.05,0.27,4.21,3.63,0.58,88.04,0.01,0.11,8.31,5.34,3.25,0.25,6.69,6.05,20.41,0.01,1.71,3.43,9.31,754.55,19.84,0.22,18.38,1.22,1.7,4.54,4.34,8.27,0.14,0.59,9.85,4.84,0.13,0.07,4.12,5.56,32.06,3.39,0.29,1.21,1.32,0.39,26.28,0.04,0.49,4.61,50.78,0.1,0.55,0.43,4.01,76.95,8.13,0.03,8.68,0.04,0.1,0.08,5.16,3.94,0.67,0.68,4.43,2.49,3.72,10.22,0.2,520.4,105.87,26.32,8.95,2.9,0.05,2.74,52.9,1.8,100.72,1.38,12.39,10.19,0.05,13.22,30.13,0.58,2.74,2.5,2.3,2.17,0.96,1.3,1.88,0.02,3.04,0.33,0.22,6.07,4.35,10.05,0.11,5.71,0.31,0.02,1.05,0.78,46.96,0.06,2.34,0.02,1.17,0.52,14.95,8.42,25.41,0.75,0.01,11.38,12.6,0.1,2.72,2.2,4.14,52.34,1.64,0.01,3.78,0.66,53.66,0.01,1.39,2.6,2.29,12.39,32.82,31.99,8.87,2.65,0.09,19.53,128.2,3.42,0.13,0.02,0.07,5.2,3.9,,0.05,2.6,1.98,,4.45,1.69,0.15,3.23,20.41,3.27,32.68,11.66,0.05,0.1,0.0,0.09,9.34,0.35,7.87,5.99,5.74,2.66,12.35,33.78,0.54,1.86,0.08,0.93,4.74,32.48,2.01,0.01,0.01,8.55,46.06,0.17,54.94,198.71,2.75,10.89,0.08,10.36,40.07,0.05,,5.91,3.8,4.78
1968-01-01,10.64,2.02,13.66,0.03,0.02,5.77,0.06,23.17,2.4,0.06,12.01,7.42,4.96,0.16,0.2,60.92,0.24,8.87,9.62,0.12,2.79,0.05,0.28,4.3,3.68,0.6,90.39,0.01,0.12,8.37,5.43,3.34,0.26,6.78,6.2,20.74,0.01,1.74,3.5,9.47,774.51,20.39,0.22,18.91,1.25,1.75,4.71,4.37,8.41,0.14,0.6,9.88,4.86,0.14,0.07,4.25,5.73,32.88,3.48,0.3,1.24,1.33,0.41,26.94,0.04,0.5,4.63,51.18,0.1,0.57,0.44,4.04,77.29,8.32,0.03,8.74,0.04,0.09,0.08,5.31,4.01,0.68,0.69,4.51,2.56,3.8,10.26,0.2,531.51,108.78,27.03,9.26,2.92,0.05,2.8,53.24,1.83,101.06,1.5,12.61,10.54,0.05,13.61,30.84,0.63,2.82,2.56,2.32,2.21,0.98,1.33,1.96,0.02,3.08,0.34,0.23,6.23,4.46,10.3,0.11,5.78,0.31,0.02,1.08,0.8,48.43,0.06,2.38,0.02,1.21,0.52,15.31,8.61,26.02,0.77,0.01,11.6,12.73,0.1,2.75,2.26,4.26,53.51,1.67,0.01,3.82,0.68,55.1,0.01,1.43,2.66,2.35,12.74,33.8,32.29,8.84,2.66,0.09,19.8,128.93,3.53,0.14,0.02,0.07,5.39,4.01,,0.05,2.64,2.01,,4.48,1.7,0.15,3.31,20.94,3.34,33.11,11.94,0.05,0.1,0.01,0.09,9.64,0.36,7.91,6.07,5.94,2.75,12.73,34.79,0.55,1.95,0.08,0.93,4.85,33.26,2.07,0.01,0.01,8.84,46.41,0.18,55.21,200.71,2.77,11.29,0.08,10.7,41.19,0.06,,6.0,3.92,4.94
1969-01-01,10.89,2.08,14.06,0.03,0.02,5.8,0.06,23.52,2.46,0.06,12.26,7.44,5.07,0.16,0.21,62.68,0.24,8.96,9.65,0.12,2.85,0.05,0.29,4.39,3.72,0.61,92.75,0.01,0.12,8.43,5.53,3.41,0.26,6.88,6.36,21.03,0.01,1.78,3.57,9.63,796.02,20.94,0.23,19.46,1.29,1.8,4.9,4.39,8.56,0.14,0.61,9.9,4.89,0.15,0.07,4.37,5.9,33.7,3.58,0.3,1.28,1.35,0.42,27.65,0.04,0.51,4.62,51.56,0.11,0.58,0.45,4.08,77.91,8.52,0.03,8.77,0.04,0.09,0.08,5.47,4.08,0.69,0.7,4.59,2.64,3.86,10.3,0.2,543.08,111.76,27.76,9.59,2.93,0.05,2.88,53.54,1.85,103.17,1.62,12.82,10.91,0.05,14.01,31.54,0.69,2.89,2.62,2.34,2.25,1.01,1.37,2.04,0.02,3.11,0.34,0.24,6.4,4.58,10.55,0.11,5.86,0.3,0.02,1.11,0.81,49.95,0.06,2.41,0.02,1.24,0.51,15.66,8.82,26.64,0.79,0.01,11.83,12.88,0.1,2.77,2.33,4.39,54.72,1.7,0.01,3.85,0.7,56.6,0.01,1.48,2.72,2.41,13.09,34.79,32.55,8.76,2.68,0.1,20.01,129.66,3.64,0.14,0.02,0.07,5.6,4.13,,0.05,2.69,2.04,,4.52,1.71,0.15,3.39,21.5,3.42,33.44,12.21,0.05,0.1,0.01,0.09,9.95,0.36,7.97,6.14,6.14,2.84,13.12,35.83,0.56,2.03,0.08,0.94,4.95,34.06,2.13,0.01,0.01,9.13,46.75,0.2,55.44,202.68,2.8,11.69,0.08,11.05,42.31,0.06,,6.1,4.05,5.11
1970-01-01,11.17,2.14,14.46,0.03,0.02,5.89,0.06,23.88,2.53,0.06,12.51,7.47,5.18,0.17,0.21,64.23,0.24,9.04,9.66,0.12,2.91,0.06,0.3,4.48,3.76,0.63,95.11,0.01,0.13,8.49,5.62,3.48,0.27,7.0,6.52,21.32,0.01,1.81,3.64,9.78,818.32,21.48,0.23,20.01,1.33,1.85,5.1,4.41,8.71,0.14,0.61,9.86,4.93,0.16,0.07,4.5,6.07,34.51,3.67,0.3,1.31,1.36,0.43,28.42,0.04,0.52,4.61,51.96,0.11,0.59,0.46,4.12,78.17,8.74,0.03,8.79,0.05,0.09,0.08,5.62,4.15,0.7,0.7,4.68,2.72,3.96,10.34,0.2,555.19,114.79,28.51,9.92,2.96,0.06,2.97,53.82,1.88,104.34,1.72,13.04,11.3,0.05,14.41,32.24,0.74,2.96,2.69,2.36,2.3,1.03,1.4,2.13,0.02,3.14,0.34,0.25,6.58,4.7,10.8,0.12,5.95,0.3,0.02,1.15,0.83,51.49,0.06,2.45,0.02,1.28,0.51,16.0,9.02,27.27,0.82,0.01,12.07,13.04,0.11,2.81,2.41,4.51,55.98,1.72,0.01,3.88,0.72,58.14,0.01,1.52,2.78,2.47,13.46,35.8,32.66,8.68,2.72,0.11,20.25,130.4,3.76,0.14,0.02,0.07,5.84,4.26,,0.05,2.74,2.07,,4.54,1.72,0.16,3.44,22.07,3.49,33.81,12.49,0.04,0.1,0.01,0.09,10.28,0.37,8.04,6.18,6.35,2.93,13.54,36.88,0.57,2.12,0.08,0.95,5.06,34.88,2.2,0.01,0.01,9.41,47.09,0.23,55.66,205.05,2.81,12.08,0.09,11.4,43.4,0.06,,6.19,4.18,5.29
1971-01-01,11.48,2.19,14.87,0.03,0.03,6.04,0.06,24.26,2.59,0.06,12.94,7.5,5.28,0.17,0.22,65.53,0.24,9.12,9.67,0.12,2.98,0.05,0.31,4.58,3.81,0.65,97.48,0.01,0.14,8.54,5.72,3.53,0.27,7.14,6.69,21.96,0.01,1.84,3.73,9.94,841.1,22.0,0.23,20.56,1.37,1.9,5.33,4.43,8.87,0.15,0.62,9.83,4.96,0.17,0.07,4.63,6.25,35.31,3.77,0.3,1.35,1.38,0.44,29.25,0.04,0.53,4.61,52.37,0.11,0.6,0.48,4.16,78.31,8.97,0.03,8.83,0.05,0.09,0.09,5.78,4.22,0.72,0.71,4.76,2.8,4.05,10.37,0.21,567.87,117.88,29.28,10.26,2.99,0.06,3.07,54.07,1.9,105.7,1.81,13.25,11.71,0.05,14.81,32.88,0.8,3.02,2.76,2.38,2.35,1.05,1.44,2.23,0.02,3.18,0.34,0.25,6.76,4.83,11.06,0.12,6.04,0.3,0.02,1.18,0.84,53.08,0.06,2.48,0.02,1.32,0.52,16.35,9.23,27.91,0.84,0.01,12.32,13.19,0.12,2.85,2.48,4.64,57.3,1.74,0.01,3.9,0.75,59.73,0.01,1.56,2.85,2.54,13.84,36.85,32.78,8.64,2.76,0.12,20.46,131.16,3.87,0.15,0.02,0.08,6.1,4.39,,0.05,2.8,2.11,,4.56,1.74,0.17,3.47,22.67,3.58,34.22,12.75,0.04,0.11,0.01,0.09,10.62,0.37,8.1,6.21,6.57,3.02,13.97,37.96,0.59,2.19,0.09,0.96,5.18,35.72,2.26,0.01,0.01,9.67,47.44,0.28,55.9,207.66,2.82,12.45,0.09,11.75,44.48,0.07,,6.29,4.32,5.48
1972-01-01,11.79,2.24,15.29,0.03,0.03,6.25,0.06,24.65,2.65,0.06,13.18,7.54,5.39,0.18,0.23,66.63,0.24,9.19,9.71,0.13,3.04,0.05,0.32,4.68,3.85,0.67,99.86,0.01,0.14,8.58,5.83,3.57,0.27,7.3,6.87,22.22,0.01,1.87,3.82,10.1,862.03,22.52,0.24,21.12,1.41,1.94,5.58,4.45,9.03,0.15,0.63,9.87,4.99,0.18,0.07,4.76,6.43,36.1,3.87,0.29,1.38,1.39,0.46,30.14,0.04,0.54,4.64,52.79,0.12,0.61,0.49,4.21,78.69,9.23,0.03,8.89,0.05,0.09,0.09,5.94,4.29,0.73,0.72,4.84,2.88,4.12,10.4,0.21,581.09,121.02,30.08,10.6,3.04,0.06,3.15,54.38,1.94,107.19,1.88,13.46,12.15,0.05,15.21,33.51,0.85,3.09,2.84,2.4,2.42,1.08,1.47,2.33,0.02,3.21,0.35,0.25,6.95,4.96,11.32,0.12,6.15,0.3,0.02,1.22,0.85,54.69,0.06,2.52,0.02,1.36,0.52,16.7,9.45,28.57,0.87,0.01,12.58,13.33,0.13,2.9,2.56,4.77,58.67,1.75,0.01,3.93,0.78,61.38,0.01,1.61,2.92,2.6,14.22,37.92,33.06,8.63,2.82,0.13,20.66,131.91,3.99,0.15,0.02,0.08,6.39,4.52,,0.06,2.85,2.15,,4.6,1.75,0.17,3.48,23.28,3.66,34.6,13.0,0.04,0.11,0.01,0.09,10.97,0.37,8.12,6.26,6.8,3.11,14.43,39.06,0.6,2.25,0.09,0.97,5.29,36.59,2.32,0.01,0.01,9.93,47.78,0.33,56.09,209.9,2.82,12.8,0.09,12.1,45.55,0.08,,6.39,4.47,5.67
1973-01-01,12.11,2.3,15.71,0.03,0.03,6.5,0.06,25.06,2.71,0.06,13.38,7.59,5.48,0.18,0.24,67.64,0.24,9.26,9.74,0.13,3.11,0.05,0.33,4.79,3.9,0.69,102.26,0.01,0.15,8.62,5.93,3.61,0.27,7.45,7.05,22.49,0.01,1.89,3.91,10.27,881.94,23.02,0.24,21.69,1.45,1.99,5.84,4.47,9.18,0.15,0.64,9.92,5.02,0.19,0.07,4.88,6.61,36.9,3.96,0.28,1.42,1.41,0.47,31.04,0.04,0.55,4.67,53.21,0.12,0.62,0.51,4.24,78.94,9.49,0.03,8.93,0.05,0.09,0.09,6.1,4.36,0.75,0.73,4.92,2.97,4.24,10.43,0.21,594.77,124.2,30.91,10.95,3.09,0.06,3.28,54.75,1.97,108.08,1.95,13.67,12.6,0.05,15.59,34.1,0.91,3.15,2.92,2.42,2.48,1.1,1.51,2.43,0.02,3.24,0.35,0.25,7.14,5.09,11.59,0.13,6.26,0.3,0.02,1.25,0.86,56.32,0.06,2.55,0.02,1.4,0.53,17.05,9.67,29.24,0.9,0.01,12.85,13.44,0.13,2.96,2.64,4.9,60.11,1.77,0.01,3.96,0.81,63.1,0.01,1.65,2.99,2.66,14.62,39.02,33.36,8.63,2.88,0.14,20.84,132.67,4.11,0.15,0.02,0.08,6.71,4.66,,0.06,2.91,2.19,,4.64,1.77,0.18,3.51,23.91,3.75,34.99,13.25,0.04,0.11,0.01,0.09,11.34,0.36,8.14,6.31,7.04,3.2,14.9,40.16,0.61,2.3,0.09,0.98,5.41,37.47,2.39,0.01,0.01,10.19,48.13,0.39,56.19,211.91,2.82,13.14,0.09,12.45,46.6,0.08,,6.5,4.62,5.88
1974-01-01,12.41,2.35,16.15,0.03,0.03,6.76,0.06,25.46,2.77,0.06,13.72,7.6,5.58,0.19,0.25,68.74,0.24,9.32,9.77,0.13,3.19,0.05,0.34,4.89,3.94,0.71,104.71,0.01,0.16,8.68,6.04,3.65,0.27,7.53,7.25,22.81,0.01,1.92,4.0,10.43,900.35,23.54,0.25,22.28,1.49,2.04,6.12,4.49,9.32,0.15,0.64,9.99,5.05,0.21,0.07,5.01,6.8,37.71,4.06,0.27,1.46,1.42,0.48,31.86,0.04,0.57,4.69,53.59,0.13,0.63,0.52,4.28,78.97,9.75,0.03,8.96,0.05,0.09,0.09,6.27,4.42,0.76,0.74,5.0,3.06,4.38,10.48,0.22,608.8,127.42,31.79,11.31,3.14,0.06,3.38,55.11,2.0,110.16,2.01,13.87,13.08,0.05,15.95,34.69,0.96,3.22,2.99,2.44,2.54,1.13,1.56,2.54,0.02,3.27,0.36,0.24,7.35,5.24,11.87,0.13,6.37,0.3,0.02,1.29,0.88,57.97,0.06,2.58,0.02,1.44,0.54,17.41,9.91,29.92,0.92,0.01,13.13,13.55,0.13,3.02,2.72,5.04,61.68,1.78,0.01,3.99,0.84,64.91,0.01,1.7,3.06,2.72,15.02,40.14,33.68,8.75,2.94,0.15,21.03,133.43,4.23,0.15,0.02,0.08,7.05,4.8,,0.06,2.97,2.23,,4.69,1.78,0.19,3.63,24.55,3.84,35.37,13.5,0.04,0.11,0.01,0.09,11.73,0.36,8.16,6.34,7.28,3.3,15.39,41.25,0.62,2.36,0.09,1.0,5.53,38.37,2.46,0.01,0.01,10.45,48.45,0.47,56.23,213.85,2.82,13.49,0.1,12.82,47.66,0.09,,6.63,4.78,6.09
1975-01-01,12.69,2.4,16.61,0.03,0.03,7.02,0.06,25.87,2.83,0.06,13.89,7.58,5.67,0.19,0.27,70.07,0.25,9.37,9.8,0.13,3.27,0.05,0.35,5.0,3.99,0.74,107.22,0.01,0.16,8.72,6.15,3.7,0.27,7.52,7.45,23.14,0.01,1.96,4.09,10.59,916.4,24.07,0.26,22.9,1.54,2.09,6.41,4.51,9.45,0.15,0.65,10.06,5.06,0.22,0.07,5.14,6.99,38.55,4.15,0.26,1.51,1.43,0.5,32.57,0.04,0.58,4.71,53.93,0.13,0.65,0.54,4.31,78.67,9.99,0.03,9.05,0.05,0.09,0.09,6.43,4.49,0.77,0.75,5.09,3.15,4.46,10.54,0.22,623.1,130.68,32.73,11.68,3.19,0.06,3.46,55.44,2.03,111.94,2.07,14.05,13.58,0.06,16.27,35.28,1.02,3.29,3.05,2.46,2.58,1.16,1.6,2.65,0.02,3.3,0.36,0.24,7.56,5.38,12.16,0.14,6.48,0.3,0.03,1.33,0.89,59.61,0.06,2.61,0.03,1.48,0.55,17.8,10.17,30.61,0.95,0.01,13.42,13.67,0.13,3.08,2.81,5.18,63.37,1.8,0.01,4.01,0.88,66.82,0.01,1.75,3.14,2.79,15.42,41.29,34.02,9.09,2.99,0.16,21.29,134.2,4.36,0.15,0.02,0.08,7.42,4.93,,0.06,3.04,2.26,,4.74,1.79,0.19,3.88,25.2,3.94,35.76,13.76,0.04,0.11,0.01,0.1,12.14,0.36,8.19,6.34,7.54,3.39,15.89,42.33,0.63,2.41,0.09,1.01,5.66,39.28,2.53,0.01,0.01,10.74,48.76,0.55,56.23,215.97,2.83,13.86,0.1,13.19,48.72,0.09,,6.78,4.94,6.29
1976-01-01,12.94,2.46,17.09,0.03,0.03,7.28,0.06,26.26,2.89,0.06,14.03,7.57,5.77,0.19,0.28,71.65,0.25,9.41,9.82,0.14,3.35,0.05,0.36,5.11,4.03,0.77,109.79,0.01,0.17,8.76,6.27,3.77,0.27,7.4,7.66,23.45,0.01,2.0,4.17,10.76,930.68,24.61,0.27,23.56,1.58,2.15,6.71,4.54,9.55,0.15,0.66,10.13,5.07,0.25,0.07,5.28,7.19,39.42,4.25,0.25,1.55,1.44,0.52,33.13,0.04,0.59,4.73,54.22,0.14,0.66,0.56,4.34,78.34,10.2,0.03,9.19,0.05,0.09,0.1,6.6,4.56,0.77,0.75,5.19,3.25,4.52,10.6,0.22,637.63,133.97,33.73,12.07,3.24,0.06,3.53,55.72,2.06,112.77,2.12,14.21,14.1,0.06,16.55,35.85,1.09,3.36,3.1,2.47,2.6,1.19,1.65,2.75,0.02,3.33,0.36,0.24,7.77,5.55,12.47,0.14,6.6,0.31,0.03,1.37,0.91,61.24,0.06,2.64,0.03,1.52,0.55,18.2,10.44,31.31,0.97,0.01,13.72,13.77,0.13,3.11,2.89,5.34,65.22,1.83,0.02,4.03,0.93,68.83,0.01,1.79,3.22,2.86,15.84,42.45,34.36,9.36,3.04,0.17,21.55,135.15,4.51,0.15,0.02,0.09,7.8,5.06,,0.06,3.1,2.29,,4.79,1.82,0.2,4.28,25.84,4.04,36.14,14.01,0.04,0.11,0.01,0.1,12.58,0.36,8.22,6.3,7.79,3.49,16.39,43.38,0.63,2.46,0.09,1.03,5.79,40.19,2.59,0.01,0.01,11.04,49.03,0.64,56.21,218.04,2.84,14.24,0.1,13.57,49.79,0.1,,6.97,5.11,6.5
1977-01-01,13.17,2.51,17.58,0.03,0.03,7.53,0.06,26.66,2.94,0.06,14.19,7.57,5.86,0.2,0.3,73.46,0.25,9.46,9.83,0.14,3.43,0.05,0.37,5.23,4.06,0.8,112.43,0.01,0.17,8.8,6.4,3.85,0.27,7.2,7.89,23.73,0.01,2.04,4.26,10.92,943.46,25.16,0.28,24.25,1.63,2.21,7.03,4.56,9.65,0.15,0.67,10.19,5.09,0.28,0.07,5.41,7.38,40.33,4.34,0.24,1.59,1.45,0.53,33.58,0.04,0.6,4.74,54.47,0.14,0.68,0.58,4.37,78.16,10.4,0.03,9.31,0.05,0.09,0.1,6.77,4.63,0.77,0.76,5.29,3.35,4.58,10.65,0.22,652.41,137.28,34.8,12.46,3.28,0.06,3.61,55.96,2.08,113.86,2.18,14.36,14.64,0.06,16.8,36.41,1.15,3.42,3.14,2.49,2.6,1.23,1.69,2.87,0.02,3.36,0.36,0.24,8.0,5.72,12.79,0.14,6.71,0.31,0.03,1.41,0.92,62.87,0.07,2.66,0.03,1.56,0.56,18.62,10.74,32.03,0.99,0.01,14.03,13.86,0.14,3.12,2.99,5.49,67.2,1.85,0.02,4.04,0.98,70.96,0.01,1.84,3.3,2.94,16.26,43.63,34.69,9.46,3.09,0.18,21.76,136.1,4.66,0.15,0.02,0.09,8.21,5.18,,0.06,3.17,2.33,,4.84,1.84,0.21,4.8,26.48,4.14,36.51,14.27,0.04,0.11,0.01,0.1,13.03,0.36,8.25,6.28,8.06,3.59,16.91,44.41,0.62,2.52,0.09,1.04,5.92,41.11,2.66,0.01,0.01,11.37,49.29,0.74,56.19,220.24,2.86,14.64,0.11,13.96,50.86,0.09,,7.18,5.29,6.71
1978-01-01,13.34,2.57,18.1,0.03,0.03,7.79,0.06,27.06,3.0,0.06,14.36,7.56,5.96,0.2,0.32,75.45,0.25,9.52,9.84,0.14,3.52,0.05,0.38,5.34,4.1,0.83,115.12,0.01,0.18,8.81,6.53,3.95,0.28,6.96,8.12,23.96,0.01,2.09,4.34,11.09,956.16,25.73,0.29,24.96,1.68,2.26,7.35,4.58,9.72,0.15,0.67,10.24,5.1,0.31,0.07,5.54,7.58,41.28,4.43,0.24,1.64,1.46,0.55,33.99,0.04,0.61,4.75,54.69,0.14,0.69,0.6,4.4,78.09,10.59,0.03,9.43,0.05,0.09,0.1,6.93,4.7,0.77,0.77,5.4,3.46,4.67,10.68,0.22,667.5,140.62,35.96,12.86,3.33,0.06,3.69,56.16,2.11,114.9,2.24,14.5,15.21,0.06,17.02,36.97,1.22,3.49,3.17,2.5,2.6,1.27,1.74,2.98,0.02,3.38,0.36,0.24,8.23,5.9,13.12,0.15,6.83,0.31,0.03,1.45,0.93,64.49,0.07,2.68,0.03,1.6,0.56,19.06,11.04,32.75,1.01,0.01,14.35,13.94,0.14,3.12,3.08,5.65,69.27,1.88,0.02,4.06,1.03,73.2,0.01,1.88,3.39,3.01,16.68,44.84,34.97,9.56,3.13,0.19,21.95,137.06,4.81,0.15,0.02,0.09,8.65,5.31,,0.06,3.24,2.35,,4.89,1.86,0.22,5.38,27.14,4.25,36.86,14.53,0.04,0.11,0.01,0.1,13.51,0.36,8.28,6.28,8.34,3.69,17.43,45.41,0.61,2.58,0.09,1.05,6.06,42.04,2.73,0.01,0.01,11.71,49.52,0.84,56.2,222.58,2.88,15.06,0.11,14.36,51.96,0.1,,7.41,5.47,6.93
1979-01-01,13.41,2.62,18.65,0.03,0.03,8.06,0.06,27.47,3.05,0.06,14.51,7.55,6.05,0.21,0.34,77.53,0.25,9.58,9.85,0.14,3.62,0.05,0.4,5.46,4.14,0.87,117.88,0.01,0.19,8.83,6.67,4.05,0.28,6.77,8.37,24.2,0.02,2.14,4.42,11.25,969.0,26.31,0.3,25.66,1.73,2.33,7.69,4.59,9.79,0.15,0.68,10.29,5.12,0.34,0.07,5.67,7.78,42.27,4.51,0.24,1.68,1.47,0.57,34.49,0.04,0.62,4.76,54.92,0.15,0.71,0.62,4.43,78.13,10.81,0.03,9.55,0.05,0.09,0.1,7.11,4.78,0.77,0.78,5.52,3.57,4.93,10.7,0.23,683.0,144.01,37.24,13.26,3.37,0.06,3.79,56.32,2.13,115.87,2.3,14.64,15.8,0.06,17.24,37.53,1.3,3.55,3.21,2.51,2.59,1.3,1.79,3.1,0.03,3.4,0.36,0.24,8.47,6.08,13.46,0.15,6.96,0.31,0.03,1.5,0.95,66.12,0.07,2.7,0.03,1.65,0.57,19.52,11.34,33.48,1.04,0.01,14.68,14.04,0.14,3.11,3.17,5.82,71.36,1.9,0.02,4.07,1.09,75.56,0.01,1.93,3.48,3.1,17.11,46.08,35.25,9.66,3.17,0.21,22.09,138.03,4.98,0.15,0.02,0.09,9.14,5.44,,0.06,3.31,2.38,,4.94,1.88,0.22,5.89,27.83,4.37,37.19,14.79,0.04,0.12,0.01,0.1,14.0,0.36,8.29,6.29,8.63,3.79,17.98,46.4,0.6,2.64,0.09,1.07,6.21,42.99,2.81,0.01,0.01,12.07,49.75,0.93,56.25,225.06,2.9,15.48,0.11,14.77,53.1,0.1,,7.67,5.66,7.16
1980-01-01,13.36,2.67,19.22,0.03,0.04,8.34,0.06,27.9,3.1,0.06,14.69,7.55,6.15,0.21,0.36,79.64,0.25,9.64,9.86,0.14,3.72,0.05,0.41,5.58,4.18,0.9,120.69,0.01,0.19,8.86,6.82,4.16,0.28,6.69,8.62,24.52,0.02,2.2,4.51,11.42,981.24,26.9,0.31,26.36,1.78,2.39,8.03,4.6,9.85,0.15,0.69,10.3,5.12,0.36,0.08,5.8,7.99,43.31,4.59,0.25,1.73,1.48,0.59,35.14,0.04,0.64,4.78,55.16,0.15,0.73,0.64,4.47,78.29,11.06,0.03,9.64,0.05,0.09,0.1,7.28,4.87,0.78,0.78,5.64,3.68,5.06,10.71,0.23,698.95,147.45,38.65,13.65,3.41,0.06,3.88,56.43,2.16,116.78,2.38,14.8,16.42,0.06,17.47,38.12,1.37,3.62,3.26,2.51,2.59,1.34,1.85,3.22,0.03,3.41,0.36,0.24,8.72,6.25,13.8,0.16,7.09,0.32,0.03,1.54,0.97,67.76,0.07,2.73,0.03,1.69,0.57,19.99,11.63,34.22,1.06,0.01,15.02,14.15,0.14,3.11,3.27,5.99,73.42,1.92,0.02,4.09,1.15,78.05,0.01,1.98,3.57,3.18,17.55,47.36,35.57,9.77,3.21,0.22,22.21,139.01,5.15,0.16,0.02,0.1,9.69,5.58,,0.06,3.39,2.41,,4.98,1.9,0.23,6.28,28.56,4.5,37.49,15.04,0.04,0.12,0.01,0.1,14.51,0.36,8.31,6.32,8.93,3.91,18.54,47.37,0.6,2.72,0.09,1.08,6.37,43.98,2.88,0.01,0.01,12.44,49.97,1.02,56.31,227.22,2.92,15.9,0.12,15.18,54.28,0.1,,7.94,5.85,7.41
1981-01-01,13.17,2.73,19.82,0.03,0.04,8.64,0.06,28.34,3.15,0.06,14.93,7.57,6.25,0.22,0.37,81.77,0.25,9.71,9.86,0.15,3.82,0.06,0.42,5.7,4.22,0.93,123.57,0.01,0.2,8.89,6.99,4.27,0.29,6.75,8.89,24.82,0.02,2.26,4.61,11.58,993.88,27.5,0.32,27.04,1.83,2.46,8.39,4.61,9.9,0.15,0.69,10.3,5.12,0.37,0.08,5.94,8.2,44.4,4.67,0.26,1.78,1.49,0.61,35.98,0.04,0.65,4.8,55.43,0.16,0.74,0.66,4.5,78.41,11.35,0.03,9.73,0.05,0.09,0.11,7.47,4.97,0.79,0.78,5.77,3.79,5.18,10.71,0.23,715.38,150.94,40.2,14.04,3.45,0.06,3.96,56.5,2.2,117.65,2.46,14.96,17.06,0.06,17.73,38.72,1.44,3.69,3.32,2.52,2.59,1.38,1.92,3.35,0.03,3.43,0.37,0.24,8.97,6.41,14.13,0.16,7.23,0.32,0.03,1.59,0.98,69.41,0.08,2.75,0.03,1.73,0.58,20.48,11.91,34.98,1.08,0.01,15.37,14.25,0.14,3.12,3.36,6.16,75.44,1.94,0.02,4.1,1.22,80.68,0.01,2.03,3.67,3.27,17.99,48.67,35.9,9.85,3.24,0.25,22.35,139.94,5.33,0.16,0.02,0.1,10.31,5.74,,0.06,3.46,2.53,,5.02,1.91,0.24,6.51,29.33,4.65,37.76,15.27,0.04,0.12,0.01,0.1,15.03,0.36,8.32,6.35,9.25,4.02,19.12,48.33,0.6,2.81,0.09,1.1,6.55,44.99,2.95,0.01,0.01,12.83,50.22,1.1,56.33,229.47,2.93,16.32,0.12,15.6,55.52,0.1,,8.23,6.06,7.68
1982-01-01,12.88,2.78,20.45,0.03,0.04,8.95,0.06,28.79,3.19,0.06,15.18,7.57,6.35,0.22,0.39,83.93,0.25,9.78,9.86,0.15,3.93,0.06,0.43,5.81,4.27,0.96,126.5,0.01,0.21,8.92,7.16,4.38,0.29,6.92,9.17,25.12,0.02,2.34,4.72,11.74,1008.63,28.1,0.33,27.72,1.88,2.52,8.76,4.63,9.94,0.15,0.69,10.31,5.12,0.39,0.08,6.07,8.41,45.54,4.74,0.28,1.84,1.5,0.63,37.0,0.04,0.67,4.83,55.72,0.16,0.76,0.68,4.54,78.33,11.68,0.03,9.79,0.05,0.09,0.11,7.65,5.08,0.81,0.78,5.91,3.91,5.26,10.71,0.23,732.24,154.47,41.87,14.43,3.49,0.06,4.03,56.54,2.23,118.45,2.56,15.13,17.74,0.06,18.01,39.33,1.51,3.76,3.4,2.53,2.61,1.42,1.99,3.48,0.03,3.46,0.37,0.25,9.23,6.57,14.47,0.17,7.39,0.33,0.03,1.63,0.99,71.06,0.08,2.78,0.03,1.78,0.59,20.98,12.19,35.73,1.11,0.01,15.73,14.31,0.15,3.16,3.46,6.34,77.43,1.96,0.02,4.11,1.29,83.43,0.01,2.07,3.77,3.37,18.43,50.02,36.23,9.91,3.28,0.28,22.48,140.82,5.5,0.16,0.02,0.1,10.99,5.91,,0.06,3.54,2.65,,5.06,1.91,0.25,6.61,30.15,4.8,37.99,15.5,0.04,0.12,0.01,0.1,15.56,0.36,8.33,6.39,9.59,4.14,19.72,49.26,0.61,2.92,0.09,1.12,6.74,46.03,3.02,0.01,0.01,13.22,50.38,1.16,56.31,231.66,2.95,16.75,0.12,16.02,56.81,0.1,,8.54,6.27,7.96
1983-01-01,12.54,2.84,21.1,0.04,0.04,9.28,0.06,29.26,3.24,0.06,15.37,7.56,6.45,0.23,0.4,86.14,0.25,9.84,9.86,0.16,4.04,0.06,0.44,5.93,4.31,1.0,129.45,0.01,0.21,8.94,7.34,4.5,0.3,7.17,9.46,25.37,0.02,2.41,4.83,11.91,1023.31,28.71,0.34,28.4,1.94,2.59,9.14,4.66,9.98,0.15,0.69,10.32,5.11,0.39,0.07,6.2,8.62,46.73,4.8,0.31,1.89,1.51,0.65,38.14,0.04,0.69,4.86,56.02,0.17,0.78,0.7,4.58,78.13,12.03,0.03,9.85,0.05,0.1,0.11,7.85,5.2,0.83,0.78,6.05,4.03,5.35,10.69,0.24,749.43,158.01,43.64,14.82,3.51,0.06,4.11,56.56,2.27,119.26,2.67,15.3,18.43,0.06,18.3,39.91,1.58,3.84,3.49,2.55,2.62,1.45,2.06,3.61,0.03,3.49,0.37,0.26,9.5,6.74,14.82,0.18,7.55,0.33,0.03,1.68,1.0,72.71,0.08,2.81,0.03,1.82,0.59,21.5,12.44,36.49,1.13,0.01,16.1,14.37,0.15,3.2,3.55,6.53,79.41,1.97,0.02,4.13,1.36,86.29,0.01,2.12,3.87,3.47,18.87,51.41,36.57,9.96,3.31,0.31,22.56,141.67,5.69,0.16,0.02,0.1,11.7,6.09,,0.06,3.62,2.68,,5.09,1.92,0.25,6.62,30.99,4.95,38.17,15.72,0.04,0.12,0.01,0.1,16.11,0.36,8.33,6.42,9.94,4.27,20.34,50.17,0.63,3.03,0.09,1.14,6.94,47.07,3.09,0.01,0.01,13.64,50.56,1.23,56.33,233.79,2.97,17.18,0.12,16.44,58.15,0.1,,8.87,6.48,8.25
1984-01-01,12.2,2.9,21.76,0.04,0.04,9.61,0.06,29.74,3.29,0.06,15.54,7.56,6.56,0.23,0.41,88.42,0.26,9.91,9.86,0.16,4.16,0.06,0.45,6.05,4.35,1.03,132.38,0.01,0.22,8.96,7.53,4.62,0.31,7.45,9.76,25.61,0.02,2.48,4.96,12.08,1036.82,29.33,0.35,29.12,2.0,2.66,9.53,4.68,10.03,0.15,0.7,10.33,5.11,0.41,0.07,6.33,8.84,47.97,4.87,0.33,1.95,1.52,0.68,39.37,0.04,0.7,4.88,56.34,0.17,0.81,0.73,4.62,77.86,12.41,0.03,9.9,0.05,0.1,0.11,8.04,5.33,0.85,0.78,6.19,4.15,5.4,10.67,0.24,766.83,161.52,45.47,15.19,3.53,0.06,4.16,56.58,2.31,120.02,2.78,15.48,19.15,0.06,18.59,40.41,1.65,3.92,3.59,2.56,2.64,1.49,2.11,3.75,0.03,3.51,0.37,0.27,9.78,6.96,15.19,0.18,7.69,0.33,0.04,1.73,1.01,74.35,0.08,2.84,0.03,1.87,0.6,22.0,12.64,37.24,1.16,0.01,16.48,14.42,0.15,3.23,3.64,6.72,81.45,1.97,0.03,4.14,1.43,89.21,0.01,2.17,3.98,3.57,19.32,52.83,36.9,10.0,3.34,0.34,22.64,142.74,5.9,0.16,0.02,0.1,12.42,6.28,,0.06,3.71,2.73,,5.13,1.93,0.26,6.61,31.84,5.1,38.33,15.95,0.04,0.12,0.01,0.1,16.66,0.36,8.34,6.44,10.29,4.4,20.98,51.09,0.64,3.14,0.09,1.16,7.14,48.11,3.17,0.01,0.01,14.08,50.75,1.29,56.42,235.82,2.99,17.62,0.13,16.88,59.51,0.1,,9.21,6.7,8.56
1985-01-01,11.94,2.96,22.43,0.04,0.04,9.96,0.06,30.22,3.34,0.06,15.76,7.56,6.67,0.23,0.42,90.76,0.26,9.98,9.86,0.16,4.28,0.06,0.46,6.18,4.39,1.07,135.27,0.01,0.22,8.96,7.73,4.75,0.31,7.71,10.07,25.84,0.02,2.54,5.1,12.26,1051.04,29.95,0.36,29.88,2.05,2.74,9.92,4.7,10.1,0.15,0.7,10.34,5.11,0.43,0.07,6.46,9.07,49.26,4.94,0.35,2.0,1.53,0.7,40.65,0.05,0.71,4.9,56.65,0.18,0.83,0.76,4.66,77.68,12.78,0.03,9.93,0.05,0.1,0.12,8.24,5.47,0.87,0.77,6.34,4.28,5.46,10.65,0.24,784.36,164.98,47.35,15.56,3.54,0.06,4.23,56.59,2.34,120.75,2.9,15.67,19.88,0.06,18.88,40.81,1.74,3.99,3.69,2.58,2.65,1.53,2.15,3.87,0.03,3.54,0.37,0.28,10.06,7.27,15.6,0.19,7.83,0.34,0.04,1.78,1.02,75.98,0.09,2.87,0.03,1.92,0.61,22.5,12.76,37.98,1.2,0.01,16.86,14.49,0.15,3.25,3.73,6.92,83.56,1.98,0.03,4.15,1.5,92.19,0.01,2.22,4.08,3.68,19.77,54.28,37.2,10.02,3.38,0.37,22.73,143.86,6.15,0.16,0.02,0.1,13.12,6.47,,0.07,3.81,2.74,,5.16,1.94,0.27,6.65,32.68,5.22,38.47,16.18,0.04,0.13,0.01,0.1,17.21,0.37,8.35,6.47,10.65,4.54,21.63,52.03,0.66,3.25,0.09,1.17,7.33,49.13,3.24,0.01,0.01,14.56,50.92,1.37,56.55,237.92,3.01,18.06,0.13,17.32,60.9,0.1,,9.57,6.92,8.88
1986-01-01,11.74,3.02,23.1,0.04,0.05,10.32,0.06,30.7,3.39,0.06,16.02,7.57,6.78,0.24,0.43,93.19,0.26,10.04,9.86,0.17,4.4,0.06,0.48,6.31,4.44,1.11,138.11,0.01,0.23,8.96,7.93,4.89,0.32,7.96,10.4,26.1,0.02,2.6,5.25,12.45,1066.79,30.57,0.37,30.68,2.11,2.81,10.31,4.72,10.18,0.15,0.71,10.34,5.12,0.45,0.07,6.6,9.29,50.6,5.0,0.37,2.06,1.54,0.72,41.97,0.05,0.72,4.92,56.98,0.18,0.85,0.79,4.7,77.72,13.16,0.03,9.97,0.05,0.1,0.12,8.44,5.63,0.89,0.76,6.48,4.41,5.52,10.63,0.24,801.98,168.37,49.26,15.91,3.54,0.07,4.3,56.6,2.36,121.49,3.02,15.85,20.62,0.07,19.16,41.21,1.83,4.07,3.79,2.6,2.66,1.56,2.16,3.99,0.03,3.58,0.37,0.3,10.35,7.67,16.04,0.2,7.95,0.34,0.04,1.83,1.03,77.6,0.09,2.89,0.03,1.98,0.61,22.98,12.81,38.7,1.24,0.01,17.24,14.57,0.16,3.25,3.82,7.12,85.77,1.99,0.03,4.17,1.56,95.22,0.01,2.27,4.19,3.78,20.23,55.76,37.46,10.03,3.41,0.4,22.84,144.89,6.44,0.16,0.02,0.11,13.79,6.67,,0.07,3.92,2.73,,5.19,1.97,0.28,6.74,33.5,5.33,38.58,16.41,0.04,0.13,0.01,0.11,17.76,0.37,8.37,6.5,11.0,4.69,22.3,52.98,0.67,3.36,0.09,1.18,7.52,50.13,3.32,0.01,0.01,15.07,51.1,1.45,56.68,240.13,3.03,18.52,0.13,17.77,62.29,0.1,,9.94,7.15,9.2
1987-01-01,11.6,3.08,23.77,0.04,0.05,10.69,0.06,31.18,3.45,0.06,16.26,7.57,6.89,0.24,0.45,95.67,0.26,10.11,9.87,0.17,4.54,0.06,0.49,6.44,4.48,1.15,140.89,0.02,0.24,8.97,8.14,5.03,0.32,8.2,10.73,26.45,0.02,2.65,5.41,12.64,1084.04,31.2,0.38,31.53,2.17,2.88,10.7,4.74,10.29,0.15,0.72,10.35,5.13,0.49,0.07,6.73,9.52,51.99,5.07,0.38,2.13,1.55,0.75,43.33,0.05,0.72,4.93,57.3,0.19,0.87,0.83,4.74,77.84,13.55,0.03,10.0,0.05,0.1,0.12,8.64,5.8,0.91,0.76,6.62,4.54,5.58,10.61,0.25,819.68,171.7,51.19,16.26,3.54,0.07,4.37,56.6,2.38,122.09,3.13,16.04,21.38,0.07,19.43,41.62,1.94,4.14,3.91,2.63,2.67,1.6,2.15,4.11,0.03,3.62,0.37,0.31,10.65,8.14,16.52,0.2,8.06,0.34,0.04,1.88,1.04,79.2,0.09,2.92,0.03,2.03,0.61,23.45,12.79,39.4,1.29,0.01,17.62,14.67,0.16,3.27,3.91,7.33,88.05,1.99,0.04,4.19,1.62,98.29,0.01,2.32,4.29,3.89,20.69,57.26,37.67,10.03,3.44,0.42,22.95,145.91,6.78,0.16,0.02,0.11,14.45,6.88,,0.07,4.04,2.77,,5.22,1.99,0.29,6.86,34.3,5.42,38.68,16.64,0.04,0.13,0.02,0.11,18.3,0.38,8.4,6.55,11.36,4.84,22.97,53.95,0.69,3.47,0.09,1.19,7.7,51.1,3.41,0.01,0.01,15.61,51.29,1.53,56.8,242.29,3.05,18.98,0.14,18.23,63.7,0.1,,10.32,7.37,9.53
1988-01-01,11.62,3.14,24.44,0.04,0.05,11.07,0.06,31.67,3.5,0.06,16.53,7.59,7.01,0.25,0.47,98.19,0.26,10.14,9.9,0.18,4.67,0.06,0.51,6.58,4.51,1.2,143.63,0.02,0.24,8.98,8.36,5.17,0.33,8.44,11.08,26.79,0.02,2.69,5.59,12.85,1101.63,31.82,0.39,32.44,2.23,2.96,11.09,4.76,10.4,0.15,0.74,10.36,5.13,0.53,0.07,6.86,9.76,53.4,5.13,0.39,2.19,1.56,0.77,44.76,0.05,0.72,4.95,57.63,0.19,0.9,0.87,4.79,78.14,13.95,0.03,10.04,0.05,0.1,0.12,8.84,5.98,0.93,0.75,6.76,4.68,5.63,10.6,0.25,837.47,174.98,53.08,16.61,3.52,0.07,4.44,56.63,2.39,122.61,3.26,16.21,22.15,0.07,19.71,42.03,2.03,4.22,4.02,2.65,2.68,1.63,2.13,4.22,0.03,3.66,0.37,0.32,10.95,8.64,17.02,0.21,8.17,0.35,0.04,1.93,1.04,80.79,0.09,2.94,0.03,2.09,0.61,23.9,12.76,40.09,1.34,0.01,18.02,14.76,0.16,3.28,4.0,7.55,90.4,2.0,0.04,4.21,1.68,101.39,0.01,2.37,4.4,4.0,21.15,58.8,37.82,10.02,3.47,0.44,23.06,146.86,7.09,0.16,0.02,0.11,15.07,7.09,,0.07,4.16,2.85,,5.25,2.0,0.29,7.01,35.1,5.49,38.77,16.88,0.04,0.13,0.02,0.11,18.87,0.39,8.44,6.59,11.72,5.0,23.67,54.89,0.7,3.58,0.09,1.2,7.88,52.05,3.49,0.01,0.01,16.18,51.52,1.63,56.93,244.5,3.07,19.44,0.14,18.7,65.12,0.1,,10.73,7.6,9.85
1989-01-01,11.87,3.23,25.11,0.05,0.05,11.45,0.06,32.15,3.54,0.06,16.81,7.62,7.13,0.25,0.48,100.7,0.26,10.17,9.94,0.18,4.82,0.06,0.52,6.72,4.51,1.24,146.33,0.02,0.25,8.88,8.58,5.31,0.33,8.69,11.43,27.28,0.02,2.75,5.77,13.06,1118.65,32.46,0.4,33.46,2.29,3.04,11.5,4.77,10.5,0.15,0.75,10.36,5.13,0.56,0.07,7.0,9.99,54.79,5.2,0.41,2.23,1.57,0.8,46.27,0.05,0.72,4.96,57.94,0.2,0.92,0.92,4.8,78.75,14.35,0.03,10.09,0.06,0.1,0.13,9.05,6.17,0.95,0.75,6.9,4.81,5.69,10.48,0.25,855.33,178.21,54.82,16.99,3.51,0.07,4.52,56.67,2.4,123.12,3.4,16.25,22.94,0.07,19.99,42.45,2.09,4.31,4.14,2.67,2.73,1.67,2.11,4.33,0.03,3.68,0.38,0.33,11.27,9.08,17.53,0.22,8.3,0.35,0.05,1.98,1.05,82.37,0.09,2.96,0.03,2.14,0.61,24.36,12.81,40.73,1.39,0.01,18.45,14.85,0.17,3.3,4.08,7.78,92.79,2.0,0.04,4.23,1.74,104.51,0.01,2.42,4.51,4.11,21.61,60.34,37.96,10.01,3.51,0.46,23.16,147.72,7.28,0.16,0.02,0.12,15.67,7.3,,0.07,4.25,2.93,,5.28,2.0,0.3,7.13,35.93,5.51,38.83,17.11,0.04,0.14,0.03,0.11,19.48,0.4,8.49,6.65,12.08,5.15,24.41,55.77,0.72,3.68,0.09,1.21,8.06,52.99,3.59,0.01,0.01,16.76,51.77,1.73,57.08,246.82,3.09,19.92,0.14,19.17,66.55,0.1,,11.19,7.82,10.15
1990-01-01,12.41,3.29,25.76,0.05,0.05,11.85,0.06,32.62,3.54,0.06,17.07,7.68,7.16,0.26,0.5,103.17,0.26,10.19,9.97,0.19,4.98,0.06,0.53,6.86,4.46,1.29,149.0,0.02,0.26,8.72,8.81,5.44,0.34,8.98,11.78,27.69,0.03,2.81,5.96,13.27,1135.18,33.1,0.41,34.61,2.36,3.12,11.92,4.78,10.6,0.15,0.77,10.33,5.14,0.59,0.07,7.13,10.23,56.13,5.27,0.42,2.26,1.57,0.82,47.89,0.05,0.73,4.99,58.24,0.2,0.95,0.96,4.8,79.43,14.77,0.03,10.2,0.06,0.1,0.13,9.26,6.35,0.98,0.74,7.04,4.96,5.7,10.37,0.25,873.28,181.41,56.37,17.42,3.51,0.07,4.66,56.72,2.42,123.54,3.57,16.35,23.72,0.07,20.29,42.87,2.1,4.39,4.26,2.66,2.8,1.7,2.08,4.44,0.03,3.7,0.38,0.34,11.6,9.4,18.03,0.22,8.45,0.35,0.05,2.03,1.06,83.94,0.1,2.97,0.03,2.18,0.61,24.81,12.99,41.34,1.43,0.01,18.91,14.95,0.17,3.33,4.17,8.03,95.21,2.0,0.05,4.24,1.81,107.65,0.02,2.47,4.62,4.22,22.07,61.9,38.11,9.98,3.54,0.48,23.2,148.29,7.29,0.16,0.02,0.12,16.23,7.53,7.59,0.07,4.32,3.05,,5.3,2.0,0.31,7.23,36.8,5.49,38.87,17.33,0.04,0.14,0.03,0.11,20.15,0.41,8.56,6.72,12.45,5.28,25.2,56.56,0.74,3.77,0.1,1.22,8.24,53.92,3.68,0.01,0.01,17.35,51.89,1.83,57.25,249.62,3.11,20.51,0.15,19.63,67.99,0.1,1.98,11.71,8.04,10.43
1991-01-01,13.3,3.27,26.4,0.05,0.06,12.25,0.06,33.08,3.51,0.06,17.28,7.75,7.27,0.26,0.51,105.6,0.26,10.19,10.0,0.19,5.15,0.06,0.53,7.01,4.37,1.33,151.65,0.02,0.27,8.63,9.05,5.56,0.35,9.29,12.14,28.04,0.03,2.88,6.16,13.5,1150.78,33.76,0.42,35.91,2.42,3.2,12.36,4.69,10.67,0.14,0.78,10.31,5.15,0.61,0.07,7.27,10.47,57.42,5.34,0.43,2.27,1.56,0.85,49.61,0.05,0.74,5.01,58.56,0.2,0.98,0.99,4.84,80.01,15.21,0.03,10.32,0.06,0.1,0.13,9.48,6.53,1.0,0.74,7.18,5.1,5.75,10.37,0.26,891.27,184.59,57.68,17.89,3.53,0.07,4.95,56.76,2.44,123.92,3.76,16.45,24.52,0.07,20.61,43.3,2.03,4.46,4.38,2.65,2.92,1.74,2.04,4.54,0.03,3.7,0.39,0.35,11.94,9.6,18.52,0.23,8.64,0.36,0.05,2.09,1.07,85.51,0.1,2.98,0.03,2.22,0.61,25.26,13.33,41.89,1.48,0.01,19.41,15.07,0.18,3.5,4.27,8.29,97.67,1.99,0.05,4.26,1.89,110.78,0.02,2.52,4.73,4.33,22.52,63.45,38.25,9.96,3.56,0.49,23.0,148.62,7.08,0.16,0.02,0.12,16.77,7.76,7.6,0.07,4.35,3.14,,5.3,2.0,0.32,7.27,37.72,5.42,38.97,17.54,0.04,0.14,0.03,0.11,20.89,0.41,8.62,6.8,12.82,5.4,26.06,57.23,0.76,3.86,0.1,1.23,8.43,54.84,3.79,0.01,0.01,17.95,52.0,1.94,57.42,252.98,3.13,20.95,0.15,20.1,69.44,0.1,2.07,12.3,8.25,10.68
1992-01-01,14.49,3.25,27.03,0.05,0.06,12.66,0.06,33.53,3.44,0.07,17.5,7.84,7.38,0.27,0.52,107.98,0.26,10.22,10.05,0.19,5.33,0.06,0.53,7.16,4.23,1.36,154.26,0.02,0.27,8.54,9.3,5.69,0.36,9.62,12.5,28.37,0.03,2.96,6.36,13.72,1164.97,34.42,0.44,37.33,2.49,3.29,12.81,4.58,10.74,0.14,0.8,10.32,5.17,0.62,0.07,7.41,10.72,58.67,5.42,0.45,2.26,1.53,0.87,51.42,0.05,0.74,5.04,58.85,0.21,1.0,1.03,4.87,80.62,15.65,0.03,10.4,0.06,0.1,0.14,9.71,6.72,1.02,0.75,7.32,5.24,5.8,10.37,0.26,909.31,187.74,58.78,18.4,3.56,0.07,5.12,56.8,2.46,124.23,3.98,16.44,25.33,0.07,20.94,43.75,,4.52,4.5,2.61,3.08,1.78,2.0,4.65,0.03,3.7,0.39,0.36,12.3,9.69,19.0,0.24,8.85,0.37,0.05,2.14,1.08,87.08,0.1,2.98,0.03,2.24,0.61,25.71,13.81,42.4,1.52,0.01,19.94,15.18,0.18,3.53,4.36,8.57,100.16,1.99,0.05,4.29,1.98,113.91,0.02,2.58,4.84,4.45,22.97,65.02,38.36,9.95,3.59,0.5,22.79,148.69,6.7,0.17,0.02,0.12,17.28,7.99,7.65,0.07,4.35,3.23,,5.31,2.0,0.33,7.3,38.67,5.31,39.16,17.74,0.04,0.14,0.03,0.11,21.7,0.42,8.67,6.88,13.19,5.5,26.96,57.81,0.78,3.95,0.1,1.24,8.61,55.75,3.9,0.01,0.01,18.56,52.15,2.05,57.58,256.51,3.15,21.45,0.16,20.56,70.88,0.11,2.16,12.95,8.45,10.9
1993-01-01,15.82,3.23,27.64,0.05,0.06,13.08,0.07,33.97,3.36,0.07,17.67,7.91,7.5,0.27,0.54,110.35,0.26,10.24,10.08,0.2,5.52,0.06,0.53,7.31,4.08,1.4,156.85,0.02,0.28,8.47,9.55,5.8,0.37,9.97,12.86,28.68,0.03,3.05,6.56,13.94,1178.44,35.09,0.45,38.82,2.56,3.37,13.27,4.6,10.79,0.14,0.82,10.33,5.19,0.62,0.07,7.55,10.96,59.88,5.49,0.46,2.24,1.49,0.89,53.3,0.05,0.75,5.07,59.11,0.21,1.03,1.06,4.91,81.16,16.11,0.03,10.46,0.06,0.1,0.14,9.94,6.9,1.04,0.75,7.46,5.39,5.9,10.36,0.26,927.4,190.85,59.72,18.96,3.58,0.07,5.26,56.83,2.48,124.54,4.2,16.33,26.14,0.08,21.27,44.19,,4.52,4.62,2.56,3.25,1.82,1.98,4.76,0.03,3.68,0.4,0.37,12.68,9.71,19.48,0.24,9.09,0.37,0.05,2.2,1.1,88.63,0.1,2.97,0.03,2.26,0.61,26.16,14.37,42.89,1.56,0.01,20.49,15.29,0.18,3.57,4.46,8.86,102.7,1.98,0.05,4.31,2.07,117.09,0.02,2.63,4.95,4.56,23.41,66.59,38.46,9.96,3.62,0.5,22.76,148.52,6.26,0.17,0.03,0.13,17.76,8.23,7.7,0.07,4.33,3.31,,5.33,1.99,0.34,7.32,39.63,5.19,39.36,17.92,0.04,0.14,0.03,0.11,22.53,0.43,8.72,6.94,13.57,5.59,27.89,58.34,0.81,4.03,0.1,1.24,8.8,56.65,4.01,0.01,0.01,19.18,52.18,2.17,57.72,259.92,3.18,21.94,0.16,21.02,72.3,0.11,2.26,13.63,8.66,11.09
1994-01-01,17.08,3.21,28.21,0.05,0.06,13.5,0.07,34.4,3.28,0.08,17.86,7.94,7.6,0.28,0.55,112.74,0.26,10.23,10.12,0.2,5.71,0.06,0.53,7.47,3.94,1.43,159.43,0.02,0.29,8.44,9.82,5.9,0.38,10.32,13.23,29.0,0.03,3.14,6.78,14.17,1191.84,35.76,0.46,40.25,2.63,3.46,13.74,4.65,10.84,0.14,0.84,10.33,5.21,0.62,0.07,7.68,11.21,61.1,5.56,0.48,2.22,1.46,0.91,55.18,0.05,0.77,5.09,59.33,0.21,1.06,1.09,4.84,81.44,16.56,0.03,10.51,0.06,0.1,0.14,10.17,7.08,1.07,0.76,7.6,5.55,6.04,10.34,0.27,945.6,193.92,60.59,19.54,3.59,0.07,5.4,56.84,2.51,124.96,4.41,16.1,26.95,0.08,21.58,44.64,,4.52,4.74,2.52,3.4,1.86,1.99,4.85,0.03,3.66,0.4,0.38,13.07,9.75,19.98,0.25,9.33,0.37,0.05,2.26,1.11,90.16,0.11,2.96,0.03,2.28,0.61,26.58,14.95,43.38,1.59,0.01,21.04,15.38,0.19,3.62,4.56,9.17,105.29,1.98,0.05,4.34,2.15,120.36,0.02,2.68,5.07,4.67,23.85,68.18,38.54,9.99,3.65,0.51,22.73,148.34,5.94,0.17,0.03,0.13,18.21,8.46,7.73,0.07,4.31,3.42,,5.35,1.99,0.35,7.37,40.56,5.11,39.55,18.09,0.04,0.15,0.03,0.11,23.34,0.44,8.78,6.99,13.95,5.68,28.79,58.88,0.83,4.12,0.1,1.25,8.97,57.56,4.12,0.02,0.01,19.79,51.92,2.29,57.87,263.13,3.2,22.38,0.16,21.47,73.65,0.11,2.37,14.3,8.87,11.26
1995-01-01,18.11,3.19,28.76,0.05,0.06,13.95,0.07,34.83,3.22,0.08,18.07,7.95,7.68,0.28,0.56,115.17,0.27,10.19,10.14,0.21,5.91,0.06,0.53,7.62,3.83,1.47,162.02,0.02,0.3,8.41,10.09,5.99,0.39,10.66,13.6,29.3,0.03,3.22,7.01,14.38,1204.86,36.42,0.48,41.58,2.71,3.55,14.2,4.62,10.89,0.15,0.86,10.33,5.23,0.63,0.07,7.82,11.46,62.33,5.63,0.5,2.2,1.44,0.93,57.05,0.05,0.78,5.11,59.54,0.22,1.08,1.13,4.66,81.68,17.01,0.03,10.56,0.06,0.1,0.15,10.41,7.27,1.09,0.76,7.74,5.71,6.16,10.33,0.27,963.92,196.93,61.44,20.15,3.61,0.07,5.54,56.84,2.53,125.44,4.59,15.82,27.77,0.08,21.86,45.09,1.61,4.56,4.85,2.49,3.53,1.9,2.04,4.95,0.03,3.63,0.41,0.39,13.48,9.84,20.49,0.25,9.59,0.38,0.05,2.31,1.12,91.66,0.11,2.95,0.03,2.3,0.61,26.99,15.48,43.9,1.63,0.01,21.58,15.46,0.19,3.67,4.65,9.49,107.95,1.98,0.05,4.36,2.2,123.78,0.02,2.74,5.19,4.78,24.3,69.78,38.59,10.03,3.68,0.51,22.68,148.38,5.84,0.17,0.03,0.13,18.64,8.69,7.63,0.08,4.3,3.52,,5.36,1.99,0.36,7.49,41.44,5.12,39.72,18.24,0.04,0.15,0.03,0.11,24.09,0.44,8.83,7.04,14.35,5.76,29.65,59.47,0.84,4.23,0.1,1.25,9.13,58.49,4.21,0.02,0.01,20.41,51.51,2.42,58.02,266.28,3.22,22.78,0.17,21.93,74.91,0.11,2.47,14.91,9.1,11.41
1996-01-01,18.85,3.17,29.27,0.05,0.06,14.4,0.07,35.25,3.17,0.08,18.31,7.96,7.76,0.28,0.58,117.65,0.27,10.16,10.16,0.21,6.09,0.06,0.54,7.78,3.76,1.5,164.61,0.02,0.3,8.36,10.37,6.06,0.4,10.98,13.97,29.61,0.03,3.31,7.25,14.59,1217.55,37.08,0.49,42.76,2.79,3.63,14.67,4.56,10.94,0.15,0.87,10.32,5.26,0.64,0.07,7.95,11.7,63.6,5.69,0.52,2.2,1.42,0.95,58.88,0.05,0.78,5.12,59.75,0.22,1.11,1.16,4.49,81.91,17.46,0.03,10.61,0.06,0.1,0.15,10.65,7.46,1.11,0.76,7.89,5.87,6.44,10.31,0.27,982.37,199.9,62.29,20.78,3.64,0.07,5.69,56.86,2.56,125.76,4.73,15.58,28.59,0.08,22.11,45.52,1.63,4.63,4.95,2.46,3.61,1.93,2.16,5.04,0.03,3.6,0.41,0.39,13.9,10.02,21.02,0.26,9.84,0.38,0.05,2.37,1.13,93.15,0.11,2.95,0.03,2.32,0.61,27.38,15.96,44.45,1.66,0.01,22.09,15.53,0.2,3.73,4.74,9.83,110.67,1.99,0.05,4.38,2.24,127.35,0.02,2.8,5.31,4.89,24.75,71.4,38.62,10.06,3.72,0.52,22.62,148.16,6.01,0.17,0.03,0.13,19.03,8.91,7.62,0.08,4.31,3.67,,5.37,1.99,0.37,7.68,42.24,5.22,39.89,18.37,0.04,0.15,0.03,0.11,24.78,0.45,8.84,7.07,14.75,5.85,30.44,60.13,0.86,4.35,0.1,1.26,9.27,59.42,4.29,0.02,0.01,21.03,51.06,2.54,58.17,269.39,3.25,23.22,0.17,22.39,76.07,0.11,2.59,15.47,9.34,11.54
1997-01-01,19.36,3.15,29.74,0.06,0.06,14.87,0.07,35.66,3.13,0.09,18.52,7.97,7.84,0.29,0.59,120.16,0.27,10.12,10.18,0.22,6.28,0.06,0.55,7.94,3.74,1.54,167.21,0.02,0.31,8.31,10.67,6.12,0.4,11.3,14.34,29.91,0.04,3.39,7.5,14.79,1230.08,37.72,0.5,43.83,2.87,3.72,15.13,4.53,10.99,0.15,0.89,10.3,5.28,0.66,0.07,8.08,11.95,64.89,5.75,0.54,2.2,1.4,0.96,60.7,0.05,0.79,5.14,59.96,0.23,1.14,1.2,4.35,82.03,17.91,0.03,10.66,0.06,0.1,0.15,10.89,7.66,1.13,0.76,8.03,6.05,6.49,10.29,0.27,1000.9,202.83,63.14,21.44,3.67,0.07,5.84,56.89,2.58,126.06,4.85,15.33,29.42,0.08,22.34,45.95,1.71,4.7,5.05,2.43,3.66,1.97,2.33,5.12,0.03,3.58,0.42,0.4,14.35,10.26,21.56,0.26,10.09,0.38,0.05,2.43,1.15,94.61,0.11,2.94,0.03,2.34,0.61,27.75,16.4,45.03,1.7,0.01,22.58,15.61,0.2,3.78,4.83,10.18,113.46,2.0,0.05,4.41,2.25,131.06,0.02,2.85,5.45,5.0,25.21,73.03,38.65,10.11,3.76,0.54,22.55,147.92,6.42,0.17,0.03,0.14,19.41,9.13,7.6,0.08,4.34,3.8,,5.38,1.99,0.38,7.94,42.99,5.41,40.06,18.47,0.04,0.15,0.03,0.11,25.41,0.45,8.85,7.09,15.18,5.94,31.19,60.85,0.86,4.49,0.1,1.26,9.4,60.37,4.36,0.02,0.01,21.66,50.59,2.67,58.32,272.66,3.27,23.67,0.17,22.84,77.13,0.11,2.71,15.98,9.6,11.65
1998-01-01,19.74,3.13,30.19,0.06,0.06,15.36,0.07,36.06,3.11,0.09,18.71,7.98,7.91,0.29,0.61,122.68,0.27,10.07,10.2,0.23,6.47,0.06,0.56,8.1,3.73,1.58,169.79,0.02,0.32,8.26,10.97,6.19,0.41,11.6,14.72,30.16,0.04,3.48,7.77,14.98,1241.94,38.36,0.52,44.85,2.95,3.8,15.59,4.53,11.04,0.14,0.91,10.29,5.3,0.68,0.07,8.21,12.2,66.2,5.8,0.56,2.21,1.39,0.98,62.51,0.05,0.8,5.15,60.19,0.23,1.17,1.24,4.24,82.05,18.36,0.03,10.72,0.06,0.1,0.15,11.13,7.86,1.15,0.75,8.17,6.22,6.54,10.27,0.27,1019.48,205.72,63.97,22.11,3.71,0.07,5.97,56.91,2.61,126.4,4.94,15.07,30.25,0.08,22.54,46.29,1.83,4.77,5.14,2.41,3.69,2.0,2.52,5.2,0.03,3.55,0.42,0.41,14.81,10.55,22.11,0.27,10.36,0.39,0.05,2.5,1.16,96.06,0.11,2.93,0.03,2.36,0.61,28.11,16.81,45.61,1.73,0.01,23.06,15.71,0.21,3.82,4.91,10.55,116.32,2.01,0.05,4.43,2.25,134.84,0.02,2.91,5.58,5.11,25.66,74.67,38.66,10.16,3.78,0.55,22.51,147.67,6.96,0.17,0.03,0.14,19.78,9.35,7.57,0.08,4.38,3.93,0.03,5.39,1.98,0.39,8.24,43.68,5.66,40.22,18.56,0.04,0.15,0.03,0.11,26.02,0.46,8.85,7.11,15.6,6.03,31.92,61.59,0.87,4.63,0.1,1.26,9.51,61.33,4.41,0.02,0.01,22.29,50.14,2.81,58.49,275.85,3.29,24.05,0.18,23.29,78.12,0.11,2.78,16.45,9.87,11.75
1999-01-01,20.17,3.11,30.62,0.06,0.06,15.87,0.07,36.47,3.09,0.09,18.93,7.99,7.98,0.29,0.64,125.19,0.27,10.03,10.23,0.24,6.66,0.06,0.58,8.26,3.74,1.61,172.32,0.02,0.33,8.21,11.28,6.27,0.42,11.89,15.11,30.4,0.04,3.56,8.05,15.16,1252.73,39.0,0.53,45.92,3.04,3.89,16.03,4.51,11.08,0.14,0.93,10.28,5.32,0.7,0.07,8.34,12.44,67.52,5.84,0.58,2.24,1.39,0.99,64.34,0.05,0.81,5.17,60.5,0.24,1.2,1.28,4.16,82.1,18.81,0.03,10.76,0.06,0.1,0.15,11.39,8.05,1.18,0.75,8.32,6.4,6.61,10.24,0.28,1038.06,208.62,64.8,22.8,3.75,0.08,6.12,56.92,2.63,126.63,5.03,14.93,31.1,0.08,22.73,46.62,1.95,4.84,5.24,2.39,3.75,2.02,2.7,5.28,0.03,3.52,0.43,0.42,15.28,10.85,22.66,0.27,10.64,0.39,0.05,2.56,1.18,97.48,0.11,2.93,0.03,2.38,0.61,28.46,17.24,46.18,1.76,0.01,23.51,15.81,0.21,3.84,4.99,10.93,119.26,2.02,0.06,4.46,2.25,138.62,0.02,2.97,5.72,5.22,26.08,76.33,38.66,10.22,3.8,0.57,22.47,147.21,7.5,0.17,0.03,0.14,20.19,9.57,7.54,0.08,4.46,3.96,0.03,5.4,1.98,0.4,8.55,44.34,5.93,40.39,18.66,0.04,0.15,0.03,0.11,26.63,0.47,8.86,7.14,16.01,6.12,32.68,62.3,0.87,4.78,0.1,1.26,9.61,62.29,4.47,0.02,0.01,22.95,49.67,2.97,58.68,279.04,3.31,24.31,0.18,23.74,79.04,0.11,2.85,16.92,10.14,11.82
2000-01-01,20.78,3.09,31.04,0.06,0.07,16.4,0.08,36.87,3.07,0.09,19.15,8.01,8.05,0.3,0.66,127.66,0.27,9.98,10.25,0.25,6.87,0.06,0.59,8.42,3.75,1.64,174.79,0.02,0.33,8.17,11.61,6.38,0.43,12.16,15.51,30.69,0.04,3.64,8.36,15.34,1262.64,39.63,0.54,47.11,3.13,3.96,16.45,4.47,11.13,0.13,0.94,10.26,5.34,0.72,0.07,8.47,12.68,68.83,5.89,0.61,2.29,1.4,1.01,66.22,0.05,0.81,5.18,60.91,0.24,1.23,1.32,4.08,82.21,19.28,0.03,10.81,0.06,0.1,0.16,11.65,8.24,1.2,0.75,8.46,6.57,6.66,10.21,0.28,1056.58,211.51,65.62,23.5,3.81,0.08,6.29,56.94,2.65,126.84,5.12,14.88,31.96,0.08,22.93,47.01,2.05,4.9,5.32,2.37,3.84,2.03,2.85,5.36,0.03,3.5,0.44,0.43,15.77,11.15,23.19,0.28,10.95,0.39,0.05,2.63,1.19,98.9,0.11,2.92,0.03,2.4,0.6,28.79,17.71,46.72,1.79,0.01,23.94,15.93,0.21,3.86,5.07,11.33,122.28,2.03,0.06,4.49,2.27,142.34,0.02,3.03,5.85,5.32,26.46,77.99,38.26,10.29,3.81,0.59,22.44,146.6,7.93,0.17,0.03,0.14,20.66,9.8,7.52,0.08,4.58,4.03,0.03,5.39,1.99,0.41,8.87,44.97,6.2,40.57,18.78,0.04,0.16,0.03,0.11,27.28,0.47,8.87,7.18,16.41,6.22,33.5,62.95,0.88,4.92,0.1,1.27,9.71,63.24,4.52,0.02,0.01,23.65,49.18,3.13,58.89,282.16,3.32,24.65,0.18,24.19,79.91,0.11,2.92,17.41,10.42,11.88
2001-01-01,21.61,3.06,31.45,0.06,0.07,16.95,0.08,37.28,3.05,0.09,19.41,8.04,8.11,0.3,0.7,130.09,0.27,9.93,10.29,0.26,7.08,0.06,0.6,8.58,3.76,1.67,177.2,0.02,0.34,8.01,11.94,6.53,0.44,12.41,15.93,31.02,0.04,3.72,8.68,15.52,1271.85,40.26,0.56,48.43,3.22,4.03,16.85,4.3,11.16,0.13,0.96,10.22,5.36,0.73,0.07,8.6,12.91,70.15,5.93,0.63,2.37,1.39,1.01,68.16,0.05,0.81,5.19,61.36,0.24,1.26,1.36,4.01,82.35,19.76,0.03,10.86,0.06,0.1,0.16,11.92,8.42,1.23,0.75,8.61,6.75,6.71,10.19,0.28,1075.0,214.43,66.45,24.21,3.87,0.08,6.44,56.97,2.67,127.15,5.22,14.86,32.85,0.09,23.13,47.37,2.1,4.95,5.41,2.34,3.99,2.04,2.95,5.44,0.03,3.47,0.44,0.44,16.26,11.43,23.71,0.29,11.27,0.39,0.05,2.7,1.2,100.3,0.11,2.92,0.03,2.42,0.61,29.13,18.22,47.23,1.82,0.01,24.35,16.05,0.22,3.88,5.15,11.75,125.39,2.04,0.06,4.51,2.29,145.98,0.02,3.09,5.97,5.43,26.8,79.67,38.25,10.36,3.82,0.62,22.13,145.98,8.23,0.18,0.03,0.14,21.2,10.04,7.5,0.08,4.75,4.14,0.03,5.38,1.99,0.42,9.19,45.57,6.45,40.85,18.91,0.04,0.16,0.03,0.11,27.97,0.48,8.9,7.23,16.77,6.32,34.39,63.54,0.9,5.06,0.1,1.27,9.79,64.19,4.56,0.02,0.01,24.39,48.68,3.3,59.12,284.97,3.33,24.96,0.19,24.65,80.74,0.11,3.0,17.92,10.69,11.92
2002-01-01,22.6,3.05,31.86,0.06,0.07,17.52,0.08,37.68,3.03,0.09,19.65,8.08,8.17,0.31,0.74,132.48,0.27,9.87,10.33,0.26,7.3,0.06,0.62,8.74,3.76,1.7,179.54,0.02,0.35,7.84,12.29,6.7,0.44,12.64,16.36,31.36,0.05,3.8,9.02,15.68,1280.4,40.88,0.57,49.87,3.31,4.1,17.23,4.3,11.2,0.13,0.98,10.2,5.38,0.75,0.07,8.72,13.14,71.49,5.96,0.66,2.48,1.38,1.02,70.14,0.05,0.82,5.2,61.81,0.25,1.29,1.4,3.98,82.49,20.25,0.03,10.9,0.06,0.1,0.16,12.21,8.59,1.25,0.74,8.75,6.93,6.74,10.16,0.29,1093.32,217.36,67.28,24.93,3.93,0.08,6.57,57.06,2.69,127.44,5.32,14.86,33.75,0.09,23.34,47.64,2.14,4.99,5.49,2.31,4.18,2.03,3.02,5.53,0.03,3.44,0.45,0.45,16.77,11.71,24.21,0.29,11.62,0.4,0.05,2.78,1.2,101.68,0.11,2.91,0.03,2.44,0.61,29.45,18.76,47.7,1.85,0.01,24.73,16.15,0.22,3.95,5.22,12.19,128.6,2.05,0.06,4.54,2.33,149.55,0.02,3.15,6.1,5.53,27.1,81.37,38.23,10.42,3.82,0.64,21.73,145.31,8.43,0.18,0.03,0.15,21.81,10.28,7.5,0.08,4.97,4.18,0.03,5.38,1.99,0.44,9.5,46.15,6.69,41.43,19.06,0.05,0.16,0.03,0.11,28.7,0.48,8.92,7.28,17.08,6.43,35.33,64.07,0.92,5.2,0.1,1.28,9.87,65.15,4.61,0.02,0.01,25.17,48.2,3.48,59.37,287.63,3.33,25.27,0.19,25.1,81.53,0.11,3.08,18.44,10.97,11.95
2003-01-01,23.68,3.04,32.26,0.06,0.07,18.12,0.08,38.09,3.02,0.1,19.9,8.12,8.23,0.31,0.78,134.79,0.27,9.8,10.38,0.27,7.52,0.06,0.63,8.91,3.76,1.73,181.81,0.02,0.35,7.78,12.65,6.91,0.45,12.86,16.8,31.64,0.05,3.88,9.37,15.85,1288.4,41.48,0.58,51.43,3.41,4.16,17.6,4.3,11.23,0.13,0.99,10.19,5.39,0.76,0.07,8.85,13.37,72.83,5.99,0.69,2.6,1.37,1.02,72.17,0.05,0.82,5.21,62.24,0.25,1.32,1.45,3.95,82.53,20.75,0.03,10.93,0.06,0.1,0.16,12.5,8.75,1.28,0.75,8.9,7.11,6.73,10.13,0.29,1111.52,220.31,68.12,25.64,4.0,0.08,6.69,57.31,2.71,127.72,5.43,14.91,34.68,0.09,23.54,47.89,2.16,5.04,5.58,2.29,4.39,2.02,3.08,5.62,0.03,3.42,0.45,0.46,17.28,12.0,24.7,0.3,11.98,0.4,0.05,2.86,1.21,103.08,0.11,2.9,0.03,2.47,0.61,29.78,19.33,48.15,1.88,0.01,25.08,16.23,0.23,4.03,5.29,12.65,131.9,2.05,0.06,4.56,2.39,153.09,0.02,3.21,6.22,5.63,27.37,83.05,38.2,10.46,3.83,0.68,21.57,144.65,8.56,0.18,0.03,0.15,22.46,10.54,7.48,0.08,5.2,4.11,0.03,5.37,2.0,0.45,9.82,46.72,6.94,42.19,19.22,0.05,0.16,0.03,0.11,29.46,0.49,8.96,7.34,17.42,6.54,36.34,64.55,0.95,5.33,0.1,1.28,9.95,66.09,4.66,0.03,0.01,25.98,47.81,3.71,59.65,290.11,3.32,25.57,0.2,25.55,82.3,0.11,3.15,18.98,11.26,11.98
2004-01-01,24.73,3.03,32.69,0.06,0.08,18.76,0.08,38.49,3.0,0.1,20.13,8.17,8.31,0.32,0.83,136.99,0.28,9.73,10.42,0.28,7.75,0.06,0.64,9.07,3.76,1.77,184.01,0.02,0.36,7.72,13.03,7.13,0.46,13.07,17.26,31.94,0.05,3.96,9.73,16.01,1296.08,42.08,0.6,53.07,3.51,4.23,17.97,4.3,11.25,0.13,1.01,10.2,5.4,0.77,0.07,8.97,13.6,74.17,6.02,0.72,2.72,1.36,1.03,74.24,0.05,0.82,5.23,62.7,0.26,1.35,1.5,3.93,82.52,21.27,0.03,10.96,0.06,0.1,0.16,12.8,8.93,1.31,0.75,9.05,7.28,6.78,10.11,0.29,1129.62,223.29,68.95,26.31,4.07,0.08,6.81,57.69,2.73,127.76,5.58,15.01,35.64,0.09,23.73,48.08,2.2,5.1,5.66,2.26,4.57,2.01,3.14,5.71,0.03,3.38,0.46,0.47,17.8,12.3,25.19,0.31,12.37,0.4,0.05,2.94,1.22,104.51,0.11,2.9,0.03,2.5,0.61,30.12,19.91,48.56,1.91,0.01,25.42,16.28,0.23,4.09,5.36,13.13,135.32,2.06,0.06,4.59,2.45,156.66,0.02,3.27,6.35,5.73,27.62,84.71,38.18,10.48,3.83,0.75,21.45,144.07,8.68,0.18,0.03,0.15,23.13,10.81,7.46,0.08,5.43,4.17,0.03,5.37,2.0,0.46,10.13,47.29,7.21,42.92,19.39,0.05,0.16,0.03,0.11,30.21,0.49,8.99,7.39,17.83,6.66,37.38,65.0,0.97,5.47,0.1,1.29,10.02,67.01,4.7,0.03,0.01,26.82,47.45,4.07,59.99,292.81,3.32,25.86,0.2,26.0,83.06,0.11,3.24,19.54,11.55,12.02
2005-01-01,25.65,3.01,33.15,0.06,0.08,19.43,0.08,38.89,2.98,0.1,20.39,8.23,8.39,0.32,0.89,139.04,0.28,9.66,10.48,0.28,7.98,0.06,0.65,9.23,3.77,1.8,186.13,0.02,0.37,7.66,13.42,7.36,0.46,13.27,17.73,32.24,0.05,4.04,10.1,16.18,1303.72,42.65,0.61,54.79,3.62,4.29,18.35,4.31,11.26,0.14,1.03,10.21,5.42,0.78,0.07,9.1,13.83,75.52,6.05,0.75,2.83,1.35,1.03,76.35,0.05,0.82,5.25,63.18,0.26,1.39,1.54,3.9,82.47,21.81,0.03,10.99,0.06,0.1,0.16,13.1,9.11,1.34,0.75,9.2,7.46,6.81,10.09,0.3,1147.61,226.29,69.76,26.92,4.16,0.08,6.93,57.97,2.74,127.77,5.77,15.15,36.62,0.09,23.9,48.18,2.27,5.16,5.75,2.24,4.7,2.0,3.22,5.8,0.03,3.32,0.47,0.48,18.34,12.63,25.69,0.32,12.78,0.4,0.06,3.02,1.23,106.01,0.11,2.89,0.03,2.53,0.61,30.46,20.49,48.95,1.94,0.01,25.74,16.32,0.23,4.13,5.44,13.62,138.87,2.06,0.06,4.62,2.51,160.3,0.02,3.33,6.49,5.82,27.87,86.33,38.17,10.5,3.82,0.87,21.32,143.52,8.84,0.18,0.03,0.16,23.82,11.09,7.44,0.08,5.65,4.27,0.03,5.37,2.0,0.47,10.45,47.88,7.54,43.65,19.54,0.05,0.16,0.03,0.11,30.95,0.5,9.03,7.44,18.36,6.79,38.45,65.42,1.0,5.61,0.1,1.3,10.11,67.9,4.75,0.03,0.01,27.68,47.11,4.59,60.4,295.52,3.32,26.17,0.21,26.43,83.83,0.11,3.32,20.11,11.86,12.08
2006-01-01,26.43,2.99,33.64,0.06,0.08,20.15,0.08,39.29,2.96,0.1,20.7,8.27,8.48,0.33,0.96,140.92,0.28,9.6,10.55,0.29,8.22,0.06,0.66,9.4,3.77,1.84,188.17,0.02,0.37,7.6,13.83,7.61,0.47,13.48,18.22,32.57,0.05,4.12,10.46,16.35,1311.02,43.2,0.63,56.58,3.75,4.35,18.75,4.31,11.26,0.14,1.05,10.24,5.44,0.79,0.07,9.22,14.06,76.87,6.08,0.78,2.92,1.35,1.04,78.49,0.05,0.83,5.27,63.62,0.26,1.43,1.59,3.88,82.38,22.38,0.03,11.02,0.06,0.1,0.16,13.4,9.31,1.38,0.75,9.34,7.63,6.86,10.07,0.3,1165.49,229.32,70.55,27.45,4.27,0.08,7.05,58.14,2.75,127.85,5.99,15.31,37.65,0.09,24.05,48.44,2.37,5.22,5.85,2.22,4.76,1.99,3.33,5.89,0.03,3.27,0.47,0.49,18.88,12.97,26.2,0.33,13.2,0.41,0.06,3.11,1.23,107.56,0.11,2.88,0.03,2.56,0.62,30.8,21.08,49.3,1.97,0.01,26.07,16.35,0.24,4.18,5.51,14.14,142.54,2.06,0.06,4.66,2.58,164.02,0.02,3.39,6.65,5.91,28.1,87.89,38.14,10.52,3.81,1.02,21.19,143.05,9.04,0.18,0.03,0.16,24.5,11.38,7.41,0.08,5.83,4.4,0.03,5.37,2.01,0.48,10.76,48.49,7.91,44.4,19.7,0.05,0.17,0.04,0.11,31.66,0.51,9.08,7.48,19.06,6.92,39.55,65.81,1.02,5.76,0.1,1.3,10.2,68.76,4.81,0.03,0.01,28.57,46.79,5.3,60.85,298.38,3.33,26.49,0.21,26.85,84.62,0.11,3.41,20.69,12.17,12.16
2007-01-01,27.1,2.97,34.17,0.06,0.08,20.91,0.08,39.68,2.93,0.1,20.83,8.3,8.58,0.34,1.04,142.66,0.28,9.56,10.63,0.3,8.45,0.06,0.66,9.56,3.76,1.88,190.13,0.03,0.37,7.55,14.25,7.86,0.48,13.68,18.73,32.89,0.05,4.2,10.82,16.53,1317.88,43.74,0.64,58.45,3.88,4.4,19.17,4.31,11.25,0.14,1.06,10.3,5.46,0.81,0.07,9.34,14.3,78.23,6.11,0.82,3.0,1.34,1.04,80.67,0.05,0.84,5.29,64.02,0.26,1.47,1.64,3.86,82.27,22.96,0.03,11.05,0.06,0.11,0.16,13.7,9.52,1.41,0.75,9.5,7.81,6.92,10.06,0.31,1183.21,232.37,71.34,27.91,4.4,0.08,7.18,58.44,2.77,128.0,6.26,15.48,38.71,0.1,24.19,48.68,2.5,5.27,5.94,2.2,4.77,1.99,3.46,5.97,0.04,3.23,0.48,0.5,19.43,13.34,26.72,0.34,13.65,0.41,0.06,3.2,1.24,109.17,0.1,2.87,0.03,2.59,0.62,31.16,21.67,49.62,2.01,0.01,26.38,16.38,0.24,4.22,5.59,14.69,146.34,2.07,0.06,4.71,2.66,167.81,0.02,3.45,6.81,6.0,28.33,89.41,38.12,10.54,3.78,1.22,20.88,142.81,9.27,0.18,0.03,0.17,25.18,11.69,7.38,0.09,5.99,4.59,0.03,5.37,2.02,0.49,11.08,49.12,8.32,45.23,19.84,0.05,0.17,0.04,0.11,32.36,0.51,9.15,7.55,19.88,7.06,40.68,66.18,1.04,5.92,0.1,1.31,10.3,69.58,4.87,0.03,0.01,29.49,46.51,6.17,61.32,301.23,3.33,26.87,0.22,27.25,85.42,0.11,3.49,21.28,12.5,12.26
2008-01-01,27.72,2.95,34.73,0.06,0.08,21.7,0.09,40.08,2.91,0.1,21.25,8.32,8.76,0.34,1.11,144.3,0.28,9.53,10.71,0.31,8.7,0.07,0.67,9.72,3.75,1.92,192.03,0.03,0.38,7.49,14.69,8.13,0.48,13.88,19.25,33.25,0.05,4.27,11.18,16.71,1324.66,44.25,0.66,60.41,4.01,4.46,19.61,4.31,11.24,0.15,1.08,10.38,5.49,0.82,0.07,9.46,14.54,79.64,6.13,0.86,3.06,1.34,1.05,82.92,0.05,0.85,5.31,64.37,0.26,1.52,1.69,3.85,82.11,23.56,0.03,11.08,0.06,0.11,0.16,14.01,9.74,1.45,0.75,9.65,7.98,6.96,10.04,0.32,1200.67,235.47,72.12,28.39,4.49,0.08,7.31,58.83,2.78,128.06,6.56,15.67,39.79,0.1,24.31,49.05,2.66,5.32,6.05,2.18,4.76,1.99,3.61,6.06,0.04,3.2,0.49,0.52,20.0,13.73,27.24,0.34,14.11,0.41,0.06,3.3,1.24,110.82,0.1,2.87,0.03,2.63,0.62,31.54,22.28,49.93,2.04,0.01,26.67,16.45,0.24,4.26,5.67,15.25,150.27,2.07,0.05,4.77,2.75,171.65,0.02,3.52,6.98,6.08,28.56,90.9,38.13,10.56,3.76,1.44,20.54,142.74,9.52,0.18,0.03,0.17,25.89,12.0,7.35,0.09,6.13,4.84,0.03,5.38,2.02,0.5,11.4,49.78,8.74,45.95,19.98,0.05,0.17,0.04,0.11,33.06,0.52,9.22,7.65,20.66,7.21,41.85,66.53,1.06,6.08,0.1,1.31,10.41,70.42,4.94,0.03,0.01,30.43,46.26,7.09,61.81,304.09,3.34,27.3,0.22,27.64,86.24,0.11,3.59,21.89,12.85,12.38
2009-01-01,28.39,2.93,35.33,0.06,0.08,22.51,0.09,40.48,2.89,0.1,21.69,8.34,8.95,0.35,1.19,145.92,0.28,9.51,10.8,0.31,8.94,0.07,0.68,9.88,3.74,1.95,193.89,0.03,0.38,7.44,15.14,8.4,0.49,14.09,19.79,33.63,0.06,4.34,11.56,16.89,1331.26,44.75,0.67,62.45,4.15,4.52,20.06,4.31,11.23,0.15,1.1,10.44,5.52,0.83,0.07,9.58,14.77,81.13,6.16,0.9,3.12,1.33,1.06,85.23,0.05,0.85,5.34,64.71,0.27,1.57,1.74,3.81,81.9,24.17,0.03,11.11,0.06,0.11,0.16,14.32,9.96,1.48,0.75,9.8,8.15,6.97,10.02,0.32,1217.73,238.62,72.92,28.97,4.54,0.08,7.49,59.1,2.8,128.05,6.89,16.09,40.9,0.1,24.43,49.31,2.82,5.38,6.15,2.14,4.81,1.99,3.75,6.13,0.04,3.16,0.5,0.53,20.57,14.13,27.74,0.35,14.58,0.41,0.06,3.39,1.25,112.46,0.1,2.86,0.04,2.67,0.62,31.93,22.89,50.25,2.08,0.01,26.88,16.53,0.25,4.3,5.75,15.84,154.32,2.07,0.05,4.83,2.88,175.53,0.02,3.58,7.14,6.16,28.79,92.41,38.15,10.57,3.74,1.65,20.37,142.79,9.78,0.18,0.03,0.18,26.63,12.34,7.32,0.09,6.27,4.99,0.03,5.39,2.04,0.52,11.72,50.48,9.14,46.36,20.12,0.05,0.17,0.04,0.11,33.78,0.52,9.3,7.74,21.21,7.36,43.07,66.87,1.07,6.25,0.1,1.32,10.53,71.32,5.01,0.03,0.01,31.41,46.05,7.92,62.28,306.77,3.35,27.77,0.23,28.03,87.09,0.11,3.69,22.52,13.22,12.53
2010-01-01,29.19,2.91,35.98,0.06,0.08,23.36,0.09,40.79,2.88,0.1,22.03,8.36,9.05,0.35,1.24,147.58,0.28,9.49,10.9,0.32,9.2,0.07,0.69,10.05,3.71,1.99,195.71,0.03,0.39,7.4,15.61,8.68,0.49,14.31,20.34,34.0,0.06,4.39,11.95,17.06,1337.7,45.22,0.69,64.56,4.27,4.58,20.53,4.3,11.23,0.15,1.11,10.47,5.55,0.84,0.07,9.7,15.01,82.76,6.18,0.94,3.17,1.33,1.06,87.64,0.05,0.86,5.36,65.03,0.27,1.62,1.79,3.79,81.78,24.78,0.03,11.12,0.06,0.11,0.16,14.63,10.19,1.52,0.75,9.95,8.32,7.02,10.0,0.32,1234.28,241.83,73.76,29.74,4.56,0.08,7.62,59.28,2.81,128.07,7.26,16.32,42.03,0.1,24.55,49.55,2.99,5.45,6.25,2.1,4.95,2.0,3.89,6.2,0.04,3.1,0.51,0.54,21.15,14.54,28.21,0.37,15.05,0.41,0.06,3.49,1.25,114.09,0.1,2.86,0.04,2.72,0.62,32.34,23.53,50.6,2.12,0.01,27.01,16.62,0.25,4.35,5.82,16.46,158.5,2.07,0.05,4.89,3.04,179.42,0.02,3.64,7.31,6.25,29.03,93.97,38.04,10.57,3.72,1.86,20.25,142.85,10.04,0.19,0.03,0.18,27.42,12.68,7.29,0.09,6.42,5.08,0.03,5.39,2.05,0.53,12.04,51.22,9.51,46.58,20.26,0.05,0.17,0.04,0.11,34.55,0.53,9.38,7.82,21.36,7.53,44.35,67.2,1.09,6.42,0.1,1.33,10.64,72.33,5.09,0.03,0.01,32.43,45.87,8.55,62.77,309.32,3.36,28.56,0.24,28.44,87.97,0.11,3.79,23.15,13.61,12.7
2011-01-01,30.12,2.91,36.66,0.06,0.08,24.22,0.09,41.26,2.88,0.1,22.34,8.39,9.17,0.36,1.28,149.27,0.28,9.47,11.04,0.33,9.46,0.06,0.69,10.21,3.66,2.02,197.51,0.03,0.39,7.35,16.08,8.96,0.5,14.54,20.91,34.34,0.06,4.42,12.36,17.23,1344.13,45.66,0.71,66.76,4.39,4.63,21.03,4.28,11.24,0.15,1.12,10.5,5.57,0.85,0.07,9.81,15.24,84.53,6.21,0.99,3.21,1.33,1.07,90.14,0.05,0.86,5.39,65.34,0.27,1.68,1.85,3.76,80.27,25.39,0.03,11.1,0.06,0.11,0.16,14.95,10.42,1.56,0.75,10.1,8.48,7.07,9.97,0.32,1250.29,245.12,74.63,30.73,4.58,0.08,7.77,59.38,2.83,127.83,7.66,16.56,43.18,0.1,24.67,49.94,3.17,5.51,6.35,2.06,5.2,2.0,4.02,6.25,0.04,3.03,0.52,0.55,21.74,14.96,28.65,0.38,15.51,0.42,0.06,3.6,1.25,115.7,0.1,2.86,0.04,2.77,0.62,32.78,24.19,50.99,2.16,0.01,27.04,16.69,0.25,4.38,5.9,17.11,162.81,2.07,0.05,4.95,3.25,183.34,0.02,3.71,7.47,6.33,29.26,95.57,38.06,10.56,3.68,2.04,20.15,142.96,10.29,0.19,0.03,0.18,28.27,13.03,7.23,0.09,6.56,5.18,0.03,5.4,2.05,0.54,12.38,52.0,9.83,46.74,20.4,0.05,0.18,0.04,0.11,35.35,0.54,9.45,7.91,21.08,7.7,45.67,67.52,1.11,6.6,0.1,1.34,10.74,73.44,5.17,0.03,0.01,33.48,45.71,8.95,63.26,311.56,3.37,29.34,0.24,28.89,88.87,0.11,3.88,23.81,14.02,12.89
2012-01-01,31.16,2.9,37.38,0.06,0.08,25.11,0.09,41.73,2.88,0.1,22.73,8.43,9.3,0.36,1.3,151.01,0.28,9.46,11.11,0.34,9.73,0.06,0.7,10.38,3.6,2.04,199.29,0.03,0.4,7.31,16.57,9.25,0.51,14.78,21.49,34.71,0.06,4.44,12.78,17.4,1350.7,46.08,0.72,69.02,4.51,4.69,21.55,4.27,11.26,0.15,1.14,10.51,5.59,0.87,0.07,9.93,15.47,86.42,6.24,1.03,,1.32,1.08,92.73,0.05,0.87,5.41,65.66,0.27,1.75,1.91,3.73,80.43,26.0,0.03,11.05,0.06,0.11,0.16,15.27,10.65,1.6,0.76,10.25,8.64,7.15,9.92,0.32,1265.78,248.45,75.54,31.89,4.6,0.08,7.91,59.54,2.84,127.63,8.09,16.79,44.34,0.11,24.8,50.2,3.35,5.61,6.44,2.03,5.54,2.01,4.14,6.29,0.04,2.99,0.53,0.56,22.35,15.4,29.07,0.4,15.98,0.42,0.06,3.71,1.26,117.27,0.1,2.86,0.04,2.82,0.62,33.24,24.86,51.41,2.19,0.01,26.99,16.75,0.26,4.41,5.98,17.8,167.23,2.07,0.05,5.02,3.5,187.28,0.02,3.77,7.63,6.42,29.51,97.21,38.06,10.51,3.63,2.2,20.06,143.2,10.55,0.19,0.03,0.19,29.16,13.4,7.2,0.09,6.71,5.31,0.03,5.41,2.06,0.56,12.72,52.83,10.11,46.77,20.42,0.05,0.18,0.04,0.11,36.19,0.54,9.52,8.0,20.44,7.87,47.05,67.84,1.13,6.77,0.1,1.34,10.85,74.65,5.27,0.03,0.01,34.56,45.59,9.14,63.7,313.83,3.38,29.77,0.25,29.36,89.8,0.11,3.98,24.47,14.47,13.12
2013-01-01,32.27,2.9,38.14,0.06,0.08,26.02,0.09,42.2,2.9,0.1,23.13,8.48,9.42,0.37,1.32,152.76,0.28,9.47,11.16,0.35,10.0,0.07,0.71,10.54,3.54,2.06,201.04,0.03,0.4,7.27,17.07,9.54,0.51,15.03,22.08,35.08,0.06,4.45,13.22,17.57,1357.38,46.5,0.74,71.36,4.62,4.74,22.09,4.26,11.28,0.15,1.14,10.51,5.61,0.88,0.07,10.05,15.71,88.4,6.27,1.08,,1.32,1.09,95.39,0.05,0.87,5.44,66.0,0.27,1.82,1.96,3.72,80.65,26.61,0.03,10.97,0.06,0.11,0.16,15.6,10.89,1.65,0.76,10.4,8.8,7.18,9.89,0.32,1280.85,251.81,76.48,33.16,4.62,0.08,8.06,60.23,2.86,127.44,8.52,17.04,45.52,0.11,24.93,50.43,3.53,5.72,6.54,2.01,5.91,2.03,4.25,6.32,0.04,2.96,0.54,0.58,22.96,15.84,29.47,0.42,16.45,0.43,0.06,3.82,1.26,118.83,0.11,2.86,0.04,2.88,0.62,33.72,25.56,51.85,2.23,0.01,26.92,16.8,0.26,4.44,6.06,18.5,171.77,2.08,0.05,5.08,3.76,191.26,0.02,3.84,7.79,6.51,29.77,98.87,38.04,10.46,3.59,2.34,19.98,143.51,10.81,0.19,0.03,0.19,30.05,13.78,7.16,0.09,6.86,5.4,0.04,5.41,2.06,0.57,13.06,53.69,10.36,46.62,20.58,0.05,0.18,0.04,0.11,37.07,0.55,9.6,8.09,19.58,8.06,48.48,68.14,1.15,6.95,0.1,1.35,10.95,75.93,5.37,0.03,0.01,35.7,45.49,9.2,64.13,315.99,3.39,30.24,0.26,29.78,90.75,0.11,4.08,25.15,14.93,13.35
2014-01-01,33.37,2.89,38.92,0.06,0.08,26.94,0.09,42.67,2.91,0.1,23.48,8.55,9.54,0.37,1.34,154.52,0.28,9.47,11.21,0.35,10.29,0.07,0.72,10.71,3.48,2.09,202.76,0.03,0.41,7.22,17.59,9.84,0.52,15.27,22.68,35.44,0.06,4.46,13.66,17.76,1364.27,46.97,0.76,73.77,4.74,4.8,22.65,4.24,11.31,0.16,1.15,10.53,5.64,0.9,0.07,10.17,15.95,90.42,6.3,1.12,,1.31,1.1,98.09,0.05,0.87,5.46,66.31,0.27,1.88,2.02,3.72,80.98,27.22,0.03,10.89,0.06,0.11,0.16,15.92,11.15,1.69,0.76,10.55,8.96,7.23,9.87,0.33,1295.6,255.13,77.47,34.41,4.66,0.08,8.22,60.79,2.88,127.28,8.92,17.29,46.7,0.11,25.06,50.75,3.69,5.84,6.64,1.99,6.26,2.04,4.36,6.36,0.04,2.93,0.56,0.59,23.59,16.29,29.87,0.44,16.93,0.43,0.06,3.93,1.26,120.36,0.11,2.86,0.04,2.94,0.62,34.19,26.29,52.28,2.27,0.01,26.91,16.87,0.27,4.51,6.14,19.24,176.4,2.08,0.06,5.14,4.03,195.31,0.02,3.9,7.95,6.6,30.09,100.51,38.01,10.4,3.53,2.46,19.91,143.82,11.08,0.19,0.03,0.2,30.92,14.17,7.13,0.09,7.02,5.47,0.04,5.42,2.06,0.59,13.42,54.55,10.55,46.48,20.78,0.05,0.18,0.04,0.11,37.98,0.55,9.7,8.19,18.72,8.25,49.96,68.44,1.17,7.14,0.1,1.36,11.06,77.23,5.47,0.04,0.01,36.91,45.27,9.21,64.6,318.3,3.4,30.76,0.26,30.05,91.71,0.11,4.17,25.82,15.4,13.59
2015-01-01,34.41,2.88,39.73,0.06,0.08,27.88,0.09,43.13,2.93,0.1,23.82,8.64,9.65,0.37,1.37,156.26,0.29,9.49,11.27,0.36,10.58,0.07,0.73,10.87,3.43,2.12,204.47,0.03,0.41,7.18,18.11,10.16,0.52,15.52,23.3,35.7,0.06,4.49,14.11,17.97,1371.22,47.52,0.78,76.24,4.86,4.85,23.23,4.2,11.32,0.16,1.16,10.55,5.68,0.91,0.07,10.28,16.21,92.44,6.33,1.17,,1.32,1.1,100.84,0.05,0.87,5.48,66.55,0.27,1.95,2.09,3.73,81.69,27.85,0.03,10.82,0.06,0.11,0.16,16.25,11.43,1.74,0.77,10.7,9.11,7.29,9.84,0.33,1310.15,258.38,78.49,35.57,4.7,0.08,8.38,60.73,2.89,127.14,9.27,17.54,47.88,0.11,25.18,51.01,3.84,5.96,6.74,1.98,6.53,2.06,4.47,6.42,0.04,2.9,0.57,0.6,24.23,16.75,30.27,0.45,17.44,0.45,0.06,4.05,1.26,121.86,0.11,2.83,0.04,3.0,0.62,34.66,27.04,52.68,2.31,0.01,27.02,16.94,0.27,4.6,6.22,20.0,181.14,2.08,0.06,5.19,4.27,199.43,0.02,3.97,8.11,6.69,30.47,102.11,37.99,10.36,3.47,2.57,19.82,144.1,11.37,0.19,0.03,0.2,31.72,14.58,7.1,0.09,7.17,5.54,0.04,5.42,2.06,0.6,13.8,55.39,10.72,46.44,20.97,0.05,0.18,0.04,0.11,38.9,0.56,9.8,8.28,18.0,8.45,51.48,68.71,1.2,7.32,0.1,1.37,11.18,78.53,5.57,0.04,0.01,38.23,45.15,9.26,65.12,320.64,3.41,31.3,0.27,30.08,92.68,0.11,4.27,26.5,15.88,13.81
2016-01-01,35.38,2.88,40.55,0.06,0.08,28.84,0.09,43.59,2.94,0.1,24.19,8.74,9.76,0.38,1.43,157.97,0.29,9.5,11.33,0.37,10.87,0.06,0.74,11.03,3.39,2.16,206.16,0.03,0.42,7.13,18.65,10.49,0.53,15.77,23.93,36.11,0.06,4.54,14.56,18.21,1378.66,48.17,0.8,78.79,4.98,4.9,23.82,4.17,11.34,0.16,1.17,10.57,5.73,0.93,0.07,10.4,16.49,94.45,6.36,1.22,,1.32,1.11,103.6,0.05,0.87,5.5,66.72,0.27,2.01,2.15,3.73,82.35,28.48,0.03,10.78,0.06,0.11,0.16,16.58,11.74,1.78,0.77,10.84,9.27,7.34,9.81,0.34,1324.51,261.55,79.56,36.61,4.76,0.08,8.55,60.63,2.91,126.99,9.55,17.79,49.05,0.11,25.31,51.22,3.96,6.08,6.85,1.96,6.71,2.08,4.59,6.49,0.04,2.87,0.58,0.61,24.89,17.21,30.68,0.48,17.97,0.46,0.06,4.16,1.26,123.33,0.11,2.8,0.04,3.06,0.62,35.13,27.83,53.05,2.36,0.01,27.26,17.03,0.28,4.69,6.3,20.79,185.96,2.08,0.06,5.23,4.48,203.63,0.02,4.04,8.27,6.78,30.93,103.66,37.97,10.33,3.41,2.65,19.7,144.34,11.67,0.19,0.03,0.2,32.44,14.99,7.06,0.09,7.33,5.61,0.04,5.43,2.07,0.62,14.19,56.2,10.83,46.48,21.2,0.05,0.18,0.04,0.11,39.85,0.56,9.92,8.37,17.45,8.66,53.05,68.97,1.22,7.51,0.1,1.38,11.3,79.82,5.66,0.04,0.01,39.65,45.0,9.36,65.61,322.94,3.42,31.85,0.28,29.85,93.64,0.11,4.37,27.17,16.36,14.03
2017-01-01,36.3,2.87,41.39,0.06,0.08,29.82,0.1,44.04,2.94,0.11,24.6,8.8,9.85,0.38,1.49,159.67,0.29,9.5,11.38,0.38,11.18,0.06,0.75,11.19,3.35,2.21,207.83,0.03,0.42,7.08,19.19,10.83,0.54,16.01,24.57,36.54,0.06,4.6,15.02,18.47,1386.4,48.9,0.81,81.4,5.11,4.95,24.44,4.12,11.34,0.16,1.18,10.59,5.76,0.94,0.07,10.51,16.79,96.44,6.39,1.26,,1.32,1.12,106.4,0.05,0.88,5.51,66.87,0.28,2.06,2.21,3.73,82.66,29.12,0.03,10.75,0.06,0.11,0.16,16.91,12.07,1.83,0.78,10.98,9.43,7.39,9.79,0.34,1338.66,264.65,80.67,37.55,4.81,0.08,8.71,60.54,2.92,126.79,9.78,18.04,50.22,0.11,25.43,51.36,4.06,6.2,6.95,1.94,6.81,2.09,4.7,6.58,0.04,2.83,0.6,0.62,25.57,17.67,31.11,0.5,18.51,0.47,0.06,4.28,1.26,124.78,0.11,2.76,0.04,3.11,0.62,35.58,28.65,53.38,2.4,0.01,27.63,17.13,0.28,4.79,6.38,21.6,190.87,2.08,0.06,5.28,4.67,207.9,0.02,4.11,8.44,6.87,31.44,105.17,37.97,10.3,3.33,2.72,19.59,144.5,11.98,0.2,0.03,0.21,33.1,15.42,7.02,0.1,7.49,5.61,0.04,5.44,2.07,0.64,14.59,57.0,10.91,46.59,21.44,0.05,0.18,0.04,0.11,40.81,0.57,10.06,8.45,17.07,8.88,54.66,69.21,1.24,7.7,0.1,1.38,11.43,81.1,5.76,0.04,0.01,41.16,44.83,9.49,66.06,324.99,3.44,32.39,0.29,29.39,94.6,0.11,4.45,27.83,16.85,14.24
2018-01-01,37.17,2.87,42.23,0.06,0.08,30.81,0.1,44.49,2.95,0.11,24.98,8.84,9.94,0.39,1.57,161.36,0.29,9.48,11.43,0.38,11.49,0.06,0.75,11.35,3.32,2.25,209.47,0.03,0.43,7.03,19.75,11.18,0.54,16.25,25.22,37.06,0.06,4.67,15.48,18.73,1392.73,49.65,0.83,84.07,5.24,5.0,25.07,4.09,11.34,0.16,1.19,10.63,5.79,0.96,0.07,10.63,17.08,98.42,6.42,1.31,,1.32,1.14,109.22,0.05,0.88,5.52,66.98,0.28,2.12,2.28,3.73,82.91,29.77,0.03,10.73,0.06,0.11,0.17,17.25,12.41,1.87,0.78,11.12,9.59,7.45,9.78,0.35,1352.62,267.66,81.8,38.43,4.87,0.08,8.88,60.42,2.93,126.53,9.96,18.27,51.39,0.12,25.55,51.61,4.14,6.32,7.06,1.93,6.85,2.11,4.82,6.68,0.04,2.8,0.61,0.63,26.26,18.14,31.53,0.52,19.08,0.48,0.06,4.4,1.27,126.19,0.11,2.71,0.04,3.17,0.62,36.03,29.5,53.71,2.45,0.01,28.09,17.23,0.28,4.84,6.47,22.44,195.87,2.08,0.06,5.31,4.83,212.22,0.02,4.18,8.61,6.96,31.99,106.65,37.97,10.28,3.2,2.78,19.47,144.48,12.3,0.2,0.03,0.21,33.7,15.85,6.98,0.1,7.65,5.64,0.04,5.45,2.07,0.65,15.01,57.78,10.98,46.8,21.67,0.05,0.18,0.04,0.11,41.8,0.58,10.18,8.51,16.91,9.1,56.32,69.43,1.27,7.89,0.1,1.39,11.57,82.32,5.85,0.04,0.01,42.72,44.62,9.63,66.46,326.69,3.45,32.96,0.29,28.87,95.54,0.11,4.57,28.5,17.35,14.44
