date,Afghanistan,Albania,Algeria,American Samoa,Andorra,Angola,Antigua and Barbuda,Argentina,Armenia,Aruba,Australia,Austria,Azerbaijan,"Bahamas, The",Bahrain,Bangladesh,Barbados,Belarus,Belgium,Belize,Benin,Bermuda,Bhutan,Bolivia,Bosnia and Herzegovina,Botswana,Brazil,Brunei Darussalam,Bulgaria,Burkina Faso,Burundi,Cabo Verde,Cambodia,Cameroon,Canada,Cayman Islands,Central African Republic,Chad,Chile,China,Colombia,Comoros,"Congo, Dem. Rep.","Congo, Rep.",Costa Rica,Cote d'Ivoire,Croatia,Cuba,Cyprus,Czech Republic,Denmark,Djibouti,Dominica,Dominican Republic,Ecuador,"Egypt, Arab Rep.",El Salvador,Equatorial Guinea,Eritrea,Estonia,Ethiopia,Faroe Islands,Fiji,Finland,France,French Polynesia,Gabon,"Gambia, The",Georgia,Germany,Ghana,Greece,Greenland,Grenada,Guam,Guatemala,Guinea,Guinea-Bissau,Guyana,Haiti,Honduras,"Hong Kong SAR, China",Hungary,Iceland,India,Indonesia,"Iran, Islamic Rep.",Iraq,Ireland,Isle of Man,Israel,Italy,Jamaica,Japan,Jordan,Kazakhstan,Kenya,Kiribati,"Korea, Rep.",Kuwait,Kyrgyz Republic,Lao PDR,Latvia,Lebanon,Lesotho,Liberia,Libya,Liechtenstein,Lithuania,Luxembourg,"Macao SAR, China","Macedonia, FYR",Madagascar,Malawi,Malaysia,Maldives,Mali,Malta,Marshall Islands,Mauritania,Mauritius,Mexico,"Micronesia, Fed. Sts.",Moldova,Monaco,Mongolia,Montenegro,Morocco,Mozambique,Myanmar,Namibia,Nauru,Nepal,Netherlands,New Caledonia,New Zealand,Nicaragua,Niger,Nigeria,Northern Mariana Islands,Norway,Oman,Pakistan,Palau,Panama,Papua New Guinea,Paraguay,Peru,Philippines,Poland,Portugal,Puerto Rico,Qatar,Romania,Russian Federation,Rwanda,Samoa,San Marino,Sao Tome and Principe,Saudi Arabia,Senegal,Serbia,Seychelles,Sierra Leone,Singapore,Slovak Republic,Slovenia,Solomon Islands,Somalia,South Africa,South Sudan,Spain,Sri Lanka,St. Kitts and Nevis,St. Lucia,St. Vincent and the Grenadines,Sudan,Suriname,Swaziland,Sweden,Switzerland,Syrian Arab Republic,Tajikistan,Tanzania,Thailand,Timor-Leste,Togo,Tonga,Trinidad and Tobago,Tunisia,Turkey,Turkmenistan,Tuvalu,Uganda,Ukraine,United Arab Emirates,United Kingdom,United States,Uruguay,Uzbekistan,Vanuatu,"Venezuela, RB",Vietnam,Virgin Islands (U.S.),West Bank and Gaza,"Yemen, Rep.",Zambia,Zimbabwe
1960-01-01,0.54,,2.72,,,,,,,,18.59,6.59,,0.17,,4.27,,,11.66,0.03,0.23,0.08,,0.56,,0.03,15.17,,,0.33,0.2,,0.64,0.62,41.09,,0.11,0.31,4.11,59.72,4.04,,3.36,0.13,0.51,0.55,,,,,6.25,,,0.67,1.01,,,,,,,,0.11,5.22,62.65,,0.14,,,,1.22,4.45,,,,1.04,,,0.17,,0.34,1.32,,0.25,36.54,,4.2,1.68,1.94,,2.6,40.39,0.7,44.31,,,0.79,,3.96,,,,,,0.03,0.19,,,,0.7,,,0.67,0.16,1.92,,,,,0.09,,13.06,,,,,,2.04,,,,,0.51,12.28,,5.49,,0.45,4.2,,5.16,,3.71,,0.54,0.23,,2.57,6.68,,3.19,1.69,,,,0.12,,,,,0.79,,0.01,0.32,0.7,,,,,7.58,,12.07,1.41,0.01,,0.01,1.31,0.09,0.04,14.84,9.52,0.86,,,2.76,,0.12,,0.54,,14.0,,,0.42,,,72.33,543.3,1.24,,,8.74,,0.02,,,0.71,1.05
1961-01-01,0.55,,2.43,,,,,,,,19.67,7.31,,0.19,,4.82,,,12.4,0.03,0.24,0.09,,0.61,,0.03,15.24,,,0.35,0.2,,0.64,0.66,40.77,,0.12,0.33,4.61,50.06,4.55,,3.09,0.15,0.49,0.62,,,,,6.93,,,0.65,0.98,,,,,,,,0.12,5.92,68.35,,0.17,,,,1.3,5.02,,,,1.08,,,0.19,,0.36,1.38,,0.25,38.71,,4.43,1.83,2.09,,3.14,44.84,0.75,53.51,,,0.79,,2.42,,,,,,0.04,0.18,,,,0.7,,,0.7,0.17,1.9,,,,,0.11,,14.15,,,,,,2.03,,,,,0.53,13.49,,5.67,,0.49,4.47,,5.63,,4.05,,0.6,0.24,,2.9,7.26,,3.42,1.87,,,,0.12,,,,,0.84,,0.01,0.33,0.76,,,,,7.97,,13.83,1.44,0.01,,0.01,1.42,0.1,0.04,16.15,10.71,0.95,,,3.03,,0.13,,0.58,,8.02,,,0.44,,,76.69,563.3,1.55,,,9.06,,0.03,,,0.7,1.1
1962-01-01,0.55,,2.0,,,,,24.45,,,19.91,7.76,,0.21,,5.08,,,13.26,0.03,0.24,0.09,,0.67,,0.04,19.93,,,0.38,0.21,,0.66,0.7,41.98,,0.12,0.36,5.42,47.21,4.97,,3.78,0.17,0.48,0.65,,,,,7.81,,,0.82,0.96,,,0.01,,,,,0.12,6.34,76.31,,0.18,,,,1.38,5.33,,,,1.14,,,0.19,,0.39,1.61,,0.28,41.6,,4.69,1.95,2.26,,2.51,50.38,0.78,60.72,,,0.87,,2.81,,,,,,0.04,0.19,,,,0.74,,,0.74,0.18,2.0,,,,,0.11,,15.22,,,,,,2.38,,,,,0.57,14.65,,6.08,,0.53,4.91,,6.07,,4.23,,0.65,0.26,,3.29,4.4,,3.67,2.09,,,,0.13,,,,,0.86,,0.01,0.34,0.83,,,,,8.5,,16.14,1.43,0.01,,0.01,1.54,0.1,0.05,17.51,11.88,1.11,,,3.31,,0.13,,0.62,,8.92,,,0.45,,,80.6,605.1,1.71,,,10.02,,0.04,,,0.69,1.12
1963-01-01,0.75,,2.7,,,,,18.27,,,21.53,8.37,,0.24,,5.32,,,14.26,0.03,0.25,0.1,,0.72,,0.04,23.02,,,0.39,0.23,,0.73,0.72,44.66,,0.13,0.37,5.67,50.71,4.84,,6.21,0.17,0.51,0.76,,,,,8.32,,,0.94,1.04,,,0.01,,,,,0.13,6.89,85.55,,0.15,,,,1.54,5.95,,,,1.26,,,0.18,,0.41,1.94,,0.34,47.78,,4.93,1.98,2.43,,2.99,57.71,0.83,69.5,,,0.93,,3.99,,,,,,0.05,0.2,,,,0.79,,,0.76,0.19,2.51,,,,,0.11,,16.94,,,,,,2.66,,,,,0.5,15.89,,6.64,,0.59,5.17,,6.51,,4.54,,0.72,0.28,,3.6,4.88,,3.91,2.33,,,,0.13,,,,,0.89,,0.01,0.35,0.92,,,,,9.42,,19.07,1.24,0.01,,0.01,1.57,0.11,0.05,18.95,13.06,1.2,,,3.54,,0.14,,0.68,,10.36,,,0.52,,,85.44,638.6,1.54,,,10.82,,0.04,,,0.72,1.16
1964-01-01,0.8,,2.91,,,,,25.61,,,23.79,9.17,,0.27,,5.39,,,15.96,0.04,0.27,0.11,,0.81,,0.04,21.21,,,0.41,0.26,,0.78,0.78,48.88,,0.14,0.39,5.98,59.71,5.99,,2.88,0.19,0.54,0.92,,,,,9.51,,,1.03,1.16,,,0.01,,,,,0.14,7.77,94.91,,0.22,,,,1.73,6.68,,,,1.3,,,0.19,,0.46,2.21,,0.43,55.73,,5.38,2.34,2.77,,3.41,63.18,0.9,81.75,,,1.0,,3.46,,,,,,0.05,0.22,,,,0.9,,,0.8,0.19,2.67,,,,,0.15,,20.07,,,,,,2.8,,,,,0.5,18.7,,7.27,,0.58,5.55,,7.16,,5.13,,0.78,0.31,,4.36,5.27,,4.24,2.57,,,,0.13,,,,,0.94,,0.02,0.37,0.89,,,,,10.37,,21.34,1.31,0.01,,0.01,1.61,0.12,0.06,21.14,14.48,1.34,,,3.89,,0.17,,0.71,,11.18,,,0.59,,,93.39,685.8,1.98,,,9.11,,0.05,,,0.84,1.22
1965-01-01,1.01,,3.14,,,,,28.34,,,25.96,9.99,,0.3,,5.91,,,17.37,0.04,0.29,0.11,,0.91,,0.05,21.79,0.11,,0.42,0.16,,0.87,0.81,53.91,,0.15,0.42,6.03,70.44,5.79,,4.04,0.2,0.59,0.92,,,,,10.68,,,0.89,2.39,5.11,0.88,0.06,,,,,0.15,8.59,102.16,0.18,0.23,,,,2.05,7.6,,,,1.33,,,0.21,,0.51,2.44,,0.52,58.76,,6.2,,2.95,,3.66,67.98,0.97,90.95,0.6,,1.0,,3.12,2.1,,,,,0.05,0.23,,,,0.92,,,0.83,0.23,2.96,,,,,0.17,,21.83,,,,,,2.95,,,,,0.74,21.0,0.16,5.65,,0.67,5.87,,8.06,0.06,5.88,,0.85,0.34,0.4,5.17,5.78,,4.69,2.88,,,,0.15,,,,,0.96,,0.02,0.36,0.97,,,,,11.33,,24.76,1.7,0.01,,0.02,1.68,0.14,0.07,23.26,15.35,1.47,,,4.39,,0.19,,0.74,0.99,11.94,,,0.88,,,100.6,743.7,1.89,,,9.5,,0.07,,,1.08,1.31
1966-01-01,1.4,,3.04,,,,,28.63,,,27.29,10.89,,0.34,,6.44,,,18.65,0.04,0.3,0.13,,0.99,,0.05,27.06,0.13,,0.43,0.17,,0.91,0.85,60.36,,0.16,0.43,7.07,76.72,5.45,,4.53,0.22,0.65,1.02,,,,,11.72,,,0.98,2.43,5.34,0.93,0.07,,,,,0.15,9.21,110.6,0.22,0.25,0.04,,,2.13,8.46,,,,1.39,,,0.23,,0.55,2.49,,0.63,45.25,,6.79,,3.1,,3.98,73.65,1.1,105.63,0.66,,1.16,,3.93,2.39,,,,,0.06,0.24,,,,0.97,,,0.9,0.26,3.14,,,,,0.18,,24.34,,,,,,2.88,,,,,0.91,22.87,0.16,5.86,,0.7,6.37,,8.7,0.07,6.47,,0.93,0.39,0.42,6.11,6.37,,5.14,3.17,,,,0.12,,,,,0.98,,0.02,0.38,1.1,,,,,12.35,,28.72,1.75,0.01,,0.02,1.72,0.17,0.08,25.3,16.48,1.34,,,5.28,,0.22,,0.72,1.04,14.12,,,0.93,,,107.09,815.0,1.81,,,9.98,,0.08,,,1.26,1.28
1967-01-01,1.67,,3.37,,,,,24.26,,,30.42,11.58,,0.39,,7.25,,,19.99,0.05,0.31,0.16,,1.08,,0.06,30.59,0.14,,0.45,0.18,,0.96,0.93,64.77,,0.16,0.45,7.01,72.88,5.73,,3.38,0.24,0.7,1.08,,,,,12.79,,,1.03,2.55,5.58,0.98,0.07,,,,,0.16,9.37,119.47,0.22,0.27,0.05,,,1.75,9.14,,,,1.45,,,0.25,,0.6,2.69,,0.62,49.47,6.03,7.56,,3.34,,4.03,81.13,1.15,123.78,0.63,,1.23,,4.85,2.44,,,,,0.06,0.26,,,,0.97,,,0.96,0.27,3.19,,0.28,,,0.19,,26.56,,,,,,3.05,,,,,0.84,25.09,0.18,5.96,,0.67,5.2,,9.51,0.11,7.4,,1.03,0.44,0.45,6.2,6.81,,5.74,3.53,,,,0.16,,,,,0.98,,0.02,0.35,1.24,,,0.03,,13.78,,31.65,1.86,0.02,,0.02,1.87,0.2,0.07,27.46,17.74,1.58,,,5.64,,0.23,,0.76,1.09,15.67,,,0.97,,,111.19,861.7,1.6,,,10.36,,0.12,,,1.37,1.4
1968-01-01,1.37,,3.85,,,,,26.44,,,32.69,12.44,,0.44,,7.48,,,21.38,0.04,0.33,0.15,,0.91,,0.07,33.88,0.16,,0.46,0.18,,1.07,1.05,70.76,,0.19,0.45,7.17,70.85,5.92,,3.91,0.25,0.77,1.28,,,,,13.2,,,1.08,2.58,6.11,1.01,0.07,,,,,0.17,8.82,129.85,0.26,0.29,0.04,,,1.67,9.92,,,,1.61,,,0.23,,0.65,2.72,,0.47,52.38,7.53,8.62,2.9,3.28,,4.62,87.94,1.08,146.6,0.56,,1.35,,6.12,2.66,,,,,0.06,0.28,,,,1.07,,,1.03,0.25,3.33,,0.34,,,0.21,,29.36,,,,,,3.27,,,,,0.77,27.82,0.22,5.18,,0.64,5.2,,10.16,0.19,8.09,,1.11,0.49,0.48,5.74,7.59,,6.35,3.94,,,,0.17,,,,4.19,1.03,,0.02,0.33,1.43,,,0.03,,14.89,,31.48,1.8,0.01,,0.02,1.95,0.22,0.08,29.14,18.94,1.75,,,6.08,,0.24,,0.76,1.21,17.5,,,1.04,,,104.7,942.5,1.59,,,11.34,,0.17,,,1.61,1.48
1969-01-01,1.41,,4.26,,,,,31.26,,,36.66,13.58,,0.53,,8.47,,,23.71,0.05,0.33,0.16,,0.96,,0.08,37.46,0.16,,0.48,0.19,,0.98,1.15,77.89,,0.19,0.47,8.38,79.71,6.41,,5.03,0.27,0.85,1.36,,,,,15.01,,,1.23,3.11,6.86,1.05,0.07,,,,,0.18,10.07,140.73,0.24,0.32,0.05,,,1.96,11.27,,,,1.72,,,0.25,,0.67,3.19,,0.41,57.67,8.88,9.74,3.01,3.79,,5.33,97.09,1.19,172.2,0.7,,1.46,,7.68,2.77,,,,,0.07,0.31,,,,1.23,,,1.06,0.27,3.66,,0.34,,,0.2,,32.52,,,,,,3.65,,,,,0.79,31.5,0.26,5.76,,0.63,6.63,,11.06,0.24,8.63,,1.22,0.55,0.51,6.42,8.41,,6.97,4.46,,,,0.19,,,,4.49,0.98,,0.02,0.41,1.66,,,0.03,,16.78,,36.04,1.97,0.02,,0.02,2.14,0.23,0.11,31.65,20.52,2.25,,,6.7,,0.27,,0.78,1.29,19.47,,,1.17,,,112.68,1019.9,2.0,,,11.8,,0.21,,,1.97,1.75
1970-01-01,1.75,,4.86,,0.08,,,31.58,,,41.3,15.37,,0.54,,8.99,,,26.85,0.05,0.33,0.19,,1.02,,0.1,42.33,0.18,,0.46,0.24,,0.72,1.16,87.9,,0.19,0.47,9.13,92.6,7.2,,4.88,0.27,0.98,1.46,,5.69,,,17.08,,,1.49,2.86,7.68,1.13,0.07,,,,,0.22,11.37,148.95,0.25,0.32,0.05,,215.02,2.22,13.14,0.07,,,1.9,,0.08,0.27,,0.72,3.8,,0.53,61.59,9.74,10.98,3.28,4.4,,7.05,113.02,1.4,211.51,0.64,,1.6,0.01,9.0,2.87,,,,,0.07,0.32,,0.09,,1.51,,,1.11,0.29,3.86,,0.36,0.25,,0.21,,35.54,,,0.29,,,3.96,,,,,0.87,37.68,0.36,,,0.65,12.55,,12.81,0.26,10.03,,1.35,0.65,0.55,7.43,6.69,,8.11,5.03,0.3,,,0.22,,,,5.38,1.02,,0.02,0.43,1.92,,,,,18.42,,40.88,2.3,0.02,,0.02,2.44,0.25,0.11,37.56,,2.14,,,7.09,,0.25,,0.82,1.44,17.09,,,1.26,,,130.67,1075.88,2.14,,,12.85,,0.22,,,1.83,1.88
1971-01-01,1.83,,5.08,,0.09,,,33.29,,,45.18,17.86,,0.57,,8.75,,,29.98,0.06,0.34,0.21,,1.1,,0.13,49.2,0.2,,0.48,0.25,,0.97,1.23,99.27,,0.2,0.5,10.88,99.8,7.82,,5.59,0.32,1.08,1.58,,6.91,,,19.09,,,1.67,2.75,8.27,1.19,0.06,,,,,0.25,12.54,166.56,0.3,0.38,0.06,,249.04,2.42,14.59,0.09,,,1.98,,0.08,0.28,,0.73,4.48,,0.68,66.45,9.94,13.73,3.87,5.1,,6.71,124.26,1.54,238.91,0.68,,1.78,0.02,9.89,3.88,,,,,0.08,0.34,,0.1,,1.57,,,1.2,0.37,4.24,,0.43,0.26,,0.23,,39.2,,,0.33,,,4.36,,,,,0.88,44.01,0.41,7.91,,0.69,9.18,,14.58,0.3,10.6,,1.52,0.72,0.61,8.29,7.41,,9.2,5.65,0.39,,,0.22,,,,7.18,1.06,,0.02,0.42,2.26,,,0.05,,20.33,,46.49,2.37,0.02,,0.02,2.66,0.27,0.14,40.98,,2.59,,,7.38,,0.29,,0.9,1.69,16.26,,,1.42,,,148.11,1167.77,2.81,,,14.63,,0.26,,,1.69,2.18
1972-01-01,1.6,,6.76,,0.11,,,34.73,,,52.0,22.06,,0.59,,6.29,,,37.41,0.07,0.41,0.24,,1.26,,0.17,58.54,0.27,,0.58,0.25,,0.51,1.43,113.08,,0.23,0.59,11.85,113.69,8.67,,6.17,0.41,1.24,1.85,,8.14,,,23.23,,,1.99,3.19,8.76,1.26,0.07,,,,,0.32,14.75,204.28,0.33,0.43,0.06,,298.67,2.11,16.89,0.11,,,2.1,,0.09,0.29,,0.8,5.71,,0.85,70.51,11.71,17.15,4.11,6.33,,8.77,144.78,1.88,316.39,0.79,,2.11,0.02,10.84,4.45,,,,,0.08,0.37,,0.12,,1.97,,,1.34,0.41,5.04,,0.49,0.3,,0.27,,45.18,,,0.4,,,5.07,,,,,1.02,54.01,0.51,9.57,,0.74,12.27,,17.36,0.37,9.31,,1.67,0.86,0.7,9.19,8.02,,11.24,6.33,0.51,,,0.25,,,,9.66,1.28,,0.03,0.47,2.72,,,0.04,,21.36,,58.97,2.55,0.02,,0.03,2.88,0.29,0.15,48.26,,3.06,,,8.18,,0.34,,1.08,2.24,20.43,,,1.49,,,169.97,1282.45,2.19,,,15.92,,0.31,,,1.91,2.68
1973-01-01,1.73,,8.72,,0.15,,,52.54,,,63.78,29.52,,0.67,,8.09,,,48.0,0.08,0.5,0.27,,1.26,,0.24,79.28,0.43,,0.67,0.3,,0.7,1.76,131.32,,0.27,0.65,16.84,138.54,10.32,,7.87,0.54,1.53,2.51,,9.99,,,30.73,,,2.34,3.89,9.62,1.44,0.08,,,,,0.43,19.49,265.38,0.43,0.72,0.08,,396.87,2.47,22.35,0.14,,,2.57,,0.09,0.31,,0.91,8.03,,1.16,84.37,17.33,27.08,5.13,7.49,,11.32,174.91,1.91,429.86,0.94,,2.5,0.03,13.84,5.41,,,,,0.12,0.39,,0.17,,2.7,,,1.65,0.44,7.66,,0.56,0.35,,0.33,,55.27,,,0.52,,,6.24,,,,,0.97,70.92,0.54,12.8,,0.95,15.16,,22.53,0.48,6.32,,1.91,1.3,0.89,10.99,10.08,,15.09,7.0,0.79,,,0.29,,,,14.95,1.47,,0.04,0.58,3.69,,,0.06,,29.29,,78.43,2.88,0.02,,0.03,3.57,0.31,0.22,58.57,,3.24,,,10.84,,0.41,,1.31,2.73,25.72,,,1.7,,,192.54,1428.55,3.96,,,19.47,,0.35,,,2.27,3.31
1974-01-01,2.16,,13.21,,0.19,,,72.44,,,88.91,35.19,,0.63,,12.51,,,56.33,0.1,0.55,0.31,,2.1,,0.31,105.14,1.07,,0.75,0.35,,0.59,2.26,160.41,,0.28,0.65,16.21,144.18,12.37,,9.6,0.59,1.67,3.07,,11.41,,,34.16,,,2.93,6.6,9.02,1.67,0.09,,,,,0.56,24.87,286.53,0.56,1.54,0.1,,443.62,2.89,25.35,0.17,,,3.16,,0.1,0.43,,1.03,9.39,,1.53,98.2,27.47,46.21,11.52,7.91,,16.33,198.91,2.38,477.16,1.2,,2.97,0.09,19.48,13.0,,,,,0.15,0.49,,0.19,,3.3,,,1.92,0.55,9.5,,0.54,0.38,,0.41,,71.98,,,0.56,,,7.68,,,,,1.22,86.13,0.64,13.94,,1.03,24.85,,27.15,1.65,8.77,,2.19,1.47,1.2,13.86,13.78,,17.51,7.68,2.4,,,0.31,,,,45.41,1.66,,0.04,0.65,5.22,,,0.08,,36.81,,97.01,3.57,0.03,,0.03,4.6,0.37,0.26,65.08,,5.16,,,13.7,,0.56,,2.04,3.55,35.6,,,2.1,,,206.13,1548.82,4.09,,,28.99,,0.4,,,3.12,3.98
1975-01-01,2.37,,15.56,,0.22,,,52.44,,,97.23,40.06,,0.6,,19.45,,,66.03,0.12,0.68,0.34,,2.4,,0.36,123.71,1.17,,0.94,0.42,,,2.75,173.83,,0.38,0.86,7.62,163.43,13.1,,10.24,0.77,1.96,3.89,,13.03,0.49,,40.47,,,3.6,7.73,11.44,1.88,0.1,,,,,0.68,29.49,362.0,0.69,2.16,0.12,,488.78,2.81,28.53,0.21,,,3.65,,0.11,0.49,,1.12,10.05,,1.42,97.16,32.44,51.78,13.46,9.5,,15.35,226.94,2.86,518.86,1.36,,3.26,0.06,21.7,12.02,,,,,0.15,0.58,,0.25,,3.23,,,2.28,0.61,9.3,,0.83,0.47,,0.48,,88.0,,,0.71,,,8.98,,,,,1.58,98.97,0.82,12.86,,1.05,27.78,,32.88,2.1,11.34,,2.44,1.36,1.35,16.88,14.89,,19.35,8.2,2.51,,,0.57,,,,46.77,2.24,,0.05,0.68,5.63,,,0.07,,38.11,,114.47,3.79,0.03,,0.03,5.6,0.46,0.29,81.72,,6.83,,,14.88,,0.62,0.03,2.44,4.33,44.63,,,2.36,,14.72,241.76,1688.92,3.54,,,31.3,,0.4,,,2.62,4.37
1976-01-01,2.56,,17.73,,0.23,,,51.17,,,104.97,42.96,,0.64,,10.12,,,71.49,0.1,0.7,0.39,,2.73,,0.37,152.68,1.42,,0.98,0.45,,,3.08,206.58,,0.45,0.87,10.34,153.94,15.34,,9.65,0.75,2.41,4.66,,13.79,0.58,,44.58,,,3.95,9.09,13.36,2.33,0.1,,,,,0.69,31.87,373.41,0.73,3.01,0.11,,517.79,2.77,31.15,0.24,,,4.37,,0.11,0.45,,1.35,12.88,,1.68,101.35,39.68,68.06,17.75,9.47,,15.18,223.98,2.97,583.14,1.71,,3.47,0.04,29.78,13.13,,,,,0.15,0.6,,0.27,,3.54,,,2.18,0.67,11.05,,0.94,0.53,,0.52,0.71,89.02,,,0.74,,,9.58,,,,,1.45,107.78,0.8,13.6,,1.06,36.31,,35.94,2.56,13.34,,2.59,1.51,1.54,15.95,17.1,,20.33,8.97,3.28,,,0.64,,,,64.01,2.27,,0.05,0.59,6.33,,,0.08,,36.6,,118.19,3.59,0.03,,0.03,6.98,0.51,0.27,88.1,,7.63,,,16.99,,0.62,0.03,2.5,4.51,51.28,,,2.45,,19.21,232.61,1877.59,3.67,,,36.19,,0.44,,,2.75,4.32
1977-01-01,2.95,,20.97,,0.25,,0.08,56.78,,,110.27,51.55,,0.71,,9.65,,,83.28,0.12,0.75,0.45,,3.23,,0.45,176.17,1.73,,1.13,0.55,,,3.37,211.61,,0.51,0.94,13.96,174.94,19.47,,12.34,0.77,3.07,6.27,,14.21,0.73,,49.78,,0.04,4.59,11.03,14.64,2.94,0.1,,,,,0.72,33.52,411.46,0.79,2.81,0.14,,598.23,3.19,36.18,0.28,0.07,,5.48,,0.11,0.45,,1.67,15.72,,2.23,119.87,48.77,80.6,19.84,11.26,,17.37,256.75,3.25,717.7,2.1,,4.49,0.04,38.27,14.14,,,,,0.19,0.67,,0.3,,3.92,,,2.36,0.81,13.14,,1.05,0.63,,0.54,0.83,81.83,,,0.81,,,11.05,,,,,1.38,125.4,0.84,15.45,,1.29,36.04,,41.51,2.74,15.13,,2.74,1.64,1.91,14.62,19.65,,21.44,9.91,3.62,,,0.75,,,,74.19,2.32,,0.06,0.69,6.62,,,0.09,,40.65,,132.09,4.1,0.04,0.09,0.05,8.7,0.64,0.3,93.14,,7.7,,,19.78,,0.78,0.03,3.14,5.11,58.68,,,2.94,,24.87,263.07,2085.95,4.11,,,42.26,,0.46,,,2.48,4.36
1978-01-01,3.3,,26.36,,0.31,,0.09,58.08,,,118.4,62.05,,0.83,,13.28,,,101.79,0.14,0.93,0.48,,3.76,,0.59,200.8,1.94,,1.48,0.61,,,4.41,218.63,,0.61,1.11,15.99,149.54,23.26,,15.37,0.88,3.52,7.9,,17.84,0.96,,60.36,,0.05,4.77,11.92,14.85,3.13,,,,,,0.83,36.28,508.18,1.01,2.39,0.17,,737.67,3.66,44.27,0.36,0.09,,6.07,,0.12,0.51,,1.93,18.32,,2.53,135.47,54.79,77.99,23.76,14.67,,16.84,314.02,2.64,1008.39,2.6,,5.3,0.05,51.7,15.5,,,,,0.27,0.72,,0.44,,4.88,,,2.67,0.95,16.36,,1.22,0.79,,0.54,1.02,102.52,,,1.0,,,13.24,,,,,1.6,153.87,0.85,18.53,,1.77,36.53,,46.52,2.74,17.82,,3.24,1.95,2.35,12.5,22.71,,23.49,11.16,4.05,,,0.91,,,,80.27,2.59,,0.09,0.96,7.52,,,0.11,,46.74,,160.16,2.73,0.05,0.1,0.06,7.67,0.74,0.34,102.97,,9.28,,,24.01,,0.82,0.04,3.56,5.97,65.15,,,2.42,,23.78,335.88,2356.57,4.91,,,46.43,,0.51,,,2.81,4.35
1979-01-01,3.7,,33.24,,0.41,,0.11,69.25,,,134.79,73.94,,1.14,,15.57,,,116.94,0.15,1.19,0.52,,4.42,,0.82,224.97,2.8,,1.75,0.78,,,5.81,243.07,,0.7,1.0,21.8,178.28,27.94,,15.07,1.2,4.04,9.14,,19.58,1.29,,70.37,,0.04,5.5,14.18,18.15,3.46,,,,,,1.02,44.5,615.83,1.22,3.03,0.21,,878.01,4.02,54.48,0.42,0.1,,6.9,,0.12,0.53,,2.25,22.53,,2.88,150.95,54.73,90.39,37.82,18.34,,21.51,392.38,2.43,1049.58,3.27,,6.23,0.04,66.57,24.75,,,,,0.29,0.81,,0.5,,5.71,,,3.46,1.06,21.21,,1.6,1.0,,0.64,1.22,134.54,,,1.21,,,15.91,,,,,1.85,177.38,1.05,20.73,,2.11,47.26,,53.13,3.73,19.71,,3.7,2.29,3.14,15.96,27.5,,26.63,12.75,5.63,,,1.11,,,,111.86,3.23,,0.13,1.11,9.29,,,0.15,,57.65,,214.02,3.36,0.06,0.12,0.07,9.03,0.78,0.41,121.65,,9.93,,,27.37,,0.89,0.04,4.6,7.19,89.39,,,2.14,,31.23,438.99,2632.14,7.18,,0.12,55.65,,0.61,,,3.33,5.18
1980-01-01,3.64,,42.35,,0.45,,0.13,76.96,,,149.89,82.06,,1.34,3.07,18.14,,,127.51,0.19,1.41,0.61,0.14,4.54,,1.06,235.02,4.93,19.84,1.93,0.92,0.14,,6.74,273.85,,0.8,1.03,29.04,191.15,33.4,0.12,14.39,1.71,4.83,10.18,,19.91,2.15,,71.13,,0.06,6.63,17.88,22.91,3.57,0.05,,,,,1.2,53.69,703.53,1.36,4.28,0.24,,946.7,4.45,56.83,0.48,0.11,,7.88,,0.11,0.6,,2.57,28.86,,3.41,183.84,77.17,94.36,53.41,21.77,,24.15,475.68,2.68,1099.69,3.91,,7.27,0.04,64.98,28.64,,,,,0.43,0.85,,0.53,,6.23,,,4.04,1.24,24.49,0.04,1.76,1.25,,0.71,1.14,194.36,,,1.38,,,21.73,3.53,,2.43,,1.95,192.66,1.18,23.25,,2.51,64.2,,64.44,5.98,23.69,,4.61,2.55,4.09,18.13,32.45,,32.9,14.44,7.83,,,1.25,,,,164.54,3.5,,0.15,1.1,11.89,,,0.17,,82.98,,232.13,4.02,0.07,0.15,0.08,7.46,0.79,0.54,140.09,119.01,13.06,,,32.35,,1.14,0.05,6.24,8.74,68.79,,,1.24,,43.6,564.95,2862.5,10.16,,0.11,67.02,,0.73,,,3.83,6.68
1981-01-01,3.48,,44.35,,0.39,,0.15,78.68,,,176.8,71.03,,1.43,3.47,20.25,,,105.29,0.19,1.29,0.74,0.15,5.89,,1.07,263.56,4.37,19.87,1.78,0.97,0.14,,7.64,306.21,,0.69,0.88,34.51,195.87,36.39,0.11,12.54,1.99,2.62,8.43,,20.15,2.09,,61.88,,0.07,7.27,21.81,23.41,3.44,0.04,,,7.32,,1.24,52.49,617.59,1.28,3.86,0.22,,797.44,4.22,52.35,0.44,0.12,,8.61,,0.15,0.57,,2.82,31.06,,3.52,190.91,91.05,100.5,38.42,20.69,,25.57,429.28,2.98,1215.51,4.38,,6.85,0.04,72.43,25.06,,,,,0.43,0.85,,0.51,,5.23,,,3.59,1.24,25.0,0.04,1.54,1.24,0.03,0.75,1.15,250.08,,,1.21,2.31,,17.79,3.54,,2.26,,2.28,162.04,0.97,24.42,,2.17,61.08,,63.6,7.26,28.1,,5.22,2.5,5.22,21.65,35.65,,31.98,15.96,8.66,,,1.41,,,,184.29,3.18,,0.15,1.11,14.17,,,0.19,,89.63,,202.26,4.42,0.08,0.17,0.1,10.02,0.89,0.57,127.86,108.99,15.52,,,34.85,,0.96,0.06,6.99,8.43,71.04,,,1.34,,49.33,540.77,3210.96,11.05,,0.1,75.37,,0.82,,,3.87,8.01
1982-01-01,,,45.21,,0.38,,0.16,84.31,,,193.95,71.28,,1.58,3.65,18.53,,,92.59,0.18,1.27,0.79,0.15,5.59,,1.01,281.68,4.26,19.34,1.75,1.01,0.14,,7.32,313.51,,0.75,0.83,25.33,205.09,38.97,0.11,13.65,2.16,2.61,7.57,,20.95,2.16,,60.41,,0.07,7.96,19.93,25.59,3.4,0.04,,,7.71,,1.19,52.83,586.84,1.29,3.62,0.22,,773.64,4.04,54.62,0.4,0.13,,8.72,,0.17,0.48,,2.9,32.29,,3.23,198.04,95.99,125.95,42.6,21.5,,27.83,425.86,3.29,1129.89,4.68,,6.43,0.04,77.77,21.58,,,,,0.35,0.86,,0.52,,4.76,1.13,,3.53,1.18,26.8,0.05,1.33,1.23,0.03,0.75,1.08,173.72,,,1.14,2.55,,17.69,3.61,,2.13,,2.4,156.46,0.9,24.16,,2.02,51.4,,62.65,7.55,30.73,,5.77,2.37,5.07,21.79,37.14,,30.53,16.76,7.6,,,1.41,0.12,,,153.24,3.11,,0.15,1.3,16.08,,,0.19,,82.7,,195.46,4.77,0.08,0.18,0.11,9.24,0.92,0.54,112.77,111.71,16.3,,,36.59,,0.82,0.06,8.14,8.13,64.55,,,2.18,,46.62,515.05,3344.99,9.18,,0.1,76.56,,0.83,,,3.99,8.54
1983-01-01,,,48.8,,0.33,,0.18,103.98,,,177.18,72.12,,1.73,3.74,17.61,,,87.65,0.19,1.1,0.89,0.17,5.42,,1.17,203.3,3.84,16.56,1.6,1.08,0.14,,7.38,340.55,,0.66,0.83,20.36,230.69,38.73,0.11,11.01,2.1,3.98,6.84,,22.2,2.16,,60.64,,0.08,8.62,17.15,28.14,3.51,0.04,,,8.57,,1.12,51.01,561.85,1.34,3.39,0.21,,767.77,4.06,49.43,0.42,0.13,,9.05,,0.16,0.49,,3.08,29.91,,2.79,215.35,86.3,156.37,40.6,20.79,,31.08,441.58,3.62,1232.34,4.92,,5.98,0.04,87.02,20.87,,,,,0.39,0.82,,0.52,,4.68,1.12,,3.51,1.22,30.35,0.06,1.3,1.17,0.04,0.79,1.09,148.87,0.11,,1.09,2.73,,16.25,3.24,,2.31,,2.45,151.49,0.82,24.31,,1.8,35.45,,61.63,7.93,28.69,,5.92,2.56,5.24,17.35,33.21,,27.24,17.28,6.47,,,1.48,0.11,,,129.17,2.77,,0.15,1.0,17.78,,,0.18,,88.79,,170.49,5.17,0.09,0.2,0.12,8.23,0.88,0.56,103.53,111.31,17.59,,,40.04,,0.77,0.06,7.76,8.35,61.68,,,2.24,,42.8,489.62,3638.14,5.1,,0.11,78.54,,0.92,,,3.22,7.76
1984-01-01,,1.92,53.7,,0.33,,0.21,79.09,,,193.5,67.99,,2.04,3.91,18.92,,,83.8,0.21,1.05,0.99,0.17,6.17,,1.24,209.02,3.78,17.59,1.46,0.99,0.13,,7.8,355.37,,0.64,0.92,19.62,259.95,38.25,0.11,7.86,2.19,4.59,6.84,,24.04,2.28,,59.11,,0.09,10.33,16.91,30.64,3.66,0.05,,,8.1,,1.18,52.93,532.65,1.38,3.56,0.18,,722.37,4.41,48.02,0.38,0.15,,9.47,,0.14,0.44,,3.32,33.51,,2.89,209.33,90.35,162.28,46.8,20.13,,29.15,436.44,2.37,1309.74,4.97,,6.19,0.04,96.6,21.7,,1.76,,,0.33,0.85,,0.5,,4.59,1.29,,2.94,1.21,33.94,0.11,1.23,1.1,0.05,0.73,1.04,175.63,,,1.04,2.1,,14.82,3.38,,1.96,,2.58,142.08,0.8,21.67,,1.46,28.5,,62.06,8.82,31.15,,6.18,2.55,4.07,17.6,31.41,,25.22,19.16,6.7,,,1.59,0.11,,,119.62,2.71,,0.15,1.09,19.74,,,0.25,,87.88,,171.64,6.04,0.1,0.22,0.14,9.7,0.86,0.49,107.66,106.29,17.5,,,41.8,,0.72,0.06,7.76,8.25,59.99,,,3.62,,41.81,461.49,4040.69,4.85,,0.14,56.09,,0.99,,,2.74,6.35
1985-01-01,,1.97,57.94,,0.35,6.68,0.24,88.42,,,180.47,69.39,,2.32,3.65,22.28,,,86.73,0.21,1.05,1.04,0.17,5.38,,1.11,222.94,3.52,17.16,1.55,1.15,0.14,,8.15,364.76,,0.86,1.03,17.7,309.49,34.89,0.11,7.2,2.16,4.8,6.98,,22.92,2.43,,62.66,0.34,0.1,5.04,17.15,34.69,3.8,0.06,,,9.48,,1.14,55.91,555.2,1.51,3.34,0.23,,729.76,4.5,47.82,0.41,0.17,,9.72,,0.14,0.45,,3.64,35.7,,3.01,229.41,90.81,180.18,48.28,21.3,,27.49,450.73,2.1,1400.71,4.99,,6.14,0.03,100.27,21.44,,2.37,,,0.27,0.85,,0.53,,4.74,1.35,,2.86,1.13,31.2,0.13,1.39,1.12,0.04,0.68,1.08,184.47,,,1.08,2.19,,14.99,4.46,,1.62,,2.62,142.01,0.85,24.68,,1.44,28.87,,65.42,10.01,31.14,,6.54,2.42,2.97,16.55,30.73,,27.12,20.29,6.15,,,1.72,0.1,,,103.9,2.96,,0.17,0.86,19.14,,,0.23,,69.21,,180.3,5.98,0.11,0.24,0.15,12.4,0.87,0.36,112.51,107.77,16.4,,,38.9,,0.76,0.06,7.38,8.41,67.23,,,3.52,,40.6,489.29,4346.73,4.73,,0.12,57.94,14.09,0.99,,,2.28,5.64
1986-01-01,,2.17,63.7,,0.48,6.68,0.29,110.93,,,182.28,99.04,,2.47,3.05,21.77,,,120.66,0.23,1.34,1.17,0.2,3.96,,1.39,268.14,2.36,20.25,2.04,1.2,0.19,,10.62,377.44,,1.12,1.07,18.89,300.76,34.94,0.16,8.1,1.85,5.48,9.16,,24.23,3.09,,88.08,,0.11,6.12,15.31,35.88,3.77,0.08,,,9.85,,1.29,73.59,774.56,2.3,3.4,0.19,,1042.3,5.73,56.38,0.6,0.19,,7.23,1.92,0.13,0.5,,3.81,41.08,,4.02,245.66,85.13,209.09,47.13,28.75,,34.08,638.27,2.75,2075.03,6.4,,7.24,0.03,115.54,17.9,,1.78,,,0.32,0.84,,0.78,,6.92,1.52,,3.26,1.18,27.73,0.14,1.85,1.44,0.06,0.8,1.47,129.44,0.11,,1.52,2.9,,19.46,5.25,,1.82,,2.85,198.3,1.2,30.61,,1.9,20.72,,78.69,7.32,31.9,,6.8,2.65,3.44,15.24,29.87,,38.75,21.97,5.05,,,1.94,0.1,,,86.96,4.19,,0.21,0.49,18.57,,,0.21,,82.11,,250.64,6.41,0.13,0.29,0.16,15.77,0.89,0.45,148.38,154.48,13.29,,,43.1,,1.06,0.07,4.79,9.02,75.73,,,3.92,,33.94,601.45,4590.16,5.88,,0.12,58.79,26.34,1.04,,,1.66,6.22
1987-01-01,,2.16,66.74,,0.61,6.68,0.34,111.11,,,189.38,124.17,,2.71,3.39,24.3,,,150.19,0.28,1.56,1.3,0.25,4.35,,1.97,294.08,2.75,28.1,2.37,1.13,0.24,,12.3,431.32,,1.2,1.16,22.26,272.97,36.37,0.2,7.66,2.3,5.84,10.09,,25.21,3.7,,109.41,0.37,0.13,5.83,13.95,40.51,3.96,0.09,,,10.53,,1.18,91.64,938.37,2.54,3.28,0.22,,1293.26,5.07,65.65,0.79,0.22,,7.08,2.04,0.17,0.35,,4.15,50.62,,5.57,275.31,80.84,134.01,56.61,33.96,,40.95,803.06,3.29,2514.28,6.76,,7.97,0.03,146.13,22.37,,1.09,,,0.4,0.97,,1.05,,8.61,1.94,,2.57,1.18,32.18,0.14,2.09,1.75,0.06,0.91,1.89,140.26,0.12,,1.84,3.02,,21.77,2.35,,2.31,,2.96,241.92,1.49,40.38,,2.23,24.09,,94.23,7.81,33.35,,6.83,3.14,3.78,20.7,33.2,,48.19,23.88,5.45,38.41,,2.16,0.11,,,85.7,5.04,,0.25,0.7,20.9,,,0.24,,107.41,,317.88,6.68,0.14,0.32,0.18,20.16,0.98,0.58,180.43,193.47,11.36,,,50.54,,1.25,0.08,4.8,9.7,87.17,2.33,,6.27,64.09,36.38,745.16,4870.22,7.37,,0.13,45.34,36.66,1.15,,,2.27,6.74
1988-01-01,,2.13,59.09,,0.72,6.68,0.4,126.21,,,236.14,133.34,,2.82,3.7,26.58,,,163.17,0.31,1.62,1.42,0.28,4.6,,2.64,330.4,2.69,22.56,2.62,1.08,0.26,,12.49,507.35,,1.26,1.48,26.04,312.35,39.21,0.21,8.86,2.21,6.06,10.26,,27.46,4.28,,115.55,0.4,0.14,5.37,13.05,35.04,4.19,0.1,,,10.91,,1.11,109.1,1023.5,2.69,3.83,0.27,,1395.93,5.2,76.26,0.9,0.24,,7.84,2.38,0.16,0.41,,3.97,59.71,,6.16,292.63,89.76,123.06,62.5,37.82,,50.08,888.67,3.83,3050.64,6.28,,8.36,0.04,196.96,20.69,,0.6,,3.31,0.47,1.04,,1.16,,9.75,2.27,,2.44,1.38,35.27,0.17,2.17,2.02,0.07,0.96,2.14,183.14,0.12,,2.0,3.2,,25.71,2.09,,2.51,,3.49,258.57,2.07,45.18,,2.28,23.27,,101.9,8.39,38.47,,5.9,3.66,4.08,15.44,37.89,,56.35,26.18,6.04,40.81,,2.4,0.13,,,88.26,4.99,,0.28,1.06,25.34,,,0.31,,118.33,,375.14,6.98,0.17,0.37,0.2,15.4,1.16,0.69,204.07,209.3,10.58,,5.1,61.67,,1.38,0.11,4.5,10.1,90.85,3.01,,6.51,74.7,36.28,910.12,5252.63,8.21,,0.15,58.43,25.42,1.2,,,3.71,7.81
1989-01-01,,2.34,55.63,,0.8,10.03,0.44,76.64,,,299.94,133.11,,3.06,3.86,28.78,,,165.1,0.36,1.5,1.5,0.28,4.72,,3.08,425.6,2.99,21.99,2.62,1.11,0.27,,11.14,565.06,,1.23,1.43,29.89,347.77,39.54,0.2,9.02,2.39,6.87,9.76,,27.02,4.56,,112.41,0.41,0.15,6.69,13.89,39.65,4.37,0.09,,,11.48,,1.18,119.06,1030.12,2.64,4.19,0.28,,1393.67,5.25,79.17,0.93,0.27,,8.41,2.43,0.21,0.38,,3.56,68.79,,5.72,292.09,100.56,120.5,65.64,39.29,,49.88,925.6,4.4,3052.32,4.22,,8.28,0.04,243.53,24.31,,0.71,,2.72,0.5,0.79,,1.12,,10.39,2.68,,2.5,1.59,38.85,0.19,2.18,2.12,0.07,0.98,2.19,222.98,0.14,,2.01,3.58,,26.31,2.31,,2.55,,3.53,255.04,2.19,43.92,1.02,2.18,24.23,,102.63,9.37,40.17,,5.92,3.55,4.6,22.5,42.58,,60.6,28.27,6.49,42.11,506.5,2.41,0.12,,,95.34,4.91,,0.3,0.93,30.42,,,0.33,,128.9,,413.63,6.99,0.19,0.42,0.21,15.29,0.54,0.7,214.88,202.08,9.85,,4.42,72.25,,1.35,0.11,4.32,10.1,107.14,3.01,,5.28,82.71,41.46,926.88,5657.69,8.44,,0.14,42.12,6.29,1.34,,,4.0,8.29
1990-01-01,,2.1,62.05,,1.03,10.03,0.46,141.35,2.26,,311.43,166.46,8.86,3.17,4.23,31.6,2.02,21.65,206.43,0.41,1.96,1.59,0.3,4.87,,3.79,461.95,3.52,20.63,3.1,1.13,0.31,,11.15,593.93,,1.44,1.74,33.11,360.86,40.27,0.25,9.35,2.8,7.4,10.8,,28.65,5.59,40.48,138.25,0.45,0.17,7.07,15.24,43.13,4.8,0.11,,,12.18,,1.34,141.52,1275.3,3.18,5.95,0.32,7.75,1764.97,5.89,97.89,1.02,0.28,,7.65,2.67,0.24,0.4,,3.05,76.93,,6.52,316.7,113.01,124.81,179.89,49.36,,58.99,1177.33,4.59,3139.97,4.16,26.93,8.57,0.04,279.35,18.43,2.67,0.87,,2.84,0.6,0.38,28.9,1.42,,13.23,3.22,4.47,3.08,1.88,44.02,0.22,2.68,2.55,0.08,1.02,2.65,262.71,0.15,,2.48,2.56,,30.18,2.51,,2.8,,3.63,314.27,2.53,45.5,1.01,2.48,30.76,,119.79,11.69,40.01,0.08,6.43,3.22,5.7,26.41,44.31,65.98,78.72,30.6,7.36,39.0,516.81,2.55,0.13,,,117.63,5.72,,0.37,0.65,36.15,12.69,,0.3,,115.55,,535.1,8.03,0.21,0.48,0.24,12.41,0.39,1.11,258.15,258.07,12.31,2.63,4.26,85.34,,1.63,0.11,5.07,12.29,150.68,3.19,0.01,4.3,81.46,50.7,1093.17,5979.59,9.3,13.36,0.16,47.03,6.47,1.56,,5.65,3.29,8.78
1991-01-01,,1.14,45.72,,1.11,12.12,0.48,189.72,2.07,,326.07,173.79,8.79,3.11,4.62,30.96,2.01,17.42,211.64,0.44,1.99,1.63,0.25,5.34,,3.94,602.86,3.7,10.94,3.14,1.17,0.32,,12.43,610.33,,1.38,1.88,37.83,383.37,41.24,0.25,9.09,2.72,7.17,10.49,,24.32,5.77,29.68,139.22,0.46,0.18,9.72,16.99,36.97,5.31,0.11,,,13.46,,1.38,127.87,1275.56,3.27,5.4,0.69,6.36,1861.87,6.6,105.14,1.02,0.3,,9.41,3.01,0.26,0.34,3.47,3.07,88.96,34.75,6.97,266.5,124.17,,,49.85,,67.53,1242.11,4.07,3578.14,4.34,24.88,8.15,0.05,325.73,11.01,2.57,1.03,,4.45,0.7,0.35,32.0,1.48,,14.32,3.74,4.69,2.65,2.2,49.14,0.24,2.72,2.75,0.08,1.44,2.86,314.45,0.17,,2.48,2.38,,32.29,3.26,,3.01,,3.92,323.32,2.65,42.75,1.49,2.33,27.39,,121.87,11.34,45.45,0.08,7.07,3.79,6.98,34.67,45.42,85.5,89.24,32.29,6.88,29.0,517.96,1.91,0.13,,,132.22,5.62,,0.37,0.78,45.47,14.21,,0.32,,123.94,,575.6,9.0,0.21,0.51,0.25,11.38,0.45,1.16,270.36,261.11,12.98,2.53,4.96,98.23,,1.6,0.13,5.31,13.07,150.03,3.21,0.01,3.32,77.46,51.55,1142.8,6174.04,11.21,13.68,0.19,51.75,9.61,1.67,,5.93,3.38,8.64
1992-01-01,,0.71,48.0,,1.21,5.68,0.5,228.79,1.27,,325.69,195.08,4.99,3.11,4.75,31.71,1.95,17.12,236.04,0.52,1.7,1.68,0.25,5.64,,4.15,400.6,4.18,10.35,2.24,1.08,0.36,,11.4,592.39,,1.41,1.88,45.96,426.92,49.28,0.27,8.21,2.93,8.53,11.15,,22.09,6.91,34.59,152.92,0.48,0.19,11.28,18.09,41.86,5.95,0.13,0.48,,10.49,,1.53,112.63,1408.72,3.56,5.59,0.71,3.69,2123.13,6.41,116.22,1.04,0.31,,10.44,3.28,0.23,0.37,2.26,3.42,104.27,38.72,7.14,284.36,136.31,,,55.99,,75.58,1315.81,3.53,3897.83,5.31,24.91,8.21,0.05,350.05,19.86,2.32,1.13,,5.55,0.83,0.22,33.88,1.63,,16.07,4.88,2.32,3.02,1.8,59.17,0.28,2.83,3.02,0.09,1.46,3.22,363.61,0.18,,2.74,1.32,,33.71,2.29,,3.45,,3.4,358.33,2.92,41.65,1.79,2.34,29.3,,130.84,12.45,48.64,0.08,8.04,4.38,7.16,36.14,52.98,94.34,107.6,34.63,7.65,25.12,460.29,2.03,0.13,,,137.09,6.0,,0.43,0.68,52.16,15.43,,0.38,,134.55,,629.2,9.7,0.23,0.57,0.28,7.03,0.4,1.28,280.31,271.81,13.25,1.91,4.6,111.45,,1.69,0.14,5.44,15.5,158.46,3.2,0.01,2.86,73.94,54.24,1179.66,6539.3,12.88,12.94,0.2,58.45,9.87,1.77,,6.46,3.18,6.75
1993-01-01,,1.23,49.95,,1.01,5.28,0.54,236.74,1.2,,312.37,190.38,3.97,3.09,5.2,33.17,2.05,16.29,225.92,0.56,2.27,1.82,0.24,5.73,,4.16,437.8,4.11,10.83,2.33,0.94,0.49,2.53,15.5,577.17,,1.28,1.46,49.3,444.73,55.8,0.26,10.71,1.92,9.54,11.05,,22.37,6.59,40.61,143.2,0.47,0.2,12.98,18.94,46.58,6.94,0.14,0.47,,8.83,,1.64,89.26,1330.09,3.69,4.38,0.76,2.7,2068.56,5.97,108.81,0.93,0.31,,11.4,3.28,0.24,0.44,1.88,3.48,120.35,40.12,6.27,275.57,168.23,63.74,,52.48,,75.95,1061.45,4.86,4466.57,5.61,23.41,5.75,0.05,386.3,23.94,2.03,1.33,,7.54,0.84,0.16,30.66,1.67,,16.49,5.63,2.55,3.37,2.07,66.89,0.32,2.82,2.71,0.1,1.25,3.26,503.96,0.2,,2.57,0.77,,31.66,2.39,,3.22,,3.66,349.04,3.07,46.78,1.76,1.61,15.79,,120.58,12.49,51.48,0.08,8.78,4.97,7.25,35.16,54.37,96.05,95.02,36.92,7.16,26.36,435.08,1.97,0.13,,,132.97,5.68,,0.47,0.77,60.64,16.45,,0.41,,134.31,,523.65,10.34,0.25,0.57,0.29,8.88,0.43,1.36,209.95,264.35,13.7,1.65,4.26,128.89,,1.23,0.14,4.67,14.61,180.17,3.18,0.01,3.22,65.65,55.63,1061.39,6878.72,15.0,13.1,0.19,58.12,13.18,2.0,,5.37,3.27,6.56
1994-01-01,,1.99,42.54,,1.02,4.06,0.59,257.44,1.32,1.33,323.22,203.54,3.31,3.26,5.57,33.77,2.15,14.93,246.19,0.58,1.6,1.87,0.27,5.98,1.26,4.26,558.11,4.09,9.7,1.9,0.93,0.41,2.79,10.6,578.14,,0.85,1.18,57.01,564.32,81.7,0.19,5.82,1.77,10.43,8.31,,28.45,7.43,47.55,156.16,0.49,0.22,14.51,22.71,51.9,8.09,0.1,0.53,,6.93,,1.83,103.32,1401.64,3.52,4.19,0.75,2.51,2205.97,5.44,116.6,1.01,0.33,,12.98,3.38,0.24,0.54,2.17,3.43,135.81,43.16,6.44,322.91,188.34,71.84,,57.17,,86.31,1095.59,4.91,4907.04,6.24,21.25,7.15,0.05,455.6,24.85,1.68,1.54,,9.6,0.88,0.13,28.61,1.95,,18.33,6.27,3.38,2.98,1.18,74.48,0.36,2.08,3.0,0.11,1.32,3.56,527.32,0.2,,2.72,0.93,,35.6,2.46,,3.64,,4.07,374.29,3.04,55.32,3.86,1.56,18.09,,127.13,12.92,51.89,0.08,9.37,5.5,7.87,44.88,64.08,110.8,99.7,39.69,7.37,30.07,395.08,0.75,0.22,,,135.17,3.88,,0.49,0.91,73.78,20.08,,0.46,,139.75,,529.12,11.72,0.28,0.6,0.29,12.79,0.61,1.42,226.08,292.65,10.12,1.35,4.51,146.68,,0.98,0.19,4.95,15.63,130.69,2.56,0.01,3.99,52.55,59.31,1140.49,7308.76,17.47,12.9,0.22,56.53,16.29,,2.84,4.17,3.66,6.89
1995-01-01,,2.42,41.76,,1.18,5.04,0.58,258.03,1.47,1.32,368.39,241.04,3.05,3.43,5.85,37.94,2.26,13.97,289.57,0.62,2.17,2.03,0.3,6.72,1.87,4.73,785.64,4.73,13.06,2.38,1.0,0.49,3.44,9.64,604.03,,1.12,1.45,73.45,734.55,92.51,0.23,5.64,2.12,11.51,11.0,22.39,30.43,9.83,59.78,185.01,0.5,0.22,16.36,24.43,60.16,9.5,0.14,0.58,4.37,7.66,,1.97,134.2,1609.89,3.98,4.96,0.79,2.69,2591.62,6.47,136.88,1.21,0.34,,14.66,3.69,0.25,0.62,2.81,3.91,144.65,46.42,7.18,355.48,215.22,96.42,,69.22,0.91,100.34,1170.79,5.78,5449.12,6.73,20.37,9.05,0.06,556.13,27.19,1.66,1.76,5.79,11.72,1.0,0.13,25.54,2.43,7.87,21.59,7.0,4.45,3.16,1.4,88.7,0.4,2.71,3.44,0.12,1.42,4.04,343.79,0.22,1.75,3.13,1.45,,39.03,2.52,,3.94,,4.4,446.53,3.63,63.92,4.14,1.88,28.55,,152.03,13.8,60.64,0.1,9.57,4.64,9.06,53.31,74.12,142.14,118.13,42.65,8.14,37.66,395.53,1.29,0.22,,,143.34,4.88,16.75,0.51,0.87,87.89,25.73,21.27,0.52,,155.46,,612.94,13.03,0.3,0.64,0.32,13.83,0.69,1.7,264.05,342.62,11.4,1.23,5.26,169.28,,1.31,0.2,5.33,18.03,169.49,2.48,0.01,5.76,48.21,65.74,1335.22,7664.06,19.3,13.35,0.23,74.91,20.74,,3.28,4.26,3.81,7.11
1996-01-01,,3.31,46.94,,1.22,7.53,0.63,272.15,1.6,1.38,401.82,237.25,3.18,3.61,6.1,46.44,2.41,14.76,281.36,0.64,2.36,2.7,0.32,7.4,2.79,4.85,850.43,5.12,10.11,2.59,0.87,0.5,3.51,10.51,628.55,1.01,1.01,1.61,78.04,863.75,97.16,0.23,5.77,2.54,11.62,12.14,23.68,25.02,9.9,66.99,187.63,0.49,0.24,18.13,25.23,67.63,10.32,0.23,0.69,4.75,8.55,,2.13,132.1,1614.25,3.95,5.69,0.85,3.09,2503.67,6.93,145.86,1.2,0.37,,15.67,3.87,0.27,0.71,2.91,4.03,159.72,46.66,7.5,387.66,242.09,120.4,,75.88,1.02,109.96,1308.93,6.5,4833.71,6.93,21.04,12.05,0.07,598.1,31.49,1.83,1.87,5.97,13.69,0.95,0.16,27.88,2.5,8.39,21.78,7.12,4.42,4.0,2.28,100.85,0.45,2.78,3.57,0.11,1.44,4.42,397.4,0.22,1.7,3.14,1.35,,43.16,3.52,,3.95,,4.52,445.7,3.61,70.14,4.31,1.99,34.99,,163.52,15.28,63.32,0.11,9.87,5.16,9.79,55.25,82.85,159.94,122.63,45.34,9.06,37.18,391.72,1.38,0.25,,,158.66,5.07,20.95,0.5,0.94,96.4,27.82,21.48,0.57,,147.61,,641.0,13.9,0.32,0.66,0.33,9.02,0.86,1.6,288.1,330.09,13.79,1.04,6.5,183.04,,1.47,0.22,5.76,19.59,181.48,2.38,0.01,6.04,44.56,73.57,1408.78,8100.2,20.52,13.95,0.25,68.26,24.66,,3.41,5.79,3.6,8.55
1997-01-01,,2.36,48.18,,1.18,7.65,0.68,292.86,1.64,1.53,436.1,212.79,3.96,4.96,6.35,48.24,2.55,14.13,254.81,0.65,2.27,2.93,0.37,7.93,3.67,5.02,883.2,5.2,11.2,2.45,0.97,0.49,3.44,10.83,652.83,,0.94,1.54,84.95,961.6,106.66,0.21,6.09,2.32,12.55,11.72,23.82,25.37,9.59,61.79,173.54,0.5,0.25,19.59,28.16,78.44,11.13,0.44,0.69,5.07,8.59,,2.09,126.83,1460.71,3.57,5.33,0.8,3.51,2218.69,6.89,143.16,1.07,0.39,,17.79,3.78,0.27,0.75,3.34,4.66,177.35,47.29,7.6,410.32,229.71,113.92,,82.83,1.18,114.72,1239.05,7.45,4414.73,7.25,22.17,13.12,0.07,557.5,30.35,1.77,1.75,6.53,15.75,1.0,0.3,30.7,2.3,10.12,19.73,7.21,3.74,3.55,2.66,100.01,0.51,2.7,3.71,0.11,1.4,4.19,480.55,0.21,1.93,2.84,1.18,,39.15,4.23,,4.1,,4.92,412.2,3.29,66.07,4.39,1.85,35.82,,161.35,15.84,62.43,0.11,10.68,4.94,9.97,58.15,82.34,159.12,117.05,48.19,11.3,35.84,404.93,1.85,0.29,,,165.96,4.67,24.15,0.56,0.85,100.16,27.66,20.75,0.57,,152.59,,588.69,15.09,0.36,0.68,0.35,11.68,0.93,1.72,264.48,286.52,14.51,0.92,7.68,150.18,,1.5,0.21,5.74,20.75,189.83,2.45,0.01,6.27,50.15,78.84,1552.48,8608.52,23.97,14.74,0.26,85.84,26.84,,3.76,6.84,4.3,8.53
1998-01-01,,2.71,48.19,,1.21,6.45,0.73,298.95,1.89,1.67,399.78,218.26,4.45,5.35,6.18,49.98,2.87,15.22,260.6,0.69,2.46,3.13,0.38,8.5,4.12,4.79,863.72,4.05,14.63,2.8,0.89,0.52,3.12,10.61,631.81,,0.97,1.74,81.58,1029.04,98.44,0.22,6.22,1.95,13.62,12.61,25.43,25.74,10.35,66.49,176.99,0.51,0.26,21.17,27.98,84.83,12.01,0.37,0.75,5.62,7.82,1.11,1.66,133.94,1510.76,3.78,4.48,0.84,3.61,2243.23,7.48,144.43,1.15,0.45,,19.4,3.59,0.21,0.72,3.72,5.2,168.89,48.77,8.47,415.73,101.62,110.28,,90.08,1.38,115.98,1266.31,8.72,4032.51,7.91,22.14,14.09,0.07,374.24,25.94,1.65,1.28,7.17,17.25,0.93,0.36,27.25,2.48,11.24,20.21,6.74,3.57,3.74,1.75,72.17,0.54,2.92,3.92,0.11,1.38,4.17,502.01,0.22,1.64,2.93,1.12,,41.81,4.87,,3.83,,4.86,432.48,3.16,56.23,4.64,2.08,32.0,,154.17,14.09,62.19,0.12,11.58,3.79,9.02,55.5,72.21,174.39,123.98,54.09,10.26,41.98,270.95,1.99,0.27,,,146.78,5.03,18.28,0.61,0.67,85.71,29.83,22.13,0.47,,137.77,,617.04,15.79,0.36,0.74,0.37,11.25,0.94,1.58,266.8,295.05,15.2,1.32,9.35,113.68,,1.59,0.19,6.04,21.8,275.77,2.61,0.01,6.58,41.88,75.67,1638.51,9089.17,25.39,14.99,0.26,91.33,27.21,,4.07,6.33,3.54,6.4
1999-01-01,,3.41,48.64,,1.24,6.15,0.77,283.52,1.85,1.72,389.15,217.19,4.58,6.02,6.62,51.27,3.01,12.14,260.2,0.73,2.69,3.32,0.42,8.29,4.69,5.48,599.39,4.6,13.5,2.99,0.81,0.59,3.52,11.2,676.08,,1.0,1.53,75.17,1094.0,86.19,0.22,4.71,2.35,14.2,12.38,23.39,28.36,10.61,64.87,177.97,0.54,0.27,21.71,19.65,90.71,12.46,0.62,0.69,5.73,7.7,1.13,1.94,135.23,1500.28,3.8,4.66,0.81,2.8,2199.96,7.72,142.54,1.13,0.48,,18.32,3.46,0.22,0.69,4.15,5.37,165.77,49.17,8.93,452.7,149.06,113.85,,98.69,1.57,117.19,1248.56,8.8,4562.08,8.15,16.87,12.9,0.07,485.25,30.12,1.25,1.45,7.53,17.39,0.91,0.44,35.98,2.66,10.97,22.24,6.49,3.67,3.72,1.78,79.15,0.59,3.44,4.13,0.11,1.41,4.29,579.46,0.22,1.17,2.91,1.06,,41.63,5.3,,3.82,,5.03,441.98,3.06,58.76,4.86,2.02,35.87,,162.29,15.71,62.97,0.11,12.13,3.48,8.39,50.19,83.0,169.72,127.47,57.84,12.39,36.18,195.91,1.82,0.26,1.22,,161.72,5.14,18.41,0.62,0.67,86.28,30.42,22.69,0.48,,136.63,,633.19,15.66,0.39,0.78,0.39,10.68,0.89,1.55,270.85,289.91,15.87,1.09,9.7,126.67,,1.58,0.2,6.81,22.94,255.88,2.45,0.01,6.0,31.58,84.45,1665.62,9660.62,23.98,17.08,0.27,97.98,28.68,,4.27,7.64,3.4,6.86
2000-01-01,,3.63,54.79,,1.43,9.13,0.83,284.2,1.91,1.87,415.45,196.8,5.27,6.33,9.06,53.37,3.12,12.74,237.9,0.83,2.57,3.48,0.44,8.4,5.51,5.79,655.42,6.0,13.15,2.63,0.87,0.54,3.65,10.08,742.29,,0.91,1.39,77.86,1211.35,99.89,0.2,19.09,3.22,14.95,10.72,21.77,30.57,10.18,61.65,164.16,0.55,0.34,24.0,18.33,99.84,13.13,1.05,0.71,5.69,8.24,1.06,1.68,125.54,1368.44,3.45,5.07,0.78,3.06,1949.95,4.98,130.13,1.07,0.52,,19.29,3.0,0.37,0.71,3.95,7.1,171.67,47.31,8.95,462.15,175.7,109.59,,99.85,1.56,132.34,1141.76,8.93,4887.52,8.46,18.29,12.71,0.07,561.63,37.71,1.37,1.73,7.94,17.26,0.89,0.53,38.27,2.48,11.54,21.26,6.72,3.77,3.88,1.74,93.79,0.62,2.95,4.31,0.11,1.29,4.58,683.65,0.23,1.29,2.65,1.14,0.98,38.86,5.02,8.91,3.91,,5.49,412.81,2.68,52.62,5.11,1.8,46.39,,171.32,19.51,73.95,0.15,12.3,3.52,8.2,51.74,81.03,171.89,118.36,61.7,17.76,37.44,259.71,1.73,0.27,1.1,,189.51,4.68,6.54,0.61,0.64,95.83,29.11,20.34,0.44,,136.36,,595.4,16.33,0.42,0.78,0.4,12.26,0.89,1.74,259.8,272.06,19.33,0.86,10.19,126.39,0.35,1.29,0.2,8.15,21.47,272.98,2.9,0.01,6.19,31.26,104.34,1647.95,10284.78,22.82,13.76,0.27,117.14,31.17,,4.31,9.64,3.6,6.69
2001-01-01,2.46,4.06,54.74,,1.5,8.94,0.8,268.7,2.12,1.92,378.9,197.34,5.71,6.52,8.98,53.99,3.12,12.35,237.84,0.87,2.68,3.68,0.48,8.14,5.75,5.49,559.37,5.6,14.14,2.81,0.88,0.56,3.98,10.37,736.38,,0.93,1.71,70.98,1339.4,98.2,0.22,7.44,2.79,15.91,11.19,23.29,31.68,10.57,67.52,164.79,0.57,0.34,24.89,24.47,97.63,13.81,1.46,0.75,6.25,8.23,1.15,1.66,129.25,1382.22,,5.02,0.69,3.22,1950.65,5.31,136.19,1.09,0.52,,18.7,2.83,0.39,0.7,3.6,7.57,169.4,53.82,8.15,478.97,170.83,126.88,,109.13,1.61,130.71,1162.32,9.09,4303.54,8.98,22.15,12.99,0.06,533.05,34.89,1.53,1.77,8.35,17.65,0.83,0.52,34.11,2.49,12.25,21.27,6.81,3.71,4.53,1.72,92.78,0.87,3.47,4.33,0.12,1.3,4.54,724.7,0.24,1.48,2.67,1.27,1.16,39.46,4.77,6.48,3.55,,6.01,426.57,,53.87,5.32,1.95,44.14,,174.0,19.45,72.31,0.16,12.5,3.08,7.66,52.03,76.26,190.52,121.55,69.67,17.54,40.72,306.6,1.67,0.27,1.16,0.07,184.14,4.88,12.27,0.62,1.08,89.29,30.7,20.88,0.4,,121.6,,625.98,15.75,0.46,0.74,0.43,13.18,0.76,1.54,239.92,278.63,21.1,1.08,10.38,120.3,0.43,1.33,0.18,8.82,22.07,200.25,3.53,0.01,5.84,38.01,103.31,1621.51,10621.82,20.9,11.4,0.26,122.9,32.69,,4.0,9.85,4.09,6.78
2002-01-01,4.13,4.44,56.76,0.51,1.73,12.5,0.81,97.72,2.38,1.94,394.64,213.38,6.24,6.96,9.63,54.72,3.17,14.59,258.86,0.93,3.05,3.94,0.54,7.91,6.65,5.44,507.96,5.84,16.36,3.21,0.83,0.62,4.28,11.58,757.95,,0.99,1.99,69.74,1470.55,97.93,0.25,8.73,3.02,16.5,12.35,26.88,33.59,11.62,81.91,178.64,0.59,0.34,26.57,28.55,87.85,14.31,1.81,0.73,7.32,7.85,1.27,1.84,139.55,1500.34,,5.31,0.58,3.4,2079.14,6.17,153.83,1.17,0.54,3.38,20.78,2.95,0.42,0.72,3.47,7.78,166.35,67.72,9.2,508.07,208.33,128.63,,127.95,1.9,121.07,1266.51,9.69,4115.12,9.58,24.64,13.15,0.07,609.02,38.14,1.61,1.76,9.55,19.15,0.78,0.54,20.48,2.69,14.28,23.62,7.32,4.02,4.4,3.5,100.85,0.9,3.89,4.69,0.12,1.32,4.77,741.56,0.24,1.66,2.91,1.4,1.28,42.24,5.03,6.78,3.36,,6.05,465.37,,66.63,5.22,2.17,59.12,1.28,195.42,20.14,72.31,0.16,12.99,3.0,6.33,54.78,81.36,198.68,134.23,72.55,19.36,46.17,345.11,1.68,0.29,1.25,0.08,189.61,5.33,16.12,0.7,1.24,91.94,35.08,23.56,0.34,,115.75,,705.15,16.54,0.48,0.75,0.46,14.8,1.08,1.43,263.93,301.42,21.58,1.22,10.81,134.3,0.42,1.47,0.18,9.01,23.14,238.43,4.46,0.02,6.18,42.39,109.82,1768.41,10977.51,13.61,9.69,0.26,92.89,35.06,3.27,3.56,10.69,4.19,6.34
2003-01-01,4.58,5.75,67.86,0.53,2.4,14.19,0.86,127.59,2.81,2.02,466.85,261.7,7.28,6.95,11.07,60.16,3.27,17.83,319.0,0.99,3.91,4.19,0.62,8.08,8.37,7.51,558.32,6.56,21.07,4.21,0.78,0.81,4.66,14.55,892.38,,1.14,2.74,75.64,1660.29,94.68,0.32,8.94,3.5,17.2,15.31,34.66,35.9,14.58,99.63,218.1,0.62,0.35,21.28,32.43,82.92,15.05,2.48,0.87,9.83,8.62,1.49,2.32,171.07,1848.12,,6.5,0.49,3.99,2505.73,7.63,201.92,1.41,0.59,3.56,21.92,3.45,0.48,0.74,2.96,8.14,161.38,85.32,11.3,599.59,249.97,153.54,,164.29,2.26,126.86,1569.65,9.4,4445.66,10.2,30.83,14.9,0.09,680.52,47.88,1.92,2.02,11.75,20.08,1.16,0.42,26.27,3.07,18.8,29.56,8.2,4.95,5.47,3.21,110.2,1.05,4.7,5.46,0.13,1.56,5.61,713.28,0.25,1.98,3.59,1.6,1.71,52.06,5.6,10.47,4.93,,6.33,571.86,,88.25,5.32,2.73,67.66,1.24,228.75,21.63,83.24,0.16,13.69,3.54,6.59,58.73,83.91,217.52,164.96,75.83,23.53,59.87,430.35,1.85,0.34,1.6,0.1,215.81,6.86,21.19,0.71,1.37,97.0,46.73,29.7,0.33,,175.26,,906.85,18.88,0.47,0.82,0.48,17.65,1.27,2.2,331.11,352.91,21.83,1.55,11.66,152.28,0.43,1.67,0.2,11.31,27.45,311.82,5.98,0.02,6.34,50.13,124.35,2038.4,11510.67,12.05,10.13,0.31,83.62,39.55,3.45,3.97,11.78,4.9,5.73
2004-01-01,5.29,7.31,85.32,0.51,2.94,19.64,0.92,164.66,3.58,2.23,613.33,300.9,8.68,7.09,13.15,65.11,3.51,23.14,370.89,1.06,4.52,4.48,0.7,8.77,10.02,8.96,669.32,7.87,26.09,4.84,0.92,0.92,5.34,17.43,1023.2,,1.27,4.41,99.21,1955.35,117.07,0.37,10.3,4.65,18.53,16.55,41.57,38.2,17.42,119.16,251.37,0.67,0.37,22.04,36.59,78.85,15.8,4.41,1.11,12.06,10.13,1.68,2.73,196.77,2124.11,,7.76,0.58,5.13,2819.25,8.88,240.52,1.62,0.6,3.86,23.97,3.67,0.53,0.79,3.54,8.77,169.1,104.07,13.7,699.69,273.46,190.04,36.63,193.87,2.76,135.45,1798.31,10.15,4815.15,11.41,43.15,16.1,0.1,764.88,59.44,2.21,2.37,14.37,20.96,1.51,0.47,33.12,3.45,22.65,34.69,10.59,5.68,4.36,3.48,124.75,1.23,5.44,6.06,0.13,1.83,6.39,770.27,0.24,2.6,4.11,1.99,2.07,59.63,6.83,10.57,6.61,,7.27,650.53,,103.91,5.8,3.05,87.85,1.21,264.36,24.76,97.98,0.17,15.01,3.93,8.03,66.77,91.37,255.1,189.19,80.32,31.73,76.22,591.02,2.09,0.42,1.88,0.11,258.74,8.03,24.86,0.84,1.43,114.19,57.24,34.47,0.38,,228.94,,1069.56,20.66,0.5,0.89,0.52,21.46,1.48,2.77,381.71,394.16,25.09,2.08,12.83,172.9,0.44,1.94,0.23,13.28,31.18,404.79,6.84,0.02,7.94,64.88,147.82,2398.56,12274.93,13.69,12.03,0.36,112.45,45.43,3.8,4.33,13.87,6.22,5.81
2005-01-01,6.28,8.16,103.2,0.5,3.26,28.23,1.02,198.74,4.9,2.33,693.76,315.97,13.25,7.71,15.97,69.44,3.9,30.21,387.37,1.11,4.8,4.87,0.82,9.55,11.23,9.93,891.63,9.53,29.82,5.46,1.12,0.97,6.29,17.94,1169.36,,1.35,6.65,122.96,2285.97,146.57,0.38,11.96,6.09,19.95,17.08,45.42,42.64,18.7,136.28,264.47,0.71,0.37,34.0,41.51,89.69,17.09,8.22,1.1,14.01,12.4,1.73,3.01,204.44,2203.68,,9.58,0.62,6.41,2861.41,10.73,247.78,1.66,0.7,4.2,27.21,2.94,0.59,0.82,4.31,9.67,181.57,113.04,16.69,808.9,304.37,226.45,49.95,211.65,2.97,142.46,1852.66,11.2,4755.41,12.59,57.12,18.74,0.11,898.14,80.8,2.46,2.74,16.92,21.29,1.68,0.55,47.33,3.66,26.13,37.35,12.09,6.26,5.04,3.66,143.53,1.16,6.25,6.39,0.14,2.18,6.28,866.35,0.25,2.99,4.28,2.52,2.26,62.34,7.72,11.99,7.26,,8.13,678.53,,114.72,6.32,3.41,112.25,1.06,308.72,31.08,109.5,0.19,16.37,4.87,8.73,76.06,103.07,306.13,197.3,83.91,44.53,99.7,764.02,2.58,0.46,1.96,0.13,328.46,8.71,26.25,0.92,1.63,127.42,62.7,36.35,0.41,,257.67,,1157.28,24.41,0.54,0.95,0.55,26.52,1.79,3.18,389.04,408.69,28.86,2.31,16.93,189.32,0.47,2.12,0.26,15.98,32.27,501.42,8.1,0.02,9.01,86.14,180.62,2520.7,13093.73,17.36,14.31,0.39,145.51,57.63,4.44,4.83,16.75,8.33,5.76
2006-01-01,7.06,8.99,117.03,0.5,3.54,41.79,1.16,232.56,6.38,2.42,747.57,336.0,20.98,7.97,18.51,71.82,4.25,36.96,409.81,1.22,5.14,5.41,0.9,11.45,12.87,10.13,1107.64,11.47,34.3,5.84,1.27,1.11,7.27,19.36,1315.42,3.21,1.46,7.42,154.79,2752.13,162.59,0.41,14.3,7.73,22.6,17.8,50.45,52.74,20.4,155.46,282.88,0.77,0.39,35.95,46.8,107.48,18.55,10.09,1.21,16.96,15.28,1.97,3.1,216.55,2325.01,,10.32,0.66,7.75,3002.45,20.41,273.32,1.82,0.7,4.21,30.23,4.22,0.59,1.46,4.76,10.84,193.54,115.3,17.04,920.32,388.17,266.3,65.14,232.09,3.34,153.97,1942.63,11.91,4530.38,15.06,81.0,25.83,0.11,1011.8,101.55,2.83,3.45,21.45,21.8,1.8,0.6,54.96,4.0,30.22,42.41,14.79,6.86,5.52,4.0,162.69,1.58,6.9,6.76,0.14,3.04,7.03,965.28,0.25,3.41,4.66,3.41,2.7,68.64,8.31,14.5,7.98,,9.04,726.65,,111.61,6.76,3.65,145.43,0.99,345.42,37.22,137.26,0.19,18.14,8.31,10.65,88.64,122.21,344.83,208.57,87.28,60.88,123.53,989.93,3.15,0.51,2.09,0.13,376.9,9.36,30.61,1.02,1.89,147.8,70.6,39.59,0.46,,271.81,,1264.55,28.28,0.64,1.13,0.61,35.82,2.63,3.29,420.03,430.92,33.33,2.83,18.61,221.76,0.44,2.2,0.29,18.37,34.38,552.49,10.28,0.02,9.94,107.75,222.12,2692.61,13855.89,19.58,17.33,0.44,183.48,66.37,4.5,4.91,19.08,12.76,5.44
2007-01-01,9.84,10.7,134.98,0.52,4.02,60.45,1.31,287.53,9.21,2.62,853.76,388.69,33.05,8.32,21.73,79.61,4.52,45.28,471.82,1.29,5.97,5.9,1.2,13.12,15.78,10.94,1397.08,12.25,44.77,6.77,1.36,1.51,8.64,22.37,1464.98,,1.7,8.64,173.61,3552.18,207.42,0.46,16.36,8.39,26.74,20.34,60.09,58.6,24.08,189.23,319.42,0.85,0.42,44.17,51.01,130.48,20.1,13.07,1.32,22.24,19.71,2.28,3.41,255.38,2663.11,,12.44,0.8,10.17,3439.95,24.76,318.5,2.05,0.76,4.38,34.11,6.28,0.7,1.74,5.89,12.28,211.6,139.85,21.3,1201.11,460.19,349.88,88.84,269.92,5.69,178.71,2203.05,12.82,4515.26,17.11,104.85,31.96,0.13,1122.68,114.64,3.8,4.22,30.9,24.58,1.82,0.74,67.52,4.6,39.74,50.89,18.34,8.34,7.34,4.43,193.55,1.87,8.15,7.88,0.15,3.36,8.15,1043.47,0.26,4.4,5.97,4.23,3.67,79.04,9.37,20.18,8.74,0.02,10.33,839.42,,137.31,7.42,4.29,166.45,0.94,401.08,42.09,152.39,0.19,20.96,9.55,13.79,102.17,149.36,429.25,240.17,89.52,79.71,171.54,1299.71,3.82,0.55,2.49,0.15,415.96,11.28,40.29,1.03,2.16,179.98,86.3,48.11,0.52,,299.03,,1479.34,32.35,0.67,1.28,0.65,45.9,2.94,3.47,487.82,479.91,40.41,3.72,21.5,262.94,0.53,2.52,0.3,21.64,38.91,675.77,12.66,0.03,12.29,142.72,257.92,3074.36,14477.64,23.41,22.31,0.53,230.36,77.41,4.8,5.51,21.66,14.06,5.29
2008-01-01,10.19,12.88,171.0,0.56,4.01,84.18,1.37,361.56,11.66,2.79,1055.33,430.29,48.85,8.25,25.71,91.63,4.61,60.76,518.63,1.37,7.13,6.11,1.26,16.67,19.11,10.95,1695.82,14.39,54.41,8.37,1.61,1.79,10.35,26.41,1549.13,,1.99,10.35,179.64,4598.21,243.98,0.52,19.21,11.86,30.61,24.22,70.48,60.81,27.84,235.72,353.36,1.0,0.46,48.29,61.76,162.82,21.43,19.75,1.38,24.19,27.07,2.41,3.52,283.74,2923.47,,15.51,0.97,12.8,3752.37,28.53,354.46,2.31,0.83,4.62,39.14,6.96,0.86,1.92,6.55,13.79,219.28,158.0,17.64,1186.95,543.25,406.07,131.61,275.02,5.83,215.84,2390.73,13.68,5037.91,21.97,133.44,35.9,0.14,1002.22,147.4,5.14,5.44,35.6,29.23,1.87,0.85,87.14,5.08,47.85,55.85,20.92,9.91,9.41,5.32,230.81,2.27,9.75,8.98,0.15,3.98,9.99,1101.28,0.26,6.05,6.92,5.62,4.55,92.51,11.49,31.86,8.49,0.04,12.55,936.23,,133.28,8.5,5.4,208.06,0.94,462.55,60.91,170.08,0.2,24.52,11.67,18.5,120.55,174.2,533.82,262.01,93.64,115.27,208.18,1660.84,4.86,0.64,2.75,0.19,519.8,13.44,49.26,0.97,2.51,192.23,100.32,55.59,0.61,,287.1,15.55,1635.02,40.71,0.74,1.28,0.7,54.53,3.53,3.29,513.97,554.36,,5.16,27.37,291.38,0.66,3.16,0.35,27.87,44.86,764.34,19.27,0.03,14.24,179.99,315.47,2890.56,14718.58,30.37,29.55,0.61,315.95,99.13,4.25,6.67,26.91,17.91,4.42
2009-01-01,12.49,12.04,137.21,0.68,3.66,75.49,1.22,332.98,8.65,2.5,927.17,400.17,44.29,7.82,22.94,102.48,4.43,49.21,484.55,1.34,7.1,5.81,1.26,17.34,17.61,10.27,1667.02,10.73,51.88,8.37,1.74,1.71,10.4,26.02,1371.15,,1.98,9.25,172.39,5109.95,233.82,0.52,,9.59,30.56,24.28,62.7,62.08,25.94,206.18,321.24,1.05,0.49,48.38,62.52,188.98,20.66,15.03,1.86,19.65,32.44,2.26,2.87,251.5,2693.83,,12.07,0.9,10.77,3418.01,25.98,330.0,2.32,0.77,4.78,37.73,6.72,0.83,2.06,6.58,14.59,214.05,130.59,12.89,1323.94,574.51,414.06,111.66,236.31,5.49,207.42,2185.16,12.04,5231.38,23.82,115.31,37.02,0.13,901.93,105.9,4.69,5.83,26.17,35.48,1.87,1.16,63.03,4.5,37.44,51.37,21.48,9.4,8.55,6.19,202.26,2.35,10.18,8.53,0.15,3.67,9.13,894.95,0.28,5.44,5.56,4.58,4.16,92.9,10.91,36.91,8.88,0.04,12.85,857.93,,121.34,8.3,5.4,169.48,0.8,386.62,48.39,168.15,0.19,26.59,11.62,15.93,120.82,168.33,440.35,243.75,96.39,97.8,167.42,1222.64,5.38,0.56,2.36,0.19,429.1,12.81,42.62,0.85,2.49,192.41,88.95,50.24,0.6,,297.22,12.23,1499.1,42.07,0.72,1.26,0.67,53.15,3.88,3.58,429.66,541.51,,4.98,28.57,281.71,0.79,3.16,0.32,19.18,43.45,644.64,20.21,0.03,18.17,117.23,253.55,2382.83,14418.74,31.66,33.69,0.61,329.79,106.01,4.2,7.27,25.13,15.33,8.62
2010-01-01,15.94,11.93,161.21,0.58,3.36,82.47,1.15,423.63,9.26,2.47,1142.88,391.89,52.9,7.91,25.71,115.28,4.46,57.22,483.55,1.4,6.97,5.74,1.59,19.65,17.18,12.79,2208.87,13.71,50.61,8.98,2.03,1.66,11.24,26.14,1613.46,,1.99,10.66,218.54,6100.62,287.02,0.53,20.52,12.01,37.27,24.88,59.67,64.33,25.56,207.48,322.0,1.13,0.49,53.95,69.56,218.89,21.42,16.3,2.12,19.49,29.93,2.3,3.14,247.8,2646.84,,14.36,0.95,11.64,3417.09,32.17,299.36,2.31,0.77,4.89,41.34,6.86,0.85,2.27,6.62,15.84,228.64,130.92,13.25,1656.62,755.09,487.07,138.52,221.95,5.92,233.61,2125.06,13.19,5700.1,26.43,148.05,40.0,0.15,1094.5,115.42,4.79,7.13,23.76,38.42,2.39,1.29,74.77,5.08,37.12,53.21,28.12,9.41,8.73,6.96,255.02,2.59,10.68,8.74,0.16,4.34,10.0,1051.13,0.3,5.81,5.35,7.19,4.14,93.22,10.15,49.54,11.28,0.05,16.0,836.39,,146.58,8.76,5.72,369.06,0.8,429.13,58.64,177.41,0.18,28.92,14.25,20.03,147.53,199.59,479.26,238.3,98.38,125.12,168.0,1524.92,5.77,0.64,2.14,0.2,528.21,12.95,39.46,0.97,2.62,236.42,89.5,48.01,0.67,,375.3,15.73,1431.62,56.73,0.71,1.38,0.68,65.63,4.37,4.44,488.38,583.78,,5.64,31.41,341.11,0.89,3.17,0.37,22.16,44.05,771.88,22.58,0.03,20.19,136.01,289.88,2441.17,14964.37,40.28,39.33,0.7,393.19,115.93,4.34,8.91,30.91,20.27,10.14
2011-01-01,17.93,12.89,200.02,0.57,3.44,104.12,1.14,530.16,10.14,2.58,1390.56,431.12,65.95,7.89,28.78,128.64,4.66,61.76,527.01,1.49,7.81,5.55,1.82,23.96,18.64,15.68,2616.2,18.53,57.42,10.72,2.36,1.86,12.83,29.34,1788.65,,2.21,12.16,252.25,7572.55,335.42,0.59,23.85,14.43,42.26,25.38,62.24,68.99,27.43,227.95,344.0,1.24,0.5,57.75,79.28,236.0,23.14,21.33,2.61,23.17,31.95,2.47,3.77,273.67,2862.68,,18.19,0.9,14.43,3757.7,39.57,287.8,2.52,0.78,4.93,47.65,6.79,1.1,2.58,7.52,17.71,248.51,140.78,14.67,1823.05,892.97,583.5,185.75,239.02,6.14,261.63,2276.29,14.44,6157.46,28.84,192.63,41.95,0.18,1202.46,154.03,6.2,8.26,28.22,40.08,2.79,1.55,34.7,5.74,43.48,60.0,36.71,10.49,9.89,8.0,297.95,2.77,12.98,9.5,0.17,5.18,11.52,1171.19,0.31,7.02,6.07,10.41,4.54,101.37,13.13,59.98,12.41,0.07,18.91,893.76,,168.46,9.77,6.41,411.74,0.73,498.83,67.94,213.59,0.2,34.37,17.98,25.1,171.76,224.14,528.73,244.9,100.35,167.78,185.36,2051.66,6.49,0.74,2.05,0.23,671.24,14.39,46.47,1.07,2.94,275.6,98.18,51.29,0.89,,416.88,17.83,1488.07,65.29,0.75,1.44,0.68,67.33,4.42,4.82,563.11,699.58,,6.52,33.88,370.82,1.05,3.76,0.42,25.43,45.81,832.55,29.23,0.04,20.18,163.16,350.91,2619.7,15517.93,47.96,45.92,0.79,316.48,135.54,4.24,10.47,32.73,23.46,12.1
2012-01-01,20.54,12.32,209.06,0.64,3.16,115.4,1.21,545.98,10.62,,1538.19,409.43,69.68,10.72,30.75,133.36,4.66,65.69,497.88,1.57,8.15,5.54,1.82,27.08,17.23,14.69,2465.19,19.05,53.9,11.17,2.47,1.75,14.04,29.1,1824.29,,2.18,12.37,267.12,8560.55,369.66,0.57,27.46,13.68,46.47,27.04,56.49,73.14,25.04,207.38,327.15,1.35,0.49,60.61,87.92,279.37,23.81,22.39,,23.04,43.31,2.36,3.97,256.71,2681.42,,17.17,0.91,15.85,3543.98,41.94,245.67,2.41,0.8,5.2,50.39,7.39,0.99,2.86,7.89,18.53,262.63,127.86,14.22,1827.64,917.87,598.85,218.0,225.57,6.43,257.3,2072.82,14.8,6203.21,30.94,208.0,50.41,0.19,1222.81,174.07,6.61,10.19,28.12,43.87,2.68,1.74,,5.46,42.85,56.68,43.03,9.75,9.92,6.03,314.44,2.89,12.44,9.2,0.19,5.23,11.67,1186.6,0.33,7.28,,12.29,4.09,98.27,14.53,59.94,13.02,0.1,18.85,828.95,,176.19,10.53,6.94,460.95,0.75,510.23,76.69,224.38,0.22,39.95,21.3,24.6,192.65,250.09,500.28,216.37,101.08,186.83,171.66,2210.26,7.32,0.8,1.8,0.25,735.97,14.23,40.74,1.13,3.8,289.16,93.41,46.35,1.03,,396.33,10.37,1336.02,68.43,0.73,1.44,0.69,68.13,4.98,4.82,543.88,668.04,,7.63,39.09,397.56,1.19,3.87,0.47,25.69,45.04,873.98,35.16,0.04,23.13,175.78,374.82,2662.09,16155.26,51.26,51.82,0.78,381.29,155.82,4.1,11.28,35.39,25.5,14.24
2013-01-01,20.05,12.78,209.76,0.64,3.28,124.91,1.19,552.03,11.12,,1567.18,430.07,74.16,10.68,32.54,149.99,4.61,75.53,520.93,1.61,9.16,5.57,1.8,30.66,18.18,14.92,2472.81,18.09,55.76,11.95,2.71,1.85,15.45,32.35,1842.63,,1.52,12.95,278.38,9607.22,380.19,0.62,30.01,14.09,49.75,31.27,57.77,77.15,24.08,209.4,343.58,1.46,0.5,61.97,95.13,288.59,24.35,21.94,,25.14,47.65,2.61,4.19,269.98,2808.51,,17.59,0.9,16.14,3752.51,47.81,239.86,2.48,0.84,5.34,53.85,8.38,1.05,2.99,8.45,18.5,275.7,135.22,15.48,1856.72,912.52,467.41,234.65,239.39,6.75,292.49,2130.49,14.27,5155.72,33.59,236.63,55.1,0.19,1305.6,174.16,7.34,11.94,30.31,46.01,2.53,1.95,,6.39,46.47,61.74,51.55,10.82,10.6,5.52,323.28,3.3,13.25,10.15,0.19,5.72,12.13,1261.98,0.32,7.99,,12.58,4.46,106.83,16.02,60.27,12.72,0.11,19.27,866.68,,190.52,10.98,7.67,514.97,0.78,523.5,78.94,231.22,0.23,44.86,21.26,28.97,201.22,271.84,524.2,226.07,103.13,198.73,191.55,2297.13,7.62,0.8,1.87,0.3,746.65,14.85,45.52,1.41,4.92,302.51,98.48,48.12,1.06,5.35,366.81,13.26,1361.85,74.32,0.79,1.49,0.72,72.07,5.15,4.56,578.74,688.5,,8.51,44.33,420.53,1.41,4.08,0.45,26.44,46.25,950.6,39.2,0.04,24.6,183.31,390.43,2739.82,16691.52,57.53,57.69,0.8,371.01,171.22,3.76,12.48,40.42,28.05,15.45
2014-01-01,20.05,13.23,213.81,0.64,3.35,126.78,1.28,526.32,11.61,,1459.6,441.89,75.24,10.84,33.39,172.89,4.61,78.81,531.08,1.71,9.71,,1.94,33.0,18.56,16.26,2455.99,17.1,56.73,12.38,3.09,1.86,16.78,34.94,1792.88,,1.7,13.92,260.99,10482.37,378.2,0.65,34.03,14.18,50.66,35.37,57.08,80.66,23.36,207.82,352.99,1.59,0.52,65.23,101.73,305.53,25.05,21.74,,26.22,55.61,2.81,4.47,272.61,2849.31,,18.18,0.83,16.51,3890.61,38.62,237.03,2.55,0.91,5.53,58.72,8.79,1.06,3.08,8.78,19.76,291.46,140.12,17.18,2035.39,890.81,434.47,234.65,258.1,7.43,308.42,2151.73,13.9,4848.73,35.83,221.42,61.45,0.18,1411.33,162.63,7.47,13.27,31.42,47.83,2.61,2.01,,6.66,48.55,66.33,55.35,11.36,10.67,6.05,338.06,3.7,14.39,11.22,0.18,5.39,12.8,1298.46,0.32,7.98,,12.23,4.59,110.08,16.96,65.45,12.79,0.12,20.0,879.64,,200.7,11.88,8.23,568.5,0.84,499.34,81.03,244.36,0.25,49.17,23.0,30.88,201.05,284.58,545.08,229.63,,206.22,199.49,2063.66,8.02,0.8,1.85,0.35,756.35,15.3,44.21,1.42,5.02,308.14,100.95,49.9,1.16,5.65,351.12,13.28,1376.91,79.36,0.85,1.55,0.73,82.15,5.24,4.38,573.82,709.18,,9.24,48.2,406.52,1.45,4.48,0.44,26.18,47.59,934.17,43.52,0.04,27.3,133.5,403.2,3022.83,17393.1,57.24,63.07,0.81,482.36,186.2,3.62,12.72,43.23,27.15,15.89
2015-01-01,19.22,11.34,165.87,0.66,2.81,102.96,1.36,584.71,10.55,,1345.38,382.07,53.07,11.24,31.13,195.08,4.58,56.45,455.2,1.74,8.29,,2.06,33.0,16.21,14.43,1803.65,12.93,50.2,10.42,3.07,1.57,18.05,30.92,1552.81,,1.58,10.89,242.52,11064.67,291.52,0.57,36.19,8.55,54.84,33.15,48.92,87.13,19.68,186.83,301.3,1.73,0.54,68.1,99.29,332.7,26.05,12.6,,22.57,64.46,2.48,4.39,232.44,2433.56,,14.26,0.91,13.99,3375.61,37.54,195.54,2.22,1.0,5.7,63.77,8.77,1.04,3.2,8.72,20.84,309.4,122.88,16.78,2089.87,861.26,385.87,179.64,290.62,6.79,299.1,1832.35,14.19,4383.08,37.52,184.39,63.77,0.17,1382.76,114.57,6.68,14.39,27.01,49.46,2.51,2.03,,6.29,41.4,57.78,45.42,10.05,9.74,6.37,296.43,4.01,13.1,10.29,0.18,4.84,11.69,1152.26,0.32,6.51,,11.75,4.05,101.19,14.8,59.69,11.57,0.1,21.41,758.0,,175.56,12.75,7.22,481.07,0.93,386.66,69.83,270.56,0.3,52.13,21.06,27.28,189.21,292.77,477.28,199.42,,164.64,177.91,1365.86,8.26,0.8,1.57,0.32,651.76,13.64,37.16,1.44,4.25,296.84,87.5,43.07,1.13,5.92,317.61,9.02,1197.79,80.61,0.88,1.65,0.76,97.16,4.83,4.02,497.92,679.29,,7.85,45.63,399.23,1.61,4.09,0.44,23.56,43.16,859.79,35.8,0.03,27.06,91.03,357.95,2885.57,18120.71,53.27,66.9,0.74,,193.24,3.76,12.67,37.73,21.15,16.3
2016-01-01,19.47,11.86,159.05,0.66,2.86,95.34,1.46,545.48,10.57,,1204.62,390.8,37.85,11.26,32.18,221.42,4.53,47.41,467.96,1.74,8.58,,2.21,33.81,16.91,15.58,1796.19,11.4,53.24,11.69,3.01,1.62,20.02,32.22,1529.76,,1.76,9.6,247.03,11199.15,282.46,0.62,31.93,7.83,57.44,36.37,50.71,,20.05,195.31,306.9,,0.58,71.58,98.61,332.79,26.8,10.68,,23.34,72.37,,4.7,238.5,2465.45,,14.21,0.96,14.38,3477.8,42.69,192.69,,1.06,5.79,68.76,8.2,1.16,3.5,8.02,21.52,320.91,125.82,20.05,2263.79,932.26,418.98,171.49,304.82,,317.74,1858.91,14.06,4940.16,38.65,137.28,70.53,0.18,1411.25,110.88,6.55,15.9,27.57,49.6,2.29,2.1,,,42.74,58.63,44.8,10.9,10.0,5.43,296.54,4.22,14.03,11.0,0.19,4.74,12.17,1046.92,0.33,6.75,,11.18,4.37,103.61,11.01,63.23,10.95,0.1,21.13,777.23,,184.97,13.23,7.53,404.65,1.24,371.08,66.29,278.91,0.31,55.19,20.21,27.42,192.21,304.91,471.36,204.84,,152.45,187.59,1283.16,8.38,0.79,1.59,0.34,646.44,14.68,38.3,1.43,3.74,296.98,89.77,44.71,1.2,6.22,295.46,,1237.26,81.32,0.91,1.67,0.77,95.58,3.28,3.72,514.46,668.85,,6.95,47.34,407.03,1.78,4.4,0.4,21.89,42.06,863.71,36.18,0.03,24.08,93.27,348.74,2647.9,18624.47,52.42,67.22,0.77,,205.28,,13.4,27.32,21.06,16.62
