date,ABAP,AGS Script,ANTLR,API Blueprint,ASP,ActionScript,Ada,Adblock Filter List,Agda,ApacheConf,Apex,AppleScript,Arduino,Assembly,Augeas,AutoHotkey,AutoIt,Batchfile,Bicep,BitBake,Blade,BlitzBasic,Brightscript,C,C#,C++,CMake,CSS,Ceylon,Clojure,CodeQL,CoffeeScript,ColdFusion,Common Lisp,Common Workflow Language,Component Pascal,Coq,Crystal,Cucumber,Cuda,Cython,D,DCPU-16 ASM,DM,Dart,Delphi,Dockerfile,Eagle,Eiffel,Elixir,Elm,Emacs Lisp,Erlang,F#,F*,FORTRAN,Factor,Fancy,Forth,Fortran,FreeMarker,GAP,GCC Machine Description,GDScript,GLSL,Game Maker Language,Gherkin,Gnuplot,Go,Grammatical Framework,Groff,Groovy,HCL,HTML,Haml,Handlebars,Haskell,Haxe,IDL,Inno Setup,JSON,Java,JavaScript,JetBrains MPS,Jinja,Jsonnet,Julia,Jupyter Notebook,KRL,KiCad,Kotlin,LLVM,Lean,Less,LiveScript,Logos,LookML,Lua,M,M4,MATLAB,MLIR,Makefile,Mako,Markdown,Mathematica,Matlab,Max,Mercury,Mirah,Modelica,Monkey,Mustache,NewLisp,Nginx,Nim,Nix,Nunjucks,OCaml,Objective-C,Objective-C++,Objective-J,Opa,OpenEdge ABL,OpenSCAD,Oz,PHP,PLSQL,PLpgSQL,Pascal,Pawn,Perl,Perl 6,Perl6,PostScript,PowerShell,Processing,Prolog,Pug,Puppet,PureBasic,PureScript,Python,QML,R,Racket,Ragel in Ruby Host,Raku,Reason,Rich Text Format,RobotFramework,Roff,Ruby,Rust,SCSS,SQF,SQL,SQLPL,SWIG,SaltStack,Sass,Scala,Scheme,Shell,Smali,Smalltalk,Smarty,SourcePawn,Standard ML,Starlark,Stylus,SuperCollider,Swift,SystemVerilog,TSQL,Tcl,TeX,Thrift,Twig,TypeScript,UnrealScript,VBA,VHDL,Vala,Verilog,Vim Script,Vim script,VimL,Visual Basic,Visual Basic .NET,Vue,Web Ontology Language,WebAssembly,XML,XQuery,XS,XSLT,Xojo,Xtend,YAML,hoon,nesC,ooc,q,xBase
2012-06-30,,257.0,,,,934.0,119.0,,134.0,,,,150.0,353.0,,243.0,,,,108.0,,,,50649.0,12350.0,46773.0,166.0,4961.0,89.0,3047.0,,7126.0,573.0,1022.0,,,,,,,,766.0,409.0,302.0,237.0,65.0,,128.0,,384.0,,2861.0,3210.0,209.0,,128.0,311.0,131.0,,173.0,,,,,,,119.0,,3738.0,,,1836.0,,9627.0,,,7553.0,410.0,,,,64086.0,98729.0,443.0,,,88.0,,,,364.0,,,,327.0,,,2038.0,,,101.0,,558.0,72.0,,111.0,509.0,200.0,,272.0,,63.0,,108.0,,,107.0,,1510.0,10551.0,,296.0,63.0,186.0,,80.0,62896.0,,681.0,222.0,,7820.0,233.0,84.0,115.0,172.0,,77.0,,686.0,,,89650.0,,446.0,229.0,90.0,844.0,,,,451.0,87701.0,319.0,112.0,,,,,,,7152.0,260.0,11588.0,,1120.0,,,74.0,,,84.0,,,,318.0,734.0,,,2129.0,,,142.0,840.0,213.0,731.0,1090.0,879.0,109.0,,,216.0,,,,,786.0,,,,,383.0,85.0,,
2012-09-30,,212.0,,,,859.0,,,169.0,,,79.0,373.0,366.0,79.0,246.0,,74.0,,1115.0,,260.0,,54830.0,14088.0,52274.0,198.0,6565.0,,3425.0,,6111.0,695.0,857.0,,62.0,,,,81.0,,1011.0,215.0,,156.0,78.0,,118.0,,412.0,,3467.0,3474.0,430.0,,74.0,321.0,,,434.0,,,,,,,85.0,,6694.0,94.0,,2901.0,,11762.0,,,7602.0,494.0,,,,71873.0,112211.0,557.0,,,,121.0,,,478.0,965.0,,,120.0,,,2883.0,,,124.0,,420.0,,,126.0,523.0,90.0,,,116.0,192.0,,176.0,,,682.0,,1623.0,11469.0,333.0,437.0,,,,,73644.0,,707.0,109.0,,6807.0,505.0,111.0,,183.0,,227.0,,1171.0,,,105105.0,,367.0,258.0,67.0,574.0,,,,806.0,90042.0,577.0,130.0,,,,,,,7240.0,528.0,15377.0,,766.0,,,145.0,,,121.0,110.0,,,193.0,777.0,,,1682.0,,,175.0,874.0,254.0,616.0,1520.0,832.0,112.0,,,134.0,,,,,508.0,,,,,762.0,,,
2012-12-30,,,,,,802.0,,,294.0,,139.0,,245.0,367.0,78.0,141.0,74.0,136.0,,1001.0,,217.0,,62699.0,14841.0,57530.0,252.0,9924.0,,3119.0,,7697.0,1107.0,1511.0,62.0,,,,,,,1017.0,,,573.0,269.0,,,,585.0,,3192.0,4303.0,674.0,,95.0,391.0,,,397.0,,,,,,,,,8049.0,,61.0,2988.0,,13966.0,,,10015.0,561.0,,,,90287.0,131938.0,489.0,,,420.0,354.0,,,657.0,,,,105.0,82.0,,3767.0,,,232.0,,673.0,,,87.0,755.0,,,,60.0,136.0,,113.0,,,643.0,,1838.0,13732.0,211.0,258.0,,108.0,,,84267.0,,926.0,114.0,,7518.0,131.0,66.0,89.0,208.0,126.0,465.0,,1385.0,,,117851.0,76.0,609.0,300.0,,425.0,,,,817.0,101769.0,714.0,240.0,,,,,,,8613.0,515.0,18597.0,,455.0,,,510.0,,,,365.0,,67.0,196.0,935.0,,,2310.0,,,98.0,546.0,125.0,808.0,1368.0,1050.0,88.0,,,103.0,,131.0,,,844.0,,,,,834.0,,,
2013-03-30,,205.0,,,,1419.0,214.0,,114.0,139.0,,162.0,376.0,640.0,,197.0,144.0,,,701.0,,331.0,,76197.0,22546.0,73506.0,459.0,17111.0,114.0,3516.0,,10570.0,688.0,1499.0,,,,,,,,858.0,,,907.0,140.0,,,,455.0,,4636.0,4355.0,435.0,,188.0,995.0,,,326.0,,,,,,,,,10127.0,,124.0,4276.0,,18753.0,,,11928.0,642.0,,111.0,,122450.0,185685.0,625.0,,,720.0,632.0,,,906.0,,,,184.0,162.0,,4812.0,,,323.0,,924.0,,,,950.0,,123.0,,,154.0,,198.0,,,1075.0,,2401.0,18561.0,,890.0,,,,,111851.0,,765.0,387.0,,9457.0,133.0,,164.0,601.0,174.0,599.0,,1174.0,,,154419.0,190.0,968.0,172.0,,424.0,,,,1072.0,139455.0,1120.0,366.0,196.0,,,,,,11931.0,782.0,22369.0,,547.0,,184.0,576.0,,,,454.0,,173.0,379.0,1685.0,,,4276.0,119.0,,272.0,1023.0,121.0,1331.0,2069.0,1305.0,385.0,,,123.0,,,,,2060.0,,,,,745.0,,,
2013-06-30,,,,,,960.0,568.0,,108.0,,,,591.0,575.0,,255.0,,,,793.0,,471.0,,86960.0,26426.0,86287.0,442.0,23992.0,,4583.0,,12721.0,687.0,1865.0,,,,,,,,484.0,,546.0,1517.0,,,159.0,,878.0,,4743.0,4609.0,990.0,,201.0,851.0,,,504.0,,,,,,,172.0,,16226.0,,,4567.0,,24753.0,,139.0,12312.0,802.0,176.0,,,135344.0,208141.0,345.0,,,944.0,1040.0,,,1356.0,,,,255.0,219.0,,5031.0,,,532.0,,775.0,,,103.0,1592.0,,102.0,,,,,,,,1049.0,,2510.0,21473.0,108.0,273.0,,143.0,129.0,,123330.0,,1097.0,341.0,,11496.0,184.0,,127.0,720.0,276.0,429.0,,2215.0,,,178473.0,,1268.0,221.0,,684.0,,,,996.0,142656.0,1382.0,667.0,,,,,,,12855.0,744.0,25524.0,,871.0,120.0,162.0,399.0,,,,784.0,,112.0,457.0,1814.0,,161.0,6687.0,151.0,,156.0,846.0,140.0,1013.0,2482.0,1481.0,269.0,,,129.0,,,,,1504.0,,152.0,,,876.0,,,
2013-09-30,,,,281.0,248.0,1914.0,231.0,,,211.0,280.0,,1848.0,668.0,,541.0,,227.0,,882.0,,419.0,,97361.0,40844.0,107915.0,356.0,53542.0,,6659.0,,16320.0,1321.0,1878.0,,,,,,,,1195.0,,676.0,1741.0,,,263.0,338.0,1767.0,,6186.0,5086.0,1235.0,,400.0,239.0,,185.0,514.0,,,,,,,,,23764.0,,,5931.0,,36036.0,,,15198.0,1405.0,,,,182229.0,297023.0,479.0,,,1308.0,1588.0,,,2219.0,,,224.0,299.0,345.0,,6813.0,,,622.0,,1579.0,179.0,,651.0,1905.0,340.0,,,,,,,,,1119.0,,3306.0,31890.0,257.0,,,,244.0,,162668.0,,1033.0,905.0,,14661.0,,,,1436.0,528.0,506.0,,3792.0,,,236738.0,259.0,3284.0,677.0,,893.0,,,,1207.0,164394.0,2734.0,751.0,218.0,,,,,,16982.0,1387.0,37242.0,,751.0,,339.0,325.0,,,,754.0,,,449.0,3326.0,,,8145.0,229.0,,232.0,1064.0,266.0,1511.0,3103.0,3627.0,856.0,,,,,178.0,,,3330.0,,205.0,,,413.0,,,
2013-12-30,,,,,567.0,2478.0,,,350.0,464.0,,,2123.0,1377.0,,713.0,,227.0,,1000.0,,700.0,524.0,114811.0,54456.0,137705.0,1329.0,73324.0,257.0,10600.0,,22887.0,1424.0,2426.0,,,218.0,,,,,1638.0,,844.0,3099.0,,,398.0,260.0,1598.0,413.0,6823.0,6973.0,1469.0,,631.0,1136.0,,,534.0,,,,,,,,,31578.0,,353.0,7906.0,,50836.0,,,15801.0,1744.0,,,,245913.0,378139.0,416.0,,,1912.0,2798.0,,,2519.0,,,,604.0,1126.0,,9549.0,,,1013.0,,2373.0,,,1039.0,3260.0,503.0,,,,,,,,,1477.0,,4534.0,41217.0,294.0,292.0,,,,,190700.0,,1234.0,1346.0,,14897.0,,,338.0,1999.0,898.0,828.0,,4783.0,,,278355.0,498.0,4675.0,1009.0,,678.0,,,,897.0,181121.0,4178.0,1758.0,,,,,,,19299.0,1383.0,54579.0,,520.0,407.0,275.0,559.0,,,,2343.0,,,823.0,7844.0,,,10267.0,,,555.0,1322.0,409.0,1672.0,4294.0,3123.0,760.0,,,,,,,,1603.0,,289.0,,231.0,514.0,,,
2014-03-30,,,,,868.0,2636.0,401.0,,,659.0,1041.0,487.0,2827.0,1731.0,,805.0,,354.0,,1366.0,,546.0,383.0,139977.0,68428.0,170176.0,889.0,99701.0,,17000.0,,28862.0,1377.0,2207.0,,,,,502.0,,,2459.0,,1194.0,4712.0,,,603.0,,2394.0,342.0,8129.0,7129.0,2359.0,,851.0,,,,784.0,,,,,,,,,44012.0,,405.0,10022.0,,72547.0,,433.0,20600.0,2436.0,420.0,,,299354.0,494119.0,590.0,,,3057.0,3965.0,,,3794.0,,,356.0,538.0,,,11135.0,,,833.0,,3077.0,,,1142.0,4372.0,,,,,,,,,,1830.0,,5129.0,51906.0,341.0,,,,387.0,,236082.0,365.0,1004.0,1853.0,,19482.0,,,,3297.0,1534.0,823.0,,5763.0,,,347028.0,983.0,7383.0,933.0,,632.0,,,,803.0,201672.0,5478.0,1929.0,,,392.0,,,,25178.0,1912.0,65453.0,,639.0,,510.0,516.0,,,,1917.0,,504.0,874.0,10881.0,,,15826.0,346.0,,721.0,1490.0,712.0,1749.0,4929.0,3608.0,1332.0,,,,,,,,2737.0,,,,,496.0,,,
2014-06-30,,,,,836.0,2422.0,457.0,,,712.0,934.0,455.0,2899.0,2701.0,,547.0,,,,1194.0,,531.0,,146017.0,82107.0,196965.0,974.0,118071.0,,18426.0,,31806.0,980.0,2468.0,,,,,460.0,566.0,,3162.0,,1388.0,5024.0,,,1088.0,,2368.0,,8181.0,7973.0,3449.0,,825.0,448.0,,,1542.0,,,,,,511.0,473.0,,56405.0,,,11198.0,,92850.0,,,25543.0,3187.0,,,,340396.0,564777.0,530.0,,,2974.0,5966.0,500.0,,4915.0,,,,627.0,,,15243.0,,,1293.0,,3915.0,,,1269.0,4235.0,,,,,,,,,,1969.0,,4432.0,52752.0,605.0,585.0,,,,,260243.0,671.0,1515.0,1391.0,,20430.0,,,,3460.0,1740.0,1239.0,551.0,6102.0,,,384562.0,1097.0,11214.0,1072.0,,1022.0,,,,1009.0,219194.0,8802.0,2939.0,,1170.0,725.0,,,,29906.0,1529.0,75636.0,,914.0,,714.0,731.0,,,540.0,5757.0,,1031.0,714.0,12767.0,,,17843.0,,,642.0,1609.0,945.0,1963.0,4954.0,3516.0,1818.0,,,,,,,,2310.0,,,,534.0,,,,
2014-09-30,,,,,768.0,2625.0,,,,738.0,1180.0,,3593.0,2619.0,,518.0,,,,953.0,,,,162978.0,90195.0,216385.0,1378.0,131369.0,,20554.0,,33624.0,1430.0,2820.0,,,561.0,,,499.0,,3098.0,,1403.0,5704.0,,757.0,1424.0,,4072.0,505.0,9485.0,7342.0,3450.0,,1378.0,,,,1617.0,,,,,,,,,74663.0,,532.0,12934.0,,117725.0,,,26362.0,2673.0,556.0,,,365744.0,632495.0,637.0,,,4183.0,7659.0,695.0,,5271.0,,,,671.0,,,17263.0,,,1389.0,,6019.0,,,1006.0,4742.0,,612.0,,,,,,,,2648.0,,4864.0,48266.0,,839.0,,,591.0,,285437.0,869.0,1605.0,1785.0,,21352.0,568.0,,662.0,3783.0,1226.0,808.0,,6145.0,,,422052.0,941.0,11830.0,783.0,,1381.0,,,,1042.0,221306.0,12103.0,2821.0,,,698.0,,869.0,,35730.0,2051.0,89278.0,,1086.0,,1315.0,,,,,14043.0,,920.0,846.0,9584.0,,,19713.0,,,589.0,1473.0,1237.0,2101.0,5104.0,4189.0,1764.0,,,541.0,,,,,3595.0,,1138.0,,536.0,,,,
2014-12-30,,,,,1144.0,1930.0,,,,1605.0,903.0,,3801.0,3333.0,,,,892.0,,1262.0,,,,174160.0,110462.0,253841.0,1253.0,160946.0,,22299.0,,33144.0,810.0,3529.0,,,728.0,,,812.0,,2875.0,,2281.0,4325.0,,1085.0,1901.0,,3159.0,948.0,11568.0,9422.0,4563.0,,1278.0,663.0,,,1561.0,,,,,,,1400.0,,90092.0,,680.0,13346.0,,153201.0,,,28914.0,3790.0,,,665.0,419536.0,721787.0,,,,4490.0,8208.0,,,6830.0,,,,641.0,653.0,,19237.0,,,2344.0,,8350.0,,,1402.0,5126.0,,,,,,,,,,3088.0,,5822.0,49810.0,627.0,,,,616.0,,330059.0,896.0,1623.0,2059.0,,23195.0,,,881.0,4171.0,1702.0,1711.0,,7266.0,,771.0,469878.0,1790.0,12792.0,920.0,,965.0,,,,1153.0,240332.0,17830.0,3636.0,679.0,,842.0,,1088.0,,39547.0,1771.0,100581.0,,1298.0,,781.0,931.0,,,,17726.0,,974.0,935.0,15685.0,,,22893.0,,,619.0,1841.0,1237.0,2138.0,6672.0,4299.0,2660.0,,,659.0,,,,,3421.0,,,,,,,,
2015-03-30,,,,,1464.0,2122.0,,,,4072.0,1122.0,,4477.0,4060.0,,1058.0,,1397.0,,1317.0,,,,203599.0,156480.0,294640.0,2574.0,204389.0,,27771.0,,36928.0,1442.0,3884.0,,,1282.0,,,,,3176.0,,2751.0,6977.0,,1743.0,3583.0,,4616.0,,13049.0,9671.0,7734.0,,1196.0,,,,2402.0,,987.0,,,990.0,,1002.0,,128201.0,,1132.0,13890.0,,259045.0,,1434.0,35557.0,3384.0,,,,520404.0,891877.0,,,,7072.0,12504.0,,,6663.0,,,,955.0,1072.0,,26309.0,,,3018.0,,11778.0,,,1565.0,8109.0,,,,,,,,,,3189.0,,6565.0,60687.0,900.0,,,,1019.0,,405094.0,1184.0,2960.0,2522.0,,29078.0,1065.0,,1029.0,6700.0,2645.0,1914.0,,8803.0,,1086.0,583621.0,3570.0,17855.0,1224.0,,1477.0,,,,1239.0,281266.0,27747.0,6330.0,1880.0,,,,954.0,,46803.0,2376.0,128706.0,,1480.0,900.0,1029.0,,,,,26869.0,,1333.0,1165.0,16336.0,,,30507.0,,,926.0,1843.0,1162.0,2840.0,7132.0,5530.0,3266.0,,,,,1176.0,,,2990.0,,,,,,,,
2015-06-30,,,,,1260.0,2827.0,,,,3661.0,911.0,,5708.0,5297.0,,,,2020.0,,1957.0,,,,228927.0,180338.0,333102.0,3550.0,230372.0,,28004.0,,43460.0,1240.0,3642.0,,,938.0,1134.0,,1092.0,,3534.0,,3872.0,9814.0,,2709.0,3368.0,,6685.0,1193.0,13779.0,12261.0,6480.0,,1428.0,,,,2553.0,,,,,911.0,,986.0,,160548.0,,1920.0,15390.0,,323874.0,,,37678.0,3929.0,,,,613992.0,1034701.0,,,,7930.0,16629.0,,,8357.0,,,,1386.0,1196.0,,27176.0,,,3687.0,,12078.0,,,2622.0,9792.0,,,,,,,,,,3266.0,,7596.0,72103.0,891.0,,,,,,437378.0,1310.0,3732.0,3457.0,,30049.0,1062.0,,1302.0,9808.0,3681.0,1536.0,,8099.0,,1890.0,672030.0,3374.0,21217.0,1543.0,,1723.0,,,,1295.0,297056.0,34233.0,6662.0,2417.0,,,,1007.0,,55989.0,3076.0,144209.0,,1538.0,,,1091.0,,,,38598.0,,1354.0,1255.0,20314.0,1545.0,,44201.0,,,884.0,2801.0,1568.0,2623.0,8710.0,5707.0,3504.0,,1313.0,,,,968.0,,3481.0,,,,,,,,
2015-09-30,,,,,,2013.0,,,,6441.0,,,5393.0,3664.0,,,,2861.0,,2036.0,,,,242620.0,200678.0,355960.0,4239.0,259765.0,,34239.0,,46146.0,2149.0,4043.0,,,1318.0,1466.0,,,,3792.0,,4025.0,9682.0,,3108.0,2813.0,,8667.0,2416.0,14465.0,14482.0,8139.0,,1779.0,,,,2985.0,,,,,1078.0,,,,192294.0,,1566.0,16402.0,1440.0,364369.0,,,39992.0,4124.0,,,,627921.0,1171862.0,,,,13597.0,24396.0,,1088.0,10408.0,,,1855.0,,,,29555.0,,,4105.0,,12532.0,,,2146.0,9505.0,,,,,,,,1082.0,,3826.0,,7636.0,83090.0,,,,,,,472019.0,1281.0,4113.0,4417.0,,29774.0,,,1151.0,11740.0,1471.0,1565.0,,8767.0,,2002.0,753212.0,3193.0,25310.0,1663.0,,2062.0,,,,2049.0,313731.0,36373.0,8631.0,1481.0,,,,1330.0,,60460.0,2502.0,163802.0,,2121.0,1184.0,1371.0,1271.0,,,1293.0,51850.0,,1203.0,1382.0,16985.0,1467.0,,55613.0,,,1624.0,2491.0,1789.0,2701.0,8806.0,8223.0,4297.0,,1532.0,1066.0,,,,,3643.0,,,,,,1246.0,,
2015-12-30,,,,,1652.0,2083.0,,,,5922.0,1281.0,,6132.0,4305.0,,1547.0,,3993.0,,2253.0,,,,254168.0,225999.0,386273.0,3441.0,260532.0,,32174.0,,37132.0,2343.0,3916.0,,,,1703.0,,,,3023.0,,4903.0,9274.0,,4027.0,3089.0,,10466.0,3151.0,14847.0,13617.0,9803.0,,2324.0,,,,3186.0,,,,,,,,,191264.0,,1723.0,17083.0,1163.0,399340.0,,,39196.0,3853.0,,,,682563.0,1229854.0,,1572.0,,12349.0,30804.0,,1166.0,16064.0,,,1587.0,,,,33022.0,,,4069.0,,15988.0,,,1884.0,10252.0,,,,,,,,,,3187.0,,9283.0,84142.0,,,,,,,493482.0,1369.0,4619.0,4772.0,,30613.0,2170.0,1183.0,1500.0,12257.0,3436.0,2290.0,,8225.0,,1774.0,779047.0,3214.0,25072.0,1522.0,,2608.0,,,,2190.0,307517.0,36315.0,9226.0,1225.0,,,,1537.0,,58640.0,2082.0,183355.0,,2257.0,1204.0,1359.0,,,,,64986.0,,1564.0,1699.0,21540.0,,,71750.0,,,1260.0,2947.0,1618.0,3050.0,10217.0,6961.0,5205.0,,2509.0,1295.0,,,,,3108.0,,,,,,2553.0,,
2016-03-30,,,,,1668.0,2199.0,,,,2842.0,,,7263.0,5974.0,,1501.0,,3578.0,,3000.0,,,,273092.0,245900.0,421677.0,4975.0,312306.0,,29507.0,,35227.0,2227.0,4156.0,,,,2203.0,,,,4360.0,,5783.0,8072.0,,5315.0,3115.0,,13994.0,4605.0,16194.0,12890.0,8596.0,,1824.0,,,,4108.0,,,,,1662.0,,,,230981.0,,2002.0,17200.0,1701.0,454507.0,,,36553.0,3920.0,,,,728611.0,1369577.0,,2151.0,,10739.0,43652.0,,1311.0,21940.0,,,,,,,57496.0,,,4639.0,,14943.0,,,2276.0,10431.0,,,,,,,,1298.0,1300.0,4876.0,,9652.0,79518.0,1348.0,,,1333.0,1497.0,,505260.0,1487.0,4135.0,5084.0,,33266.0,1720.0,,1358.0,15033.0,4773.0,1336.0,,9310.0,,2084.0,840868.0,2975.0,29114.0,2123.0,,,,,,2678.0,323961.0,48534.0,11980.0,1591.0,,,,1610.0,,70669.0,3738.0,202349.0,,3190.0,,2382.0,,,,,83817.0,,2193.0,1669.0,22157.0,,,98496.0,,,1549.0,2083.0,1679.0,3925.0,12050.0,5439.0,8155.0,,3973.0,,,,,,3701.0,,,,,,1723.0,,
2016-06-30,,,,,1336.0,1909.0,1574.0,,,2502.0,1417.0,,7681.0,5945.0,,1318.0,,3687.0,,2418.0,,,,262942.0,245492.0,424789.0,5945.0,309641.0,,29247.0,,30787.0,1419.0,3768.0,,,,2213.0,,,,3812.0,,6658.0,7076.0,,5802.0,3811.0,,13732.0,4158.0,13150.0,12768.0,9010.0,,1494.0,,,,4546.0,,,,,2236.0,,,,224276.0,,1977.0,18909.0,1499.0,481797.0,,,36296.0,3060.0,,,,742704.0,1366519.0,,2161.0,,12304.0,45868.0,,1374.0,25929.0,,,2311.0,,,,46316.0,,,4885.0,,15559.0,,,2313.0,12134.0,,,,,,,,,,5233.0,,9675.0,77227.0,1524.0,,,,,,500746.0,1571.0,5283.0,3892.0,,29846.0,1569.0,,1397.0,14603.0,2977.0,2136.0,,7431.0,,2132.0,846309.0,2830.0,31230.0,1581.0,,,,,,2477.0,274404.0,45063.0,13014.0,2731.0,,,,1748.0,,69581.0,3503.0,192660.0,,2979.0,1515.0,2046.0,,,,,86087.0,,1968.0,2095.0,22441.0,,,128398.0,,,1877.0,2690.0,2339.0,3903.0,11953.0,4098.0,8225.0,,6559.0,,1634.0,,,,3374.0,,,,,,,,
2016-09-30,,,,,,1103.0,,,,1535.0,1504.0,,5119.0,4501.0,,,,3395.0,,2412.0,,,,227578.0,223860.0,377221.0,3596.0,280500.0,1081.0,23152.0,,22495.0,1524.0,3120.0,,,1594.0,2011.0,,,,2596.0,,5258.0,6873.0,,6167.0,2168.0,,12335.0,4258.0,12745.0,12231.0,6690.0,,1303.0,,,,4321.0,,,1126.0,1255.0,1740.0,,,,210639.0,,,16002.0,1802.0,426115.0,,,28059.0,2663.0,,,,642064.0,1185183.0,,2706.0,,12029.0,45903.0,,1229.0,24867.0,,,1456.0,,,,41228.0,,,5131.0,,11657.0,,,1828.0,9411.0,,,,,,,,,1375.0,6107.0,,8298.0,62932.0,1788.0,,,,,,433545.0,1549.0,3542.0,4582.0,,26384.0,1626.0,,,15313.0,1163.0,1228.0,,7015.0,,1571.0,766325.0,3053.0,24555.0,,,1449.0,,,,2400.0,234247.0,40220.0,14142.0,2527.0,,,,1442.0,,66508.0,3506.0,173063.0,,2504.0,1127.0,1716.0,,,,,88193.0,,1990.0,1946.0,15635.0,,,142309.0,,,,1433.0,1326.0,3685.0,11425.0,2521.0,6079.0,1095.0,6794.0,,,,,,2640.0,,1263.0,,,,,,
2016-12-30,,,,,,1196.0,,,,2021.0,,,6995.0,4893.0,,1299.0,,3292.0,,3041.0,,,,239653.0,247869.0,422342.0,4111.0,312981.0,,24552.0,,20885.0,1281.0,3791.0,,,1446.0,2750.0,,,,3411.0,,5187.0,8000.0,,7405.0,3776.0,,14907.0,6190.0,14515.0,11186.0,7083.0,1300.0,,,,,4325.0,,,,1253.0,1616.0,,1797.0,,222749.0,,,17918.0,2551.0,482884.0,,,29892.0,2976.0,,,,716707.0,1302505.0,,2798.0,,7788.0,54493.0,,1178.0,26609.0,,,,1631.0,,,37478.0,,,5298.0,,12862.0,,,2067.0,10608.0,,,,,,,,,,5857.0,,9977.0,61810.0,1215.0,,,,,,455489.0,1913.0,5951.0,4689.0,,25990.0,1546.0,,,16642.0,3840.0,1579.0,,6611.0,,2169.0,822665.0,3426.0,27377.0,1696.0,,1631.0,,,,4007.0,243721.0,44370.0,15981.0,1711.0,,1221.0,,1414.0,,74266.0,3465.0,185271.0,,2265.0,1368.0,1834.0,,,,,94101.0,,2251.0,1493.0,20598.0,,,177235.0,,,1491.0,2292.0,2289.0,4684.0,13160.0,1824.0,6394.0,1231.0,10714.0,,,,,,2799.0,,,,,,,,
2017-03-30,,,,,2272.0,,1317.0,,,2034.0,2015.0,,7685.0,6544.0,,1308.0,1568.0,3811.0,,3316.0,,,,253280.0,284157.0,459807.0,4110.0,318918.0,,25146.0,,19591.0,2252.0,3946.0,,,1353.0,3031.0,,,,3823.0,,7532.0,10061.0,,9121.0,2727.0,,17308.0,5853.0,13942.0,11928.0,7559.0,,,,,,6147.0,,,,,2260.0,,2488.0,,263822.0,,,22192.0,3309.0,529818.0,,,34189.0,3488.0,,,,781402.0,1420435.0,,2573.0,,6936.0,66403.0,,1508.0,36731.0,,,1350.0,,,,47727.0,,,8019.0,,14399.0,,,2790.0,10305.0,,,,,,,,,2085.0,6618.0,,10638.0,59191.0,1669.0,,,,,,506063.0,3050.0,4762.0,5614.0,,28618.0,1408.0,,,20119.0,4406.0,1548.0,,5832.0,,2108.0,955090.0,2672.0,33718.0,1802.0,,1459.0,,,,5031.0,261893.0,52059.0,19726.0,1708.0,,,,1378.0,,82514.0,4125.0,217166.0,,2203.0,2740.0,1787.0,,,,,99383.0,,3691.0,1463.0,22305.0,,,223264.0,,,2181.0,3634.0,2528.0,4796.0,17271.0,,7306.0,1778.0,16838.0,,,,,,4023.0,,,,,,,,
2017-06-30,,,,,2283.0,,,,,1786.0,1546.0,,7616.0,6659.0,,1562.0,,3100.0,,3083.0,,,,240491.0,292295.0,471679.0,5085.0,298994.0,,24651.0,,15555.0,2169.0,4355.0,,,1784.0,3225.0,,,,4592.0,,9431.0,10129.0,,8798.0,1833.0,,17941.0,6317.0,15035.0,10099.0,6629.0,1580.0,,,,,5242.0,1833.0,,,,1288.0,,1934.0,,282005.0,,,21542.0,6128.0,527287.0,,,30498.0,3678.0,,,,802038.0,1402194.0,,2919.0,,7209.0,77398.0,,1526.0,48107.0,,,,,,,40947.0,,,7598.0,,12190.0,,,2983.0,11744.0,,,,,,,,,1872.0,5681.0,,10973.0,58533.0,,,,,,,473943.0,2517.0,4849.0,4607.0,,25140.0,1899.0,,1334.0,20766.0,2346.0,1800.0,,6372.0,,2176.0,989759.0,3580.0,40632.0,2081.0,,2000.0,,1759.0,,4718.0,240360.0,54907.0,20780.0,2354.0,,,,1590.0,,83359.0,4318.0,205811.0,,2476.0,2836.0,1348.0,,,,,93450.0,,3321.0,1645.0,24517.0,,,241070.0,,,2269.0,3723.0,3171.0,4407.0,16800.0,,7817.0,2400.0,22831.0,,,,,,3574.0,,,,,,,,
2017-09-30,,,,,,,1366.0,,,1129.0,1421.0,,5768.0,6215.0,,1439.0,,3690.0,,3596.0,,,,218259.0,265924.0,426531.0,5344.0,278420.0,,21070.0,,11327.0,1569.0,3396.0,,,,2560.0,,,,3787.0,,8472.0,8452.0,,9873.0,,,19271.0,6271.0,14563.0,9217.0,6090.0,1385.0,,,,,6331.0,,1122.0,,1184.0,1237.0,,3585.0,,271934.0,,,20873.0,7029.0,478286.0,,,28853.0,3076.0,,,,679592.0,1287017.0,1135.0,2584.0,,5356.0,67841.0,,,51688.0,1356.0,,,,,,36929.0,,1200.0,7409.0,,12255.0,,,1973.0,10131.0,,,,,,,,,1853.0,6919.0,,8927.0,49614.0,,,,,,,432707.0,1727.0,4726.0,5306.0,,21794.0,1948.0,,,20443.0,1810.0,1238.0,,5968.0,,1601.0,915013.0,2410.0,34333.0,2502.0,,1546.0,,,,4314.0,211521.0,49869.0,22262.0,1201.0,,,,1476.0,,74174.0,3559.0,186191.0,,2600.0,2634.0,2158.0,1377.0,,,,88813.0,,3707.0,1482.0,19084.0,,,258761.0,,,1322.0,3930.0,2882.0,4311.0,14992.0,,3624.0,2349.0,28690.0,,,,,,2953.0,,,,,,,,
2017-12-30,,,,,1077.0,,1274.0,,,,1709.0,,2937.0,5439.0,,1220.0,,2531.0,,2941.0,,,,183270.0,213667.0,372427.0,4785.0,184857.0,,17570.0,,8935.0,1829.0,2701.0,,,1134.0,2616.0,,,,2183.0,,7848.0,5164.0,,8625.0,,,12265.0,3826.0,13528.0,7984.0,4622.0,1265.0,,,,,5150.0,1159.0,,,,1326.0,,1937.0,1554.0,206568.0,,,17258.0,5821.0,369265.0,,,19389.0,1988.0,,,,563231.0,974951.0,,2482.0,,4888.0,55145.0,,,42918.0,1369.0,,,,,,24417.0,,1209.0,6825.0,,8423.0,,,2197.0,6254.0,,,,,,,,,1156.0,6715.0,,9121.0,33796.0,,,,,1055.0,,333382.0,1865.0,3607.0,4065.0,,19094.0,1296.0,,,15019.0,1706.0,,,4847.0,,,727915.0,2396.0,25570.0,1095.0,,1440.0,,925.0,,4368.0,170393.0,38628.0,18412.0,1080.0,,,,,,58946.0,3438.0,143074.0,1085.0,2435.0,2869.0,1649.0,1128.0,,,,67918.0,,3372.0,1544.0,17520.0,,,229903.0,,,1476.0,3475.0,2015.0,4534.0,12599.0,,2718.0,1899.0,22782.0,,,,,,2467.0,,,,,,,,
2018-03-30,,,,,,777.0,786.0,1311.0,,,1441.0,,,3869.0,,865.0,,1579.0,,2695.0,,,,137612.0,137033.0,281904.0,2790.0,94316.0,,12480.0,,6684.0,1394.0,2294.0,,,1106.0,1531.0,,,,1621.0,,9121.0,6435.0,,6800.0,,,8734.0,1897.0,11442.0,6856.0,3446.0,1279.0,,,,,4065.0,970.0,,,,687.0,,1426.0,,161599.0,,,13491.0,3520.0,209772.0,,,16365.0,1678.0,,,1233.0,379781.0,599280.0,,2507.0,,3519.0,33286.0,,,31585.0,,,840.0,,,,18030.0,1066.0,806.0,5704.0,,6291.0,,,1376.0,2041.0,,,,,,,,,680.0,8073.0,,6658.0,20359.0,,,,,,,235729.0,974.0,3360.0,3400.0,,16881.0,1025.0,,,11020.0,,740.0,,4005.0,,,526526.0,1681.0,16747.0,,,1253.0,,1284.0,,2579.0,133924.0,27306.0,13524.0,,,,,872.0,,48030.0,2712.0,110731.0,1309.0,1843.0,1818.0,876.0,950.0,800.0,,,41034.0,,2330.0,997.0,9507.0,,1028.0,171262.0,,,,2178.0,1363.0,4296.0,7758.0,,1413.0,1754.0,13100.0,,,,,,1715.0,,,,,,,,
2018-06-30,,,,,,,710.0,1331.0,,,1202.0,,,2708.0,,614.0,,916.0,,2232.0,,,,108869.0,101559.0,220721.0,1843.0,62515.0,,10074.0,,4855.0,1603.0,1516.0,,,762.0,1464.0,,,,1053.0,,4407.0,5465.0,,6413.0,,,6388.0,1280.0,8099.0,5969.0,2577.0,1418.0,,,,,2965.0,912.0,749.0,,,712.0,,954.0,,125856.0,,,11249.0,1732.0,150181.0,,,11781.0,1881.0,,,639.0,290732.0,429739.0,,2332.0,,2585.0,23630.0,,,24526.0,,,,,,,12552.0,,786.0,3810.0,,5338.0,,,1840.0,1254.0,,,,,,,,,900.0,6879.0,682.0,5053.0,15565.0,,,,,,,172303.0,829.0,2969.0,2586.0,,12708.0,1373.0,,612.0,8159.0,,,,2736.0,,846.0,409821.0,1343.0,11309.0,778.0,,833.0,,1009.0,,1553.0,105000.0,21851.0,10971.0,,,,,707.0,,35300.0,2396.0,82542.0,,1271.0,1641.0,631.0,534.0,756.0,,,33382.0,,2449.0,740.0,6589.0,,1012.0,139554.0,,,,1794.0,,3375.0,5807.0,,799.0,1869.0,9777.0,,,,,533.0,1793.0,,,,,,,,
2018-09-30,492.0,,,,,,436.0,1520.0,,,904.0,,,2215.0,,,,972.0,,2438.0,,,,98903.0,92491.0,203481.0,1691.0,50459.0,,10266.0,,4637.0,1333.0,1773.0,,,,883.0,,,514.0,916.0,,4348.0,4638.0,,6855.0,,,5790.0,1356.0,7108.0,5746.0,2128.0,1217.0,,,,,2443.0,1017.0,626.0,,,615.0,,936.0,,115462.0,,,10817.0,1212.0,124264.0,,,11478.0,1436.0,,,616.0,263136.0,368113.0,,2058.0,,2965.0,20307.0,,,23920.0,,,,,,,11903.0,,560.0,3562.0,,5201.0,,,710.0,851.0,,,,,,489.0,,,513.0,4668.0,706.0,4495.0,13193.0,,,,,,,150704.0,885.0,2727.0,1608.0,,11091.0,884.0,,463.0,6123.0,,,,3232.0,,,367613.0,712.0,9330.0,503.0,,1100.0,,538.0,489.0,1516.0,95030.0,20332.0,11505.0,,,,,648.0,,33877.0,1697.0,74023.0,,1458.0,1454.0,476.0,,1022.0,,,31004.0,,2128.0,650.0,5865.0,,795.0,126854.0,,,,1980.0,457.0,2985.0,5881.0,,677.0,1240.0,7760.0,,,,,,1545.0,,,,,,,,
2018-12-30,475.0,,,,,,674.0,789.0,,,842.0,,,1940.0,,,,1193.0,,1999.0,,,,93682.0,82514.0,182770.0,1872.0,39144.0,,8914.0,,3993.0,1250.0,1158.0,,,383.0,721.0,,,466.0,767.0,,3913.0,3396.0,,5649.0,,,5845.0,982.0,7112.0,4824.0,1897.0,551.0,,,,,2421.0,855.0,616.0,,,623.0,,642.0,,99080.0,,,9343.0,1028.0,110270.0,,,9654.0,1085.0,,,,239469.0,331872.0,,2320.0,,2284.0,20368.0,,,23352.0,,812.0,438.0,,,,10129.0,,804.0,3601.0,,5123.0,,,899.0,,,,,,,,,,642.0,5725.0,693.0,4320.0,10218.0,,,,,,,140345.0,529.0,2206.0,1409.0,,11330.0,743.0,,,5565.0,,491.0,,2510.0,,,335442.0,865.0,8452.0,453.0,,804.0,,608.0,,1695.0,86970.0,18558.0,10293.0,,,,,555.0,,29574.0,1880.0,63469.0,,1332.0,1277.0,,413.0,871.0,,,25569.0,,2121.0,423.0,5482.0,,694.0,118460.0,,,,2056.0,444.0,3089.0,4874.0,,,1378.0,6973.0,,,,,389.0,1451.0,,,,,,,,555.0
2019-03-30,539.0,,,,,,595.0,907.0,,,1153.0,,,2009.0,,436.0,,951.0,,2187.0,,,,98095.0,84981.0,196794.0,1418.0,38432.0,,8395.0,,3982.0,1025.0,1207.0,,,473.0,541.0,,410.0,513.0,619.0,,2938.0,4574.0,,5976.0,,,5855.0,662.0,7075.0,3904.0,1804.0,603.0,,,,,2323.0,428.0,619.0,,,933.0,,1058.0,,108197.0,,,8228.0,1691.0,113102.0,,,7540.0,1158.0,,,521.0,247515.0,328928.0,,2123.0,,2604.0,20204.0,,,24236.0,,1009.0,,,,,11379.0,,618.0,4534.0,,5116.0,,,536.0,,,,,,,,,,441.0,6549.0,805.0,4165.0,10605.0,,,,,,,145567.0,627.0,1988.0,1741.0,,11025.0,809.0,,,5033.0,,475.0,,2806.0,,,353281.0,759.0,9085.0,,,549.0,,952.0,,2247.0,94352.0,19741.0,12090.0,,,,,683.0,,31097.0,2173.0,65553.0,,1394.0,1742.0,,,1680.0,,,24182.0,,2071.0,423.0,5243.0,,731.0,131527.0,,,,1484.0,420.0,3645.0,4570.0,,482.0,1202.0,7047.0,,,,,,1343.0,,,,,,,,519.0
2019-06-30,,,,,,,367.0,1012.0,,,920.0,,,2348.0,,401.0,,813.0,,2071.0,,,,87707.0,84163.0,187884.0,1422.0,31397.0,,7697.0,,4146.0,722.0,1241.0,,,,519.0,,,,550.0,,3273.0,5347.0,,4369.0,,,6175.0,595.0,6714.0,3154.0,1709.0,691.0,,,,324.0,1918.0,,575.0,,,984.0,,963.0,,102802.0,,,8463.0,1310.0,96507.0,,,7765.0,987.0,,,708.0,236825.0,300942.0,353.0,2173.0,,1816.0,19016.0,,,24542.0,364.0,1300.0,326.0,,,,10606.0,,464.0,3464.0,,5957.0,,,435.0,,,,,,,,,,520.0,6312.0,798.0,5887.0,11904.0,,,,,,,134833.0,781.0,1945.0,1465.0,,11096.0,532.0,,,5050.0,,560.0,,1992.0,,,338170.0,736.0,7314.0,,,520.0,,1036.0,,1857.0,87925.0,20097.0,10931.0,497.0,,,,596.0,,30724.0,1715.0,64470.0,,1568.0,1737.0,450.0,,1957.0,,,24575.0,,1977.0,360.0,4957.0,,824.0,123921.0,,,,2236.0,,3314.0,4238.0,,380.0,1529.0,6165.0,,478.0,,,,1280.0,,,,,,,,
2019-09-30,388.0,,,,,,611.0,1848.0,,,2079.0,,,1977.0,,420.0,,627.0,442.0,1971.0,,,,87063.0,74036.0,174093.0,715.0,28477.0,,7001.0,,3253.0,1178.0,859.0,,,,704.0,,,,446.0,,2319.0,4926.0,,4488.0,,,5249.0,605.0,6038.0,3823.0,1596.0,694.0,,,,,1812.0,,530.0,,,558.0,,776.0,,97409.0,,,7792.0,1175.0,89460.0,,,6034.0,727.0,463.0,,533.0,218479.0,274965.0,,1969.0,,2244.0,18541.0,,,22018.0,,1145.0,540.0,,,,9406.0,,,3019.0,,4884.0,,,641.0,,,,,,,,,,452.0,6862.0,649.0,4253.0,10102.0,539.0,,,,,,128174.0,509.0,2011.0,1262.0,,10542.0,378.0,,,4077.0,,411.0,,2040.0,,,309076.0,452.0,6847.0,,,386.0,,1253.0,,1485.0,81763.0,20869.0,9224.0,,,,,567.0,,30706.0,1463.0,54924.0,,1363.0,2175.0,,,2266.0,384.0,,20879.0,460.0,1769.0,470.0,4615.0,,537.0,121038.0,,,,1749.0,394.0,3139.0,3173.0,,,1382.0,5959.0,,,,,,955.0,,,,942.0,,,,
2019-12-30,445.0,,,,,,525.0,760.0,,,858.0,,,2094.0,,408.0,,759.0,459.0,2052.0,,,,88535.0,74343.0,180260.0,977.0,23784.0,,5316.0,,2193.0,594.0,1010.0,,,,748.0,,,445.0,519.0,,2499.0,4916.0,,4413.0,,,4152.0,554.0,6981.0,3877.0,1486.0,547.0,,,,,1514.0,,520.0,,,,,1182.0,,91474.0,,,7992.0,1488.0,81972.0,,,6811.0,843.0,,,763.0,210252.0,257839.0,,1957.0,,1827.0,17822.0,,,22560.0,996.0,895.0,434.0,,,,7536.0,,,2408.0,,5905.0,,,463.0,,,,,,,,,,,7309.0,627.0,4479.0,9421.0,405.0,,,,,,130265.0,521.0,2180.0,1552.0,,10276.0,,,,3917.0,,445.0,,1626.0,,,299492.0,556.0,6448.0,,,444.0,,581.0,,1154.0,80085.0,18460.0,8605.0,,,,578.0,479.0,,28479.0,1662.0,53355.0,,1213.0,2078.0,,,1889.0,417.0,,19754.0,632.0,2013.0,411.0,4098.0,,635.0,111965.0,,,,1418.0,560.0,3429.0,3240.0,,,607.0,5711.0,,398.0,,,,946.0,,,,1024.0,,,,
2020-03-30,,,,,,,720.0,1031.0,,,,,,1730.0,,387.0,,643.0,390.0,1948.0,,,,89281.0,70656.0,176630.0,819.0,22050.0,,5742.0,,2426.0,,778.0,,,343.0,520.0,,,348.0,557.0,,3102.0,4680.0,,3962.0,,,4517.0,568.0,6455.0,3340.0,1529.0,836.0,,,,,1772.0,,453.0,,,412.0,,571.0,,95420.0,,,7876.0,1518.0,80391.0,,,6834.0,751.0,,,582.0,218616.0,251152.0,,2430.0,,2148.0,18257.0,,,24443.0,,1646.0,443.0,,,,9122.0,,,2836.0,,5346.0,,,476.0,,,,,,,,,,474.0,7825.0,708.0,4855.0,9237.0,,,,,,,128161.0,392.0,2410.0,1354.0,,11865.0,,,,3703.0,,529.0,,1815.0,,,308407.0,504.0,5661.0,,,1121.0,,576.0,,1132.0,82120.0,19586.0,10240.0,,,,,545.0,,30362.0,2085.0,54274.0,,1424.0,2239.0,399.0,,1836.0,399.0,,19184.0,860.0,1712.0,373.0,3697.0,,548.0,116985.0,,396.0,,858.0,779.0,3988.0,3335.0,,,524.0,4813.0,,,,,,974.0,,,,1009.0,,,441.0,729.0
2020-06-30,455.0,,,,,,735.0,1252.0,,,,,,2517.0,,469.0,,666.0,462.0,2046.0,,,,97213.0,72874.0,197267.0,721.0,25057.0,,6828.0,474.0,2278.0,519.0,1064.0,,,,742.0,,,,480.0,,2085.0,6168.0,,3994.0,,,4988.0,453.0,7238.0,3343.0,1663.0,761.0,,,,,1575.0,,475.0,,,457.0,,494.0,,97326.0,,,9070.0,1481.0,82486.0,,,7586.0,936.0,,,674.0,228402.0,263545.0,,2163.0,,2148.0,20540.0,,,25868.0,,3524.0,700.0,,,,9880.0,,419.0,2640.0,,5354.0,,,687.0,,,,,,,,,,602.0,7794.0,730.0,4357.0,10735.0,,,,,,,130982.0,544.0,1876.0,2072.0,921.0,12726.0,,,,3485.0,,,,1633.0,,,322144.0,604.0,5959.0,,,637.0,752.0,460.0,,1188.0,77761.0,20183.0,11551.0,,,,411.0,,,28851.0,2230.0,58870.0,,1773.0,2029.0,,657.0,1452.0,,,21499.0,1005.0,1079.0,,3122.0,,762.0,126195.0,,,,1101.0,907.0,4036.0,3471.0,,,1230.0,5704.0,,477.0,,,,1282.0,,,,1134.0,,,,744.0
2020-09-30,836.0,,,,,,582.0,1120.0,,,,,,1926.0,,,,510.0,485.0,1570.0,,,,77744.0,60513.0,162365.0,476.0,19683.0,,5762.0,525.0,1840.0,426.0,811.0,,,,372.0,,,,408.0,,2489.0,5187.0,,3586.0,,,3580.0,,5332.0,2721.0,986.0,515.0,,,,,1645.0,,,,,491.0,,576.0,,86551.0,,,7420.0,1337.0,68825.0,,,6398.0,531.0,,,432.0,207867.0,220332.0,,2036.0,,1747.0,19153.0,,,23305.0,,5477.0,714.0,,,321.0,8120.0,,,1951.0,,5181.0,,,444.0,,,,,,,,,,317.0,6869.0,551.0,3692.0,8217.0,,,,,,,109826.0,344.0,1919.0,873.0,374.0,9080.0,,,425.0,3352.0,,,,1441.0,600.0,,274521.0,577.0,5019.0,,,469.0,327.0,491.0,,1698.0,66499.0,15956.0,9821.0,,,,,346.0,,24274.0,1841.0,46933.0,,1298.0,2225.0,,384.0,1394.0,333.0,,17222.0,1051.0,606.0,,3091.0,,564.0,117288.0,,,,605.0,966.0,3237.0,2407.0,,,1024.0,3192.0,,363.0,,,,795.0,,,,1002.0,,,418.0,
2020-12-30,,,,,,,858.0,2474.0,,,,,,2031.0,,304.0,,426.0,333.0,1438.0,,,,83192.0,60150.0,167476.0,517.0,16235.0,,5672.0,571.0,2231.0,551.0,654.0,,,321.0,385.0,,,667.0,541.0,,1527.0,6093.0,,3500.0,,,3234.0,,5088.0,3330.0,1958.0,365.0,,600.0,,,1169.0,,,,,,,598.0,,76930.0,,,7057.0,1275.0,65412.0,,,6768.0,455.0,,,1318.0,191172.0,205999.0,,2177.0,,1363.0,15713.0,,,22097.0,,5606.0,565.0,,,,9966.0,,,2151.0,,5709.0,,,379.0,,,,,,,,,,424.0,8703.0,707.0,4226.0,8186.0,,,,,,,119433.0,,1696.0,983.0,,9692.0,,,321.0,2725.0,,368.0,,1380.0,,419.0,261264.0,531.0,4621.0,,,524.0,369.0,556.0,,1696.0,65386.0,16918.0,9084.0,,,,,669.0,,25454.0,734.0,46397.0,,1319.0,2511.0,,326.0,1539.0,,,16249.0,1076.0,681.0,358.0,3175.0,,495.0,107915.0,,,,1554.0,800.0,3172.0,2276.0,,,616.0,3204.0,,1010.0,,,,942.0,,,,1376.0,,,437.0,
2021-03-30,,,,,,,709.0,2101.0,,,,,,1751.0,,,,310.0,450.0,1353.0,,,,78870.0,54644.0,157597.0,451.0,13314.0,,4927.0,573.0,2403.0,409.0,604.0,,,424.0,470.0,,,375.0,545.0,,1870.0,6175.0,,3376.0,,,2961.0,,5009.0,3953.0,1243.0,402.0,,449.0,,,1422.0,,398.0,,,462.0,,713.0,,73530.0,,,6659.0,1321.0,63075.0,,,5609.0,509.0,,,764.0,180575.0,195536.0,,1890.0,,1751.0,14072.0,,,20278.0,,7066.0,298.0,,,,8496.0,,,1559.0,,4463.0,,,405.0,,,,,,,,,,419.0,6691.0,588.0,3219.0,8134.0,,,,,,,104579.0,,1832.0,973.0,,9810.0,,,330.0,2953.0,,389.0,,1248.0,,396.0,255988.0,460.0,4256.0,,,414.0,303.0,593.0,,1486.0,66038.0,13791.0,7566.0,,,,,377.0,,22457.0,915.0,45091.0,,1263.0,1789.0,,315.0,1401.0,,,13682.0,1355.0,450.0,322.0,2964.0,,649.0,108753.0,,,,798.0,642.0,3227.0,1947.0,,,1865.0,2936.0,,596.0,,,,964.0,,,,1057.0,,,,
2021-06-30,,,,,,,414.0,2478.0,,,,,,1565.0,,,,,575.0,1368.0,,,,67489.0,45684.0,143799.0,292.0,11593.0,,3991.0,526.0,1403.0,342.0,462.0,,,483.0,273.0,,,,254.0,,2097.0,5415.0,,3146.0,,,3044.0,,4304.0,3213.0,996.0,555.0,,,,295.0,1116.0,,704.0,,,459.0,,1051.0,,67302.0,,,5142.0,1199.0,56105.0,,,4678.0,441.0,,,955.0,165483.0,174077.0,,1501.0,,1605.0,12168.0,,,19880.0,,5847.0,241.0,,,,7100.0,,260.0,1755.0,,3473.0,,,505.0,,,,,,,276.0,,,345.0,6437.0,454.0,3870.0,6204.0,,,,,,,89919.0,,1698.0,1183.0,,7095.0,,,,1898.0,,329.0,,1236.0,,,225866.0,541.0,4234.0,,,387.0,286.0,514.0,,1362.0,55669.0,11814.0,7500.0,,,,,267.0,,22018.0,776.0,35809.0,,1208.0,2204.0,,286.0,1561.0,,,11393.0,1084.0,395.0,367.0,2469.0,,571.0,106837.0,,,,913.0,521.0,2490.0,1206.0,,,1829.0,3097.0,,512.0,,,,702.0,,,268.0,1074.0,,,,277.0
2021-09-30,,,,,,,530.0,1910.0,,,,,,1858.0,,,,360.0,588.0,1184.0,,,,60781.0,43649.0,130094.0,353.0,10370.0,,3093.0,600.0,1133.0,255.0,318.0,,,456.0,220.0,,,,,,2272.0,4222.0,,2464.0,,,2696.0,,3896.0,2881.0,1384.0,313.0,,,,238.0,1271.0,,,,,375.0,,566.0,,62117.0,,,5355.0,967.0,49398.0,,,4101.0,325.0,,,711.0,146936.0,153384.0,,1339.0,,1601.0,11259.0,,,17619.0,,6930.0,464.0,,,268.0,5885.0,,293.0,1351.0,,2554.0,,,341.0,,,,,,,238.0,,,241.0,6891.0,480.0,3549.0,4543.0,,,,,222.0,,85160.0,,1560.0,713.0,,7948.0,,,,1741.0,,389.0,,1119.0,,,208073.0,326.0,3157.0,,,336.0,248.0,354.0,,1428.0,49657.0,10535.0,6500.0,,,,,237.0,,18270.0,487.0,36451.0,,1445.0,2251.0,,223.0,1125.0,,,11495.0,967.0,395.0,284.0,2388.0,,371.0,96136.0,,,,1357.0,667.0,2821.0,1100.0,,,858.0,3624.0,,761.0,,,,680.0,,,253.0,833.0,,,,
2021-12-30,,,,,,,423.0,2121.0,,,,,,1659.0,,,,329.0,,1010.0,,,,54138.0,37706.0,105442.0,243.0,8466.0,,2232.0,676.0,781.0,188.0,245.0,,,252.0,,,,224.0,150.0,,1910.0,2886.0,,1805.0,,,2141.0,,2774.0,2759.0,954.0,177.0,,362.0,,335.0,581.0,,,,,224.0,,325.0,,50831.0,,,4639.0,872.0,40152.0,,,3883.0,307.0,,,695.0,126534.0,119105.0,,1043.0,,842.0,8892.0,,,14035.0,,6681.0,297.0,,,,4858.0,,221.0,1247.0,,2142.0,,,,,,,,,,,,,151.0,8243.0,452.0,3384.0,3826.0,,,,,,,75071.0,370.0,1211.0,739.0,,6213.0,,,,1378.0,,337.0,,867.0,,,172010.0,287.0,2293.0,,,354.0,203.0,,,944.0,40002.0,8871.0,5470.0,,,,249.0,,174.0,16008.0,505.0,29219.0,,982.0,2136.0,,216.0,1046.0,162.0,,9942.0,940.0,405.0,172.0,1614.0,,333.0,75381.0,,,,1223.0,524.0,2320.0,866.0,,,758.0,1866.0,,542.0,,,,465.0,,,208.0,431.0,,,,221.0
2022-03-30,,,,,,,321.0,1181.0,,,,,,1415.0,,,,351.0,,1357.0,,,,63471.0,44452.0,128129.0,404.0,8431.0,,2780.0,944.0,1030.0,,486.0,,,282.0,,,235.0,435.0,,,1546.0,3821.0,,2026.0,,,2322.0,,3497.0,2695.0,936.0,335.0,,928.0,,,780.0,,333.0,,,358.0,,320.0,,67627.0,,,4857.0,2252.0,44520.0,,,3672.0,261.0,,,622.0,152891.0,145810.0,,1785.0,,1545.0,10881.0,,,17879.0,,9586.0,461.0,,,,7295.0,,385.0,1410.0,,2598.0,,,,,,,,,,,,,244.0,8030.0,838.0,4022.0,4602.0,,,,,315.0,,91618.0,385.0,1708.0,1216.0,,8499.0,,,,1957.0,,336.0,,1421.0,,272.0,206452.0,317.0,2654.0,,,469.0,248.0,228.0,,1053.0,51118.0,11391.0,7449.0,,,,,258.0,224.0,18431.0,1444.0,34192.0,,907.0,2387.0,,,1363.0,,,11499.0,1578.0,437.0,324.0,2114.0,,471.0,95695.0,,,,1416.0,590.0,2789.0,833.0,,,738.0,2943.0,,413.0,,,,581.0,,,279.0,559.0,,,,218.0
2022-06-30,,,,,,,248.0,2878.0,,,,,,1688.0,,,,394.0,233.0,926.0,,,,55320.0,40765.0,113470.0,239.0,7123.0,,2675.0,899.0,994.0,448.0,289.0,,,370.0,,,,,180.0,,1565.0,4681.0,,1700.0,,,1844.0,,3323.0,2348.0,1421.0,398.0,,179.0,,,625.0,,187.0,,,273.0,,408.0,,64601.0,,,4379.0,1763.0,38392.0,,,3708.0,294.0,,,829.0,133248.0,127526.0,,1484.0,228.0,1722.0,10659.0,,,18031.0,,7574.0,257.0,,,,8118.0,,,1221.0,,2820.0,,,395.0,,,,,,,204.0,,,,7701.0,665.0,2918.0,4750.0,,,,,344.0,,76151.0,,1277.0,1112.0,,7581.0,,,,1964.0,,379.0,,876.0,,,180871.0,346.0,2319.0,,,413.0,313.0,193.0,,872.0,45975.0,14532.0,5895.0,,,,,,,16997.0,1295.0,30795.0,,1129.0,2499.0,,,1137.0,234.0,,11074.0,1454.0,234.0,196.0,1641.0,,308.0,93782.0,,,258.0,708.0,545.0,2585.0,745.0,,,847.0,2463.0,,730.0,,,,411.0,,,240.0,646.0,,,225.0,
2022-09-30,,,,,,,386.0,2138.0,,,,,,1745.0,,,,339.0,288.0,720.0,340.0,,,53343.0,39566.0,115785.0,294.0,6541.0,,1727.0,923.0,1280.0,276.0,291.0,,,,,,265.0,,382.0,,2847.0,4141.0,,1680.0,,,2104.0,,3050.0,2132.0,1492.0,,,492.0,,310.0,606.0,,324.0,,,225.0,,701.0,,70384.0,,,5794.0,2302.0,39503.0,,,3681.0,,,,915.0,129567.0,121257.0,,1246.0,203.0,1658.0,10866.0,,,16061.0,,8488.0,267.0,,,,7767.0,,209.0,1356.0,,2728.0,,,,,,,,,,260.0,,,,10767.0,444.0,2540.0,4206.0,,,,,,,74729.0,,1374.0,827.0,,7719.0,,,,2094.0,,211.0,,943.0,,,187281.0,254.0,2262.0,,,,715.0,,,1044.0,45862.0,20719.0,6587.0,,,,240.0,,,19005.0,1581.0,33716.0,,1353.0,2040.0,876.0,272.0,1078.0,,,10677.0,1344.0,218.0,208.0,1719.0,,335.0,92750.0,,,359.0,1905.0,506.0,3237.0,851.0,,,932.0,2835.0,,829.0,,,,448.0,,,268.0,568.0,,,374.0,237.0
2022-12-30,,,,,,,302.0,1898.0,,,,,,1439.0,,184.0,,296.0,,922.0,357.0,,,52097.0,38473.0,109861.0,198.0,9373.0,,1918.0,1395.0,897.0,312.0,219.0,,,170.0,,,,210.0,227.0,,2735.0,4514.0,,1736.0,,,2308.0,,2710.0,2181.0,927.0,347.0,,,,,632.0,,439.0,,,239.0,,491.0,,67577.0,,,6253.0,2618.0,36778.0,,,3028.0,175.0,,,434.0,130785.0,121411.0,,1327.0,198.0,1470.0,10107.0,,,14280.0,,5787.0,245.0,,,,7368.0,,168.0,1213.0,247.0,2645.0,,,209.0,,,,,,,,,,,8457.0,568.0,2922.0,3406.0,,,,,,,80440.0,,1243.0,678.0,,7341.0,,,,2114.0,,,169.0,596.0,,,181620.0,215.0,2409.0,,,247.0,298.0,247.0,,798.0,47066.0,15295.0,6139.0,,,,250.0,,,17196.0,1329.0,33207.0,,964.0,2485.0,371.0,,1003.0,,,10027.0,1320.0,269.0,195.0,1676.0,,286.0,90114.0,,,298.0,1465.0,421.0,3313.0,500.0,,,894.0,2225.0,,717.0,,,,361.0,,,,350.0,,,,
2023-03-30,,,251.0,,,,258.0,2465.0,,,,,,1552.0,,,,251.0,,882.0,,,,54887.0,38342.0,115711.0,236.0,9947.0,,2135.0,1008.0,980.0,275.0,236.0,,,290.0,,,,243.0,257.0,,1494.0,4730.0,,1662.0,,,2749.0,,2995.0,2144.0,1222.0,427.0,,630.0,,,633.0,,258.0,,,350.0,,796.0,,79642.0,,,6456.0,2706.0,41091.0,,,4476.0,562.0,,,467.0,139089.0,125166.0,,1641.0,,1922.0,10242.0,,,16030.0,,3437.0,232.0,,,,7193.0,,,1254.0,236.0,2735.0,,256.0,358.0,,,,,,,,,,207.0,8225.0,568.0,3047.0,3830.0,,,,,,,84499.0,,1129.0,921.0,,7267.0,,,,1985.0,,229.0,,635.0,,,192905.0,323.0,2396.0,,,561.0,330.0,,,1016.0,53456.0,16518.0,5198.0,,,,283.0,,,17808.0,1350.0,32879.0,,1421.0,2518.0,535.0,257.0,1081.0,,,9993.0,686.0,317.0,233.0,1615.0,,385.0,92544.0,,,365.0,1590.0,628.0,2561.0,881.0,,,756.0,2322.0,,556.0,,,,403.0,,,,384.0,,,,
2023-06-30,,,156.0,,,,281.0,2947.0,,,,,,1688.0,,,,347.0,,877.0,,,,49820.0,34064.0,106745.0,219.0,7801.0,,1706.0,981.0,860.0,357.0,283.0,,,366.0,,,,167.0,183.0,,1581.0,4563.0,,1518.0,,,2241.0,,2335.0,1969.0,1060.0,460.0,,361.0,,,1075.0,,,,,247.0,,495.0,,73405.0,,,5728.0,2805.0,35727.0,384.0,,3424.0,303.0,,,748.0,124892.0,113356.0,,1043.0,,1159.0,9958.0,,,14819.0,,2676.0,461.0,,,,6892.0,,,1259.0,180.0,2517.0,,,372.0,,,,,,,,,,,9196.0,233.0,2872.0,2996.0,,,,,,,72935.0,,1085.0,665.0,,6250.0,,,,1631.0,,252.0,,403.0,,,175458.0,332.0,2134.0,,,422.0,276.0,245.0,,836.0,44765.0,14955.0,5003.0,,,,,,163.0,15239.0,1244.0,31807.0,,1180.0,1980.0,,236.0,810.0,,,8812.0,910.0,225.0,208.0,1465.0,,223.0,81670.0,,,278.0,710.0,367.0,2322.0,742.0,,,704.0,1534.0,,521.0,,,,518.0,154.0,,,368.0,,,,278.0
2023-09-30,,,,,,,165.0,2543.0,,,,,,1737.0,,,,304.0,,748.0,,,,51065.0,35410.0,103788.0,169.0,7974.0,,1666.0,738.0,769.0,293.0,363.0,,,298.0,,,178.0,168.0,,,1352.0,4028.0,,1430.0,,,2333.0,,2955.0,1847.0,815.0,,,746.0,,239.0,506.0,,171.0,,,184.0,,492.0,,73644.0,,,5072.0,2585.0,34548.0,306.0,199.0,3167.0,247.0,,,360.0,120214.0,118611.0,,1092.0,,1472.0,7846.0,,,14289.0,,175.0,212.0,,,,6487.0,,,1215.0,,2966.0,,,218.0,,,,,,,,,,227.0,10414.0,,2605.0,2691.0,,,,,,,73820.0,,1653.0,709.0,,6074.0,,,,1056.0,,204.0,169.0,357.0,,,179144.0,194.0,2201.0,,,539.0,511.0,,,1019.0,46884.0,16942.0,5142.0,,,,257.0,,,16099.0,1599.0,30038.0,,1270.0,2711.0,,499.0,1295.0,,,7820.0,715.0,254.0,205.0,1357.0,,385.0,76639.0,,,258.0,926.0,385.0,2978.0,886.0,,,560.0,1455.0,,576.0,,,,337.0,261.0,,,211.0,,,,235.0
