date,name,value
2012-6-30,JavaScript,118009
2012-6-30,Ruby,67773
2012-6-30,Python,42212
2012-6-30,Objective-C,29909
2012-6-30,PHP,22882
2012-6-30,Java,17465
2012-6-30,C,16515
2012-6-30,C++,13109
2012-6-30,HTML,11170
2012-6-30,Shell,7051
2012-6-30,CSS,7019
2012-6-30,C#,5393
2012-6-30,CoffeeScript,5203
2012-6-30,Scala,4069
2012-6-30,Erlang,2613
2012-6-30,Clojure,2306
2012-6-30,Haskell,2252
2012-6-30,Go,2222
2012-6-30,VimL,2064
2012-6-30,Perl,1571
2012-6-30,Emacs Lisp,951
2012-6-30,ActionScript,866
2012-6-30,Lua,792
2012-6-30,Groovy,714
2012-6-30,TypeScript,517
2012-6-30,Common Lisp,470
2012-6-30,PowerShell,305
2012-6-30,OCaml,299
2012-6-30,ApacheConf,273
2012-6-30,Haxe,253
2012-6-30,D,220
2012-6-30,LiveScript,192
2012-6-30,Objective-J,174
2012-6-30,Matlab,173
2012-6-30,XSLT,158
2012-6-30,Puppet,157
2012-6-30,DCPU-16 ASM,141
2012-6-30,Swift,129
2012-6-30,AGS Script,122
2012-6-30,Makefile,121
2012-6-30,Dart,118
2012-6-30,Assembly,104
2012-9-30,JavaScript,121938
2012-9-30,Ruby,65990
2012-9-30,Python,42584
2012-9-30,Objective-C,36059
2012-9-30,PHP,22819
2012-9-30,Java,19858
2012-9-30,C,16757
2012-9-30,C++,11277
2012-9-30,HTML,11049
2012-9-30,CSS,8503
2012-9-30,Shell,7757
2012-9-30,CoffeeScript,6238
2012-9-30,C#,5233
2012-9-30,Go,4936
2012-9-30,Objective-C++,4626
2012-9-30,Scala,3438
2012-9-30,Erlang,2334
2012-9-30,Clojure,2086
2012-9-30,Haskell,2039
2012-9-30,VimL,1939
2012-9-30,Perl,1434
2012-9-30,Emacs Lisp,1106
2012-9-30,Lua,790
2012-9-30,ActionScript,671
2012-9-30,Groovy,535
2012-9-30,OCaml,343
2012-9-30,Common Lisp,312
2012-9-30,ApacheConf,291
2012-9-30,Haxe,280
2012-9-30,TypeScript,238
2012-9-30,PowerShell,236
2012-9-30,Puppet,213
2012-9-30,Makefile,203
2012-9-30,Objective-J,178
2012-9-30,XSLT,170
2012-9-30,LiveScript,168
2012-9-30,Swift,139
2012-9-30,D,138
2012-9-30,F#,137
2012-9-30,Assembly,122
2012-9-30,Dart,108
2012-12-30,JavaScript,142545
2012-12-30,Ruby,77908
2012-12-30,Python,48940
2012-12-30,Objective-C,41837
2012-12-30,PHP,24699
2012-12-30,Java,24199
2012-12-30,C,17832
2012-12-30,C++,12540
2012-12-30,HTML,12242
2012-12-30,CSS,7615
2012-12-30,Shell,7293
2012-12-30,Go,7009
2012-12-30,CoffeeScript,6576
2012-12-30,C#,5431
2012-12-30,Scala,3773
2012-12-30,VimL,2602
2012-12-30,Erlang,2393
2012-12-30,Haskell,2146
2012-12-30,Clojure,2137
2012-12-30,Perl,1484
2012-12-30,Emacs Lisp,1315
2012-12-30,Objective-C++,1246
2012-12-30,TypeScript,1062
2012-12-30,Lua,933
2012-12-30,ActionScript,682
2012-12-30,Groovy,483
2012-12-30,OCaml,435
2012-12-30,Common Lisp,348
2012-12-30,ApacheConf,346
2012-12-30,PowerShell,272
2012-12-30,Haxe,256
2012-12-30,Puppet,210
2012-12-30,F#,200
2012-12-30,Matlab,196
2012-12-30,Makefile,191
2012-12-30,Dart,165
2012-12-30,Swift,151
2012-12-30,R,136
2012-12-30,Objective-J,135
2012-12-30,XSLT,133
2012-12-30,KiCad,121
2012-12-30,LiveScript,121
2012-12-30,Assembly,112
2012-12-30,D,106
2013-3-30,JavaScript,203515
2013-3-30,Ruby,103643
2013-3-30,Python,71718
2013-3-30,Objective-C,64508
2013-3-30,PHP,36337
2013-3-30,Java,36036
2013-3-30,C,26575
2013-3-30,HTML,23378
2013-3-30,C++,17545
2013-3-30,CSS,17279
2013-3-30,Shell,10463
2013-3-30,CoffeeScript,10236
2013-3-30,Go,9305
2013-3-30,C#,7503
2013-3-30,Scala,4890
2013-3-30,VimL,3300
2013-3-30,Haskell,3193
2013-3-30,Erlang,3177
2013-3-30,Clojure,2937
2013-3-30,Perl,1825
2013-3-30,Emacs Lisp,1498
2013-3-30,Lua,1246
2013-3-30,Objective-C++,1051
2013-3-30,TypeScript,863
2013-3-30,ActionScript,769
2013-3-30,Groovy,666
2013-3-30,Jupyter Notebook,607
2013-3-30,OCaml,516
2013-3-30,TeX,480
2013-3-30,Common Lisp,473
2013-3-30,PowerShell,418
2013-3-30,Haxe,410
2013-3-30,ApacheConf,369
2013-3-30,Makefile,352
2013-3-30,F#,326
2013-3-30,R,300
2013-3-30,Puppet,299
2013-3-30,Assembly,266
2013-3-30,Dart,264
2013-3-30,Matlab,255
2013-3-30,Rust,247
2013-3-30,Objective-J,229
2013-3-30,Swift,223
2013-3-30,XSLT,193
2013-3-30,Scheme,176
2013-3-30,D,129
2013-3-30,Julia,129
2013-3-30,LiveScript,126
2013-3-30,AppleScript,117
2013-6-30,JavaScript,219265
2013-6-30,Ruby,102633
2013-6-30,Python,75521
2013-6-30,Objective-C,67716
2013-6-30,Java,44529
2013-6-30,PHP,39863
2013-6-30,HTML,31165
2013-6-30,C,27119
2013-6-30,C++,19741
2013-6-30,CSS,18035
2013-6-30,Go,13565
2013-6-30,Shell,12503
2013-6-30,CoffeeScript,10546
2013-6-30,C#,8351
2013-6-30,VimL,6120
2013-6-30,Scala,5856
2013-6-30,Haskell,3191
2013-6-30,Clojure,3020
2013-6-30,Erlang,2740
2013-6-30,TypeScript,2724
2013-6-30,Jupyter Notebook,2486
2013-6-30,Emacs Lisp,1790
2013-6-30,Perl,1661
2013-6-30,Lua,1356
2013-6-30,Swift,1134
2013-6-30,Common Lisp,1058
2013-6-30,Groovy,904
2013-6-30,Assembly,894
2013-6-30,ActionScript,786
2013-6-30,Haxe,675
2013-6-30,OCaml,597
2013-6-30,F#,570
2013-6-30,Vala,554
2013-6-30,Dart,499
2013-6-30,Objective-C++,496
2013-6-30,Matlab,445
2013-6-30,PowerShell,440
2013-6-30,Puppet,414
2013-6-30,Makefile,354
2013-6-30,ApacheConf,342
2013-6-30,Cuda,305
2013-6-30,Rust,232
2013-6-30,Scheme,222
2013-6-30,R,204
2013-6-30,TeX,201
2013-6-30,wisp,196
2013-6-30,XSLT,163
2013-6-30,Yacc,151
2013-6-30,Julia,150
2013-6-30,LiveScript,149
2013-6-30,Objective-J,148
2013-6-30,VHDL,131
2013-6-30,AppleScript,128
2013-6-30,D,127
2013-6-30,Elixir,113
2013-6-30,Eagle,112
2013-9-30,JavaScript,278039
2013-9-30,Ruby,103283
2013-9-30,Python,89361
2013-9-30,Objective-C,75149
2013-9-30,PHP,50150
2013-9-30,Java,45985
2013-9-30,C,38215
2013-9-30,CSS,32202
2013-9-30,HTML,29058
2013-9-30,Go,24675
2013-9-30,C++,22458
2013-9-30,Shell,16694
2013-9-30,CoffeeScript,13058
2013-9-30,C#,10485
2013-9-30,Scala,8461
2013-9-30,VimL,6871
2013-9-30,Haskell,3962
2013-9-30,Clojure,3927
2013-9-30,Erlang,3771
2013-9-30,Perl,3571
2013-9-30,Vala,2348
2013-9-30,TypeScript,1906
2013-9-30,Emacs Lisp,1840
2013-9-30,Lua,1655
2013-9-30,Nginx,1407
2013-9-30,Jupyter Notebook,1264
2013-9-30,Scheme,1091
2013-9-30,Groovy,1012
2013-9-30,ActionScript,936
2013-9-30,OCaml,858
2013-9-30,Common Lisp,753
2013-9-30,Haxe,697
2013-9-30,Rust,662
2013-9-30,Puppet,571
2013-9-30,PowerShell,568
2013-9-30,Swift,556
2013-9-30,Objective-C++,541
2013-9-30,Assembly,533
2013-9-30,TeX,482
2013-9-30,Makefile,450
2013-9-30,Dart,445
2013-9-30,Elixir,410
2013-9-30,Matlab,377
2013-9-30,ApacheConf,361
2013-9-30,Julia,315
2013-9-30,LiveScript,293
2013-9-30,F#,290
2013-9-30,R,265
2013-9-30,XSLT,263
2013-9-30,D,208
2013-9-30,Arduino,181
2013-9-30,PLpgSQL,171
2013-9-30,KiCad,159
2013-9-30,Objective-J,144
2013-9-30,Pascal,134
2013-9-30,Perl6,117
2013-9-30,Prolog,115
2013-9-30,Processing,101
2013-12-30,JavaScript,315487
2013-12-30,Objective-C,107917
2013-12-30,Ruby,103190
2013-12-30,Python,102029
2013-12-30,Java,63821
2013-12-30,PHP,54322
2013-12-30,C,45553
2013-12-30,CSS,40209
2013-12-30,HTML,35742
2013-12-30,Go,34306
2013-12-30,C++,32250
2013-12-30,Shell,19239
2013-12-30,CoffeeScript,18458
2013-12-30,Scala,14851
2013-12-30,C#,13717
2013-12-30,VimL,5677
2013-12-30,TypeScript,5459
2013-12-30,Haskell,4776
2013-12-30,Clojure,4549
2013-12-30,Erlang,2950
2013-12-30,Swift,2697
2013-12-30,Lua,2637
2013-12-30,Emacs Lisp,2591
2013-12-30,Perl,2574
2013-12-30,Nginx,2012
2013-12-30,Groovy,1283
2013-12-30,PowerShell,1005
2013-12-30,Dart,960
2013-12-30,ApacheConf,916
2013-12-30,OCaml,914
2013-12-30,Vala,874
2013-12-30,Jupyter Notebook,828
2013-12-30,ActionScript,811
2013-12-30,Common Lisp,764
2013-12-30,Rust,726
2013-12-30,Puppet,689
2013-12-30,Haxe,662
2013-12-30,F#,656
2013-12-30,LiveScript,636
2013-12-30,Objective-C++,598
2013-12-30,Assembly,580
2013-12-30,Matlab,572
2013-12-30,Julia,468
2013-12-30,Makefile,455
2013-12-30,TeX,406
2013-12-30,Scheme,395
2013-12-30,R,363
2013-12-30,Elixir,323
2013-12-30,D,323
2013-12-30,XSLT,262
2013-12-30,Arduino,209
2013-12-30,Prolog,199
2013-12-30,Smarty,160
2013-12-30,Pascal,144
2013-12-30,Groff,129
2013-12-30,Kotlin,122
2013-12-30,Verilog,117
2013-12-30,Objective-J,111
2013-12-30,Visual Basic,109
2013-12-30,Eagle,107
2013-12-30,AppleScript,100
2014-3-30,JavaScript,390658
2014-3-30,Objective-C,134034
2014-3-30,Python,130381
2014-3-30,Ruby,122440
2014-3-30,Java,83283
2014-3-30,PHP,69068
2014-3-30,CSS,58902
2014-3-30,HTML,54859
2014-3-30,C,51782
2014-3-30,Go,46607
2014-3-30,C++,42085
2014-3-30,CoffeeScript,25057
2014-3-30,Shell,22788
2014-3-30,C#,16403
2014-3-30,Scala,12172
2014-3-30,Clojure,12165
2014-3-30,VimL,7403
2014-3-30,Haskell,5237
2014-3-30,TypeScript,5066
2014-3-30,Erlang,4111
2014-3-30,Perl,3445
2014-3-30,Lua,3140
2014-3-30,Emacs Lisp,2564
2014-3-30,Swift,2350
2014-3-30,Groovy,1862
2014-3-30,Makefile,1494
2014-3-30,Assembly,1338
2014-3-30,Rust,1248
2014-3-30,Dart,1211
2014-3-30,Jupyter Notebook,1191
2014-3-30,OCaml,1141
2014-3-30,Haxe,1063
2014-3-30,Common Lisp,1051
2014-3-30,Elixir,861
2014-3-30,ActionScript,843
2014-3-30,PowerShell,828
2014-3-30,TeX,790
2014-3-30,F#,789
2014-3-30,Objective-C++,708
2014-3-30,Julia,707
2014-3-30,Matlab,704
2014-3-30,Puppet,680
2014-3-30,Vala,663
2014-3-30,LiveScript,649
2014-3-30,ApacheConf,568
2014-3-30,R,520
2014-3-30,Scheme,489
2014-3-30,Arduino,415
2014-3-30,D,368
2014-3-30,XSLT,320
2014-3-30,Nginx,274
2014-3-30,KiCad,226
2014-3-30,Eagle,213
2014-3-30,PLpgSQL,204
2014-3-30,Kotlin,169
2014-3-30,Processing,160
2014-3-30,Pascal,150
2014-3-30,Liquid,140
2014-3-30,Racket,140
2014-3-30,Apex,139
2014-3-30,Visual Basic,138
2014-3-30,Groff,136
2014-3-30,AppleScript,126
2014-3-30,CMake,122
2014-3-30,Hack,121
2014-3-30,Objective-J,120
2014-3-30,FORTRAN,116
2014-3-30,Verilog,109
2014-3-30,Idris,107
2014-3-30,wisp,106
2014-3-30,OpenSCAD,104
2014-3-30,Red,102
2014-3-30,ColdFusion,101
2014-3-30,POV-Ray SDL,100
2014-6-30,JavaScript,440844
2014-6-30,Objective-C,139245
2014-6-30,Python,132622
2014-6-30,Ruby,130646
2014-6-30,Java,97999
2014-6-30,PHP,69028
2014-6-30,Go,63824
2014-6-30,HTML,57558
2014-6-30,CSS,55899
2014-6-30,C,51184
2014-6-30,C++,42825
2014-6-30,CoffeeScript,25215
2014-6-30,Shell,24176
2014-6-30,C#,19885
2014-6-30,Swift,19754
2014-6-30,Scala,11680
2014-6-30,Haskell,9207
2014-6-30,TypeScript,9035
2014-6-30,Clojure,8378
2014-6-30,Objective-C++,8052
2014-6-30,VimL,6876
2014-6-30,Erlang,3837
2014-6-30,Lua,2922
2014-6-30,Perl,2905
2014-6-30,Emacs Lisp,2778
2014-6-30,Rust,2737
2014-6-30,Groovy,2258
2014-6-30,Jupyter Notebook,1524
2014-6-30,ActionScript,1406
2014-6-30,Makefile,1338
2014-6-30,OCaml,1252
2014-6-30,TeX,1201
2014-6-30,Haxe,1099
2014-6-30,PowerShell,1013
2014-6-30,F#,996
2014-6-30,Dart,925
2014-6-30,Elixir,888
2014-6-30,R,885
2014-6-30,Common Lisp,823
2014-6-30,Assembly,781
2014-6-30,PigLatin,749
2014-6-30,Julia,741
2014-6-30,Matlab,735
2014-6-30,Puppet,707
2014-6-30,Vala,646
2014-6-30,ApacheConf,613
2014-6-30,D,539
2014-6-30,LiveScript,385
2014-6-30,Scheme,374
2014-6-30,XML,345
2014-6-30,Kotlin,316
2014-6-30,Nemerle,296
2014-6-30,Nginx,285
2014-6-30,XSLT,281
2014-6-30,Arduino,255
2014-6-30,KiCad,202
2014-6-30,Idris,194
2014-6-30,Pascal,188
2014-6-30,PLpgSQL,186
2014-6-30,Processing,180
2014-6-30,Apex,178
2014-6-30,Eagle,176
2014-6-30,Racket,175
2014-6-30,AppleScript,169
2014-6-30,Elm,154
2014-6-30,Smarty,140
2014-6-30,FORTRAN,136
2014-6-30,Visual Basic,124
2014-6-30,NSIS,124
2014-6-30,CMake,119
2014-6-30,Liquid,117
2014-6-30,Groff,108
2014-6-30,Objective-J,107
2014-6-30,AutoHotkey,106
2014-6-30,POV-Ray SDL,101
2014-6-30,OpenSCAD,101
2014-9-30,JavaScript,479837
2014-9-30,Python,153781
2014-9-30,Objective-C,133152
2014-9-30,Ruby,132156
2014-9-30,Java,127240
2014-9-30,Go,79639
2014-9-30,PHP,78278
2014-9-30,HTML,66664
2014-9-30,C,62185
2014-9-30,CSS,50407
2014-9-30,C++,47357
2014-9-30,Shell,37082
2014-9-30,Swift,32504
2014-9-30,CoffeeScript,24013
2014-9-30,C#,23733
2014-9-30,TypeScript,13603
2014-9-30,Scala,12740
2014-9-30,Clojure,9066
2014-9-30,Haskell,8076
2014-9-30,VimL,7136
2014-9-30,Rust,4459
2014-9-30,Lua,3927
2014-9-30,Erlang,3631
2014-9-30,Perl,3300
2014-9-30,Emacs Lisp,3204
2014-9-30,Jupyter Notebook,2577
2014-9-30,Groovy,2540
2014-9-30,Makefile,1985
2014-9-30,Dart,1908
2014-9-30,OCaml,1823
2014-9-30,Elixir,1736
2014-9-30,Objective-C++,1499
2014-9-30,TeX,1446
2014-9-30,PowerShell,1382
2014-9-30,Haxe,1373
2014-9-30,R,1305
2014-9-30,Assembly,1298
2014-9-30,Common Lisp,1298
2014-9-30,Julia,1193
2014-9-30,ActionScript,1061
2014-9-30,F#,962
2014-9-30,Matlab,775
2014-9-30,Vala,752
2014-9-30,Puppet,677
2014-9-30,ApacheConf,649
2014-9-30,D,524
2014-9-30,Scheme,425
2014-9-30,Arduino,423
2014-9-30,Kotlin,360
2014-9-30,Cuda,333
2014-9-30,XSLT,325
2014-9-30,Nginx,322
2014-9-30,LiveScript,311
2014-9-30,Pascal,296
2014-9-30,KiCad,289
2014-9-30,Protocol Buffer,287
2014-9-30,Elm,279
2014-9-30,VHDL,247
2014-9-30,Processing,238
2014-9-30,Eagle,210
2014-9-30,Racket,203
2014-9-30,PLpgSQL,196
2014-9-30,PureScript,195
2014-9-30,Apex,186
2014-9-30,Visual Basic,162
2014-9-30,Idris,152
2014-9-30,AutoHotkey,146
2014-9-30,AppleScript,138
2014-9-30,FORTRAN,137
2014-9-30,XML,132
2014-9-30,Inno Setup,130
2014-9-30,QML,129
2014-9-30,CMake,126
2014-9-30,Logos,115
2014-9-30,Groff,104
2014-9-30,Tcl,104
2014-9-30,OpenSCAD,102
2014-9-30,Cucumber,102
2014-12-30,JavaScript,558595
2014-12-30,Python,163258
2014-12-30,Java,161691
2014-12-30,Objective-C,132670
2014-12-30,Ruby,120126
2014-12-30,PHP,90343
2014-12-30,Go,88192
2014-12-30,C,77650
2014-12-30,CSS,65455
2014-12-30,C++,59974
2014-12-30,HTML,56729
2014-12-30,Swift,38426
2014-12-30,Shell,37855
2014-12-30,C#,29936
2014-12-30,CoffeeScript,23650
2014-12-30,Scala,13435
2014-12-30,Clojure,10355
2014-12-30,TypeScript,9563
2014-12-30,Rust,8994
2014-12-30,VimL,8666
2014-12-30,Haskell,7242
2014-12-30,OCaml,4888
2014-12-30,Lua,4536
2014-12-30,Erlang,4125
2014-12-30,Emacs Lisp,3876
2014-12-30,Perl,3445
2014-12-30,Groovy,2791
2014-12-30,Makefile,2321
2014-12-30,Elixir,1977
2014-12-30,Jupyter Notebook,1779
2014-12-30,Haxe,1687
2014-12-30,Objective-C++,1641
2014-12-30,Julia,1481
2014-12-30,TeX,1460
2014-12-30,Dart,1373
2014-12-30,PowerShell,1351
2014-12-30,R,1333
2014-12-30,F#,1146
2014-12-30,Common Lisp,1136
2014-12-30,Matlab,1003
2014-12-30,ApacheConf,903
2014-12-30,ActionScript,898
2014-12-30,Arduino,803
2014-12-30,Kotlin,746
2014-12-30,Assembly,658
2014-12-30,Vala,652
2014-12-30,Puppet,604
2014-12-30,Scheme,533
2014-12-30,D,487
2014-12-30,XSLT,449
2014-12-30,Nginx,440
2014-12-30,IDL,383
2014-12-30,Eagle,350
2014-12-30,Elm,313
2014-12-30,LiveScript,304
2014-12-30,PureScript,298
2014-12-30,Standard ML,279
2014-12-30,Pascal,240
2014-12-30,Racket,231
2014-12-30,Processing,231
2014-12-30,PLpgSQL,216
2014-12-30,Visual Basic,216
2014-12-30,AppleScript,209
2014-12-30,KiCad,207
2014-12-30,Apex,203
2014-12-30,Cuda,179
2014-12-30,FORTRAN,175
2014-12-30,AutoHotkey,153
2014-12-30,QML,151
2014-12-30,Inno Setup,144
2014-12-30,Protocol Buffer,142
2014-12-30,Groff,140
2014-12-30,OpenEdge ABL,125
2014-12-30,CMake,125
2014-12-30,Verilog,124
2014-12-30,GCC Machine Description,121
2014-12-30,XML,120
2014-12-30,Hack,117
2014-12-30,Tcl,116
2014-12-30,POV-Ray SDL,107
2014-12-30,Logos,106
2014-12-30,Cucumber,106
2014-12-30,wisp,105
2014-12-30,OpenSCAD,104
2014-12-30,Prolog,104
2015-3-30,JavaScript,673116
2015-3-30,Java,225827
2015-3-30,Python,204806
2015-3-30,Objective-C,161002
2015-3-30,Ruby,141317
2015-3-30,Go,126478
2015-3-30,PHP,113406
2015-3-30,C,92882
2015-3-30,C++,74287
2015-3-30,CSS,66394
2015-3-30,HTML,63827
2015-3-30,Swift,63268
2015-3-30,Shell,49658
2015-3-30,C#,46796
2015-3-30,CoffeeScript,30927
2015-3-30,Scala,20024
2015-3-30,Haskell,13312
2015-3-30,TypeScript,12503
2015-3-30,Clojure,11801
2015-3-30,Rust,10421
2015-3-30,VimL,10005
2015-3-30,Lua,6487
2015-3-30,Erlang,4498
2015-3-30,Emacs Lisp,4369
2015-3-30,Perl,4076
2015-3-30,Jupyter Notebook,3997
2015-3-30,Groovy,3905
2015-3-30,Objective-C++,3352
2015-3-30,R,3059
2015-3-30,Makefile,2866
2015-3-30,OCaml,2507
2015-3-30,Elixir,2071
2015-3-30,Common Lisp,1925
2015-3-30,PowerShell,1829
2015-3-30,TeX,1497
2015-3-30,Julia,1444
2015-3-30,F#,1432
2015-3-30,ApacheConf,1382
2015-3-30,Dart,1368
2015-3-30,Kotlin,1238
2015-3-30,Matlab,1182
2015-3-30,Haxe,1161
2015-3-30,ActionScript,982
2015-3-30,Vala,948
2015-3-30,Arduino,936
2015-3-30,Puppet,841
2015-3-30,Assembly,807
2015-3-30,Scheme,605
2015-3-30,GLSL,597
2015-3-30,D,573
2015-3-30,Nginx,537
2015-3-30,Pascal,506
2015-3-30,Eagle,469
2015-3-30,Nimrod,464
2015-3-30,QML,420
2015-3-30,XSLT,362
2015-3-30,LiveScript,339
2015-3-30,KiCad,334
2015-3-30,Visual Basic,333
2015-3-30,PLpgSQL,332
2015-3-30,Elm,321
2015-3-30,Cuda,294
2015-3-30,Groff,291
2015-3-30,PureScript,273
2015-3-30,FORTRAN,270
2015-3-30,Processing,265
2015-3-30,GCC Machine Description,263
2015-3-30,CMake,249
2015-3-30,Coq,239
2015-3-30,Hack,238
2015-3-30,Racket,220
2015-3-30,IDL,214
2015-3-30,Apex,204
2015-3-30,AppleScript,200
2015-3-30,Logos,194
2015-3-30,Inno Setup,191
2015-3-30,OpenSCAD,186
2015-3-30,XML,183
2015-3-30,AutoHotkey,175
2015-3-30,Web Ontology Language,161
2015-3-30,Batchfile,160
2015-3-30,Perl6,156
2015-3-30,Protocol Buffer,154
2015-3-30,Bison,144
2015-3-30,Tcl,142
2015-3-30,POV-Ray SDL,138
2015-3-30,Verilog,134
2015-3-30,Cucumber,128
2015-3-30,Awk,127
2015-3-30,ColdFusion,120
2015-3-30,Smarty,118
2015-3-30,Forth,106
2015-3-30,Idris,105
2015-3-30,Smalltalk,103
2015-3-30,Handlebars,102
2015-3-30,Prolog,101
2015-3-30,NSIS,100
2015-3-30,Standard ML,100
2015-6-30,JavaScript,716585
2015-6-30,Java,270871
2015-6-30,Python,233227
2015-6-30,Objective-C,186927
2015-6-30,Go,135076
2015-6-30,Ruby,132646
2015-6-30,PHP,114566
2015-6-30,C,96810
2015-6-30,Swift,90169
2015-6-30,C++,90164
2015-6-30,HTML,76392
2015-6-30,CSS,64214
2015-6-30,Shell,51759
2015-6-30,C#,45718
2015-6-30,CoffeeScript,29393
2015-6-30,Scala,18917
2015-6-30,TypeScript,16143
2015-6-30,Haskell,13544
2015-6-30,Rust,12806
2015-6-30,Clojure,12584
2015-6-30,Lua,12184
2015-6-30,VimL,10366
2015-6-30,OCaml,6455
2015-6-30,Erlang,5612
2015-6-30,Groovy,4876
2015-6-30,Emacs Lisp,4370
2015-6-30,Perl,4136
2015-6-30,Elixir,3741
2015-6-30,Jupyter Notebook,3416
2015-6-30,Makefile,2849
2015-6-30,Kotlin,2768
2015-6-30,Objective-C++,2496
2015-6-30,TeX,2213
2015-6-30,R,2150
2015-6-30,PowerShell,2062
2015-6-30,Julia,1857
2015-6-30,ApacheConf,1809
2015-6-30,Haxe,1696
2015-6-30,Groff,1637
2015-6-30,Dart,1534
2015-6-30,Matlab,1476
2015-6-30,Assembly,1358
2015-6-30,F#,1226
2015-6-30,Common Lisp,1097
2015-6-30,ActionScript,998
2015-6-30,Vala,904
2015-6-30,Arduino,801
2015-6-30,Nimrod,775
2015-6-30,Puppet,732
2015-6-30,QML,699
2015-6-30,Pascal,648
2015-6-30,Nginx,646
2015-6-30,Eagle,593
2015-6-30,Cuda,591
2015-6-30,PureScript,535
2015-6-30,PLpgSQL,531
2015-6-30,D,507
2015-6-30,Scheme,503
2015-6-30,XSLT,484
2015-6-30,HCL,414
2015-6-30,Elm,406
2015-6-30,Crystal,385
2015-6-30,LiveScript,371
2015-6-30,Batchfile,364
2015-6-30,Visual Basic,360
2015-6-30,GLSL,353
2015-6-30,FORTRAN,340
2015-6-30,CMake,338
2015-6-30,KiCad,311
2015-6-30,Processing,308
2015-6-30,AutoHotkey,293
2015-6-30,Racket,290
2015-6-30,IDL,284
2015-6-30,Smarty,260
2015-6-30,Tcl,238
2015-6-30,Apex,231
2015-6-30,Inno Setup,230
2015-6-30,FreeMarker,228
2015-6-30,Ragel in Ruby Host,204
2015-6-30,AppleScript,184
2015-6-30,POV-Ray SDL,179
2015-6-30,Verilog,177
2015-6-30,Cucumber,172
2015-6-30,OpenSCAD,165
2015-6-30,AutoIt,164
2015-6-30,Awk,153
2015-6-30,Prolog,150
2015-6-30,XML,149
2015-6-30,Hack,147
2015-6-30,Protocol Buffer,147
2015-6-30,VHDL,146
2015-6-30,Standard ML,137
2015-6-30,PLSQL,136
2015-6-30,Handlebars,134
2015-6-30,Web Ontology Language,133
2015-6-30,Coq,131
2015-6-30,GCC Machine Description,116
2015-6-30,NSIS,116
2015-6-30,Logos,113
2015-6-30,GDScript,107
2015-6-30,Nix,105
2015-6-30,SQF,104
2015-6-30,Perl6,103
2015-9-30,JavaScript,769996
2015-9-30,Java,311645
2015-9-30,Python,264938
2015-9-30,Objective-C,197204
2015-9-30,Go,145737
2015-9-30,Ruby,130571
2015-9-30,PHP,117109
2015-9-30,Swift,114330
2015-9-30,C,105483
2015-9-30,C++,96648
2015-9-30,HTML,93275
2015-9-30,CSS,66040
2015-9-30,Shell,62967
2015-9-30,C#,51457
2015-9-30,CoffeeScript,26849
2015-9-30,Scala,22199
2015-9-30,TypeScript,21032
2015-9-30,Haskell,14740
2015-9-30,Clojure,13961
2015-9-30,Rust,13258
2015-9-30,Lua,13078
2015-9-30,VimL,11100
2015-9-30,Objective-C++,6812
2015-9-30,Jupyter Notebook,5685
2015-9-30,ApacheConf,5528
2015-9-30,Erlang,5503
2015-9-30,Elixir,5204
2015-9-30,Emacs Lisp,4961
2015-9-30,Groovy,4676
2015-9-30,Perl,4473
2015-9-30,PowerShell,3637
2015-9-30,OCaml,3567
2015-9-30,Makefile,3033
2015-9-30,R,2286
2015-9-30,TeX,2184
2015-9-30,Julia,2114
2015-9-30,Kotlin,1606
2015-9-30,AppleScript,1582
2015-9-30,Matlab,1466
2015-9-30,F#,1409
2015-9-30,Common Lisp,1368
2015-9-30,Haxe,1281
2015-9-30,Assembly,1196
2015-9-30,Dart,1035
2015-9-30,QML,935
2015-9-30,ActionScript,923
2015-9-30,Arduino,906
2015-9-30,LiveScript,751
2015-9-30,Nginx,747
2015-9-30,Scheme,734
2015-9-30,Pascal,696
2015-9-30,Puppet,679
2015-9-30,Elm,674
2015-9-30,Vala,609
2015-9-30,D,591
2015-9-30,PLpgSQL,588
2015-9-30,Crystal,537
2015-9-30,Eagle,533
2015-9-30,CMake,491
2015-9-30,Visual Basic,488
2015-9-30,Groff,465
2015-9-30,PureScript,447
2015-9-30,XSLT,447
2015-9-30,Batchfile,400
2015-9-30,Hack,396
2015-9-30,KiCad,387
2015-9-30,IDL,358
2015-9-30,FORTRAN,346
2015-9-30,SuperCollider,331
2015-9-30,GLSL,329
2015-9-30,Racket,328
2015-9-30,Nimrod,325
2015-9-30,Coq,324
2015-9-30,Verilog,320
2015-9-30,Cuda,317
2015-9-30,Protocol Buffer,294
2015-9-30,COBOL,290
2015-9-30,Thrift,286
2015-9-30,Processing,276
2015-9-30,OpenSCAD,247
2015-9-30,AutoHotkey,243
2015-9-30,Apex,240
2015-9-30,Standard ML,211
2015-9-30,Tcl,200
2015-9-30,VHDL,197
2015-9-30,HCL,195
2015-9-30,PLSQL,191
2015-9-30,Cucumber,187
2015-9-30,Perl6,177
2015-9-30,Web Ontology Language,168
2015-9-30,Logos,164
2015-9-30,Smarty,159
2015-9-30,POV-Ray SDL,155
2015-9-30,GCC Machine Description,152
2015-9-30,Awk,150
2015-9-30,XML,148
2015-9-30,GDScript,148
2015-9-30,SourcePawn,144
2015-9-30,ColdFusion,132
2015-9-30,Mathematica,125
2015-9-30,NSIS,124
2015-9-30,Inno Setup,119
2015-9-30,ANTLR,118
2015-9-30,OpenEdge ABL,117
2015-9-30,Handlebars,113
2015-9-30,FreeMarker,107
2015-9-30,Bro,100
2015-12-30,JavaScript,927179
2015-12-30,Java,354716
2015-12-30,Python,288917
2015-12-30,Objective-C,206422
2015-12-30,Swift,156999
2015-12-30,Go,155073
2015-12-30,C++,155002
2015-12-30,Ruby,145487
2015-12-30,PHP,138731
2015-12-30,C,111590
2015-12-30,HTML,97734
2015-12-30,CSS,74171
2015-12-30,Shell,64705
2015-12-30,C#,58674
2015-12-30,CoffeeScript,39055
2015-12-30,Scala,23091
2015-12-30,TypeScript,22431
2015-12-30,Rust,17409
2015-12-30,Clojure,15483
2015-12-30,Haskell,13636
2015-12-30,Lua,12486
2015-12-30,VimL,12280
2015-12-30,Elixir,7976
2015-12-30,Jupyter Notebook,7234
2015-12-30,Erlang,6638
2015-12-30,Groovy,5943
2015-12-30,Perl,5571
2015-12-30,Emacs Lisp,5309
2015-12-30,OCaml,4279
2015-12-30,TeX,4081
2015-12-30,PowerShell,3793
2015-12-30,Makefile,3584
2015-12-30,GCC Machine Description,3565
2015-12-30,ApacheConf,2844
2015-12-30,XSLT,2735
2015-12-30,Kotlin,2716
2015-12-30,Objective-C++,2692
2015-12-30,Julia,2668
2015-12-30,R,2578
2015-12-30,Matlab,2427
2015-12-30,F#,1868
2015-12-30,Common Lisp,1721
2015-12-30,Assembly,1700
2015-12-30,Elm,1337
2015-12-30,Crystal,1205
2015-12-30,Haxe,1180
2015-12-30,Arduino,1155
2015-12-30,Dart,1066
2015-12-30,ActionScript,1053
2015-12-30,QML,1002
2015-12-30,Vala,780
2015-12-30,Puppet,778
2015-12-30,Pascal,741
2015-12-30,Scheme,733
2015-12-30,Nginx,710
2015-12-30,PLpgSQL,651
2015-12-30,LiveScript,617
2015-12-30,Visual Basic,615
2015-12-30,D,593
2015-12-30,PureScript,538
2015-12-30,CMake,532
2015-12-30,Eagle,519
2015-12-30,KiCad,509
2015-12-30,Perl6,508
2015-12-30,FORTRAN,477
2015-12-30,Processing,473
2015-12-30,Batchfile,470
2015-12-30,Groff,461
2015-12-30,Cuda,430
2015-12-30,IDL,368
2015-12-30,AppleScript,367
2015-12-30,Nimrod,364
2015-12-30,Logos,352
2015-12-30,Cucumber,327
2015-12-30,Protocol Buffer,312
2015-12-30,HCL,295
2015-12-30,Racket,294
2015-12-30,Apex,292
2015-12-30,OpenSCAD,283
2015-12-30,GLSL,278
2015-12-30,AutoHotkey,260
2015-12-30,Coq,258
2015-12-30,Verilog,245
2015-12-30,Vue,212
2015-12-30,Smarty,209
2015-12-30,DIGITAL Command Language,198
2015-12-30,VHDL,189
2015-12-30,SQLPL,178
2015-12-30,Mathematica,176
2015-12-30,POV-Ray SDL,165
2015-12-30,Awk,163
2015-12-30,Thrift,158
2015-12-30,Tcl,154
2015-12-30,PLSQL,146
2015-12-30,Web Ontology Language,146
2015-12-30,Hack,146
2015-12-30,Prolog,146
2015-12-30,SourcePawn,142
2015-12-30,Standard ML,142
2015-12-30,NSIS,142
2015-12-30,ColdFusion,127
2015-12-30,GDScript,126
2015-12-30,SaltStack,109
2015-12-30,M4,108
2015-12-30,PostScript,106
2015-12-30,Limbo,100
2016-3-30,JavaScript,1038895
2016-3-30,Java,372318
2016-3-30,Python,345664
2016-3-30,Go,193314
2016-3-30,Objective-C,190049
2016-3-30,Swift,187539
2016-3-30,PHP,143522
2016-3-30,Ruby,143412
2016-3-30,C++,141372
2016-3-30,C,125723
2016-3-30,CSS,104927
2016-3-30,HTML,98202
2016-3-30,Shell,86009
2016-3-30,C#,66663
2016-3-30,TypeScript,34815
2016-3-30,CoffeeScript,29975
2016-3-30,Rust,24747
2016-3-30,Scala,23130
2016-3-30,VimL,23102
2016-3-30,Lua,18447
2016-3-30,Haskell,15527
2016-3-30,Clojure,14635
2016-3-30,Elixir,9700
2016-3-30,Jupyter Notebook,8102
2016-3-30,Perl,7857
2016-3-30,Erlang,7589
2016-3-30,Groovy,6525
2016-3-30,Kotlin,5385
2016-3-30,Emacs Lisp,5237
2016-3-30,OCaml,4823
2016-3-30,PowerShell,4044
2016-3-30,ApacheConf,4033
2016-3-30,Makefile,3541
2016-3-30,R,3074
2016-3-30,TeX,2885
2016-3-30,Julia,2839
2016-3-30,Cuda,2838
2016-3-30,Elm,2720
2016-3-30,Objective-C++,2644
2016-3-30,Common Lisp,2156
2016-3-30,Matlab,2074
2016-3-30,F#,1786
2016-3-30,XSLT,1670
2016-3-30,GCC Machine Description,1507
2016-3-30,Crystal,1487
2016-3-30,Assembly,1441
2016-3-30,Awk,1433
2016-3-30,Arduino,1357
2016-3-30,Haxe,1300
2016-3-30,Scheme,1154
2016-3-30,Dart,1102
2016-3-30,ActionScript,1010
2016-3-30,Pascal,978
2016-3-30,QML,978
2016-3-30,PureScript,958
2016-3-30,Nginx,880
2016-3-30,CMake,877
2016-3-30,Visual Basic,835
2016-3-30,D,789
2016-3-30,Vala,768
2016-3-30,Puppet,736
2016-3-30,Batchfile,732
2016-3-30,Eagle,621
2016-3-30,KiCad,604
2016-3-30,Vue,578
2016-3-30,FORTRAN,577
2016-3-30,PLpgSQL,558
2016-3-30,GLSL,507
2016-3-30,IDL,447
2016-3-30,Groff,440
2016-3-30,Racket,435
2016-3-30,LiveScript,416
2016-3-30,Verilog,396
2016-3-30,AppleScript,385
2016-3-30,Nimrod,382
2016-3-30,HCL,380
2016-3-30,VHDL,375
2016-3-30,Processing,373
2016-3-30,Protocol Buffer,326
2016-3-30,Standard ML,323
2016-3-30,Perl6,319
2016-3-30,AutoHotkey,311
2016-3-30,OpenSCAD,298
2016-3-30,Apex,284
2016-3-30,Smarty,265
2016-3-30,GDScript,254
2016-3-30,POV-Ray SDL,228
2016-3-30,Cucumber,207
2016-3-30,PLSQL,205
2016-3-30,Coq,202
2016-3-30,Red,185
2016-3-30,NSIS,160
2016-3-30,Logos,159
2016-3-30,SourcePawn,157
2016-3-30,Tcl,150
2016-3-30,AutoIt,145
2016-3-30,ColdFusion,138
2016-3-30,Prolog,137
2016-3-30,Mathematica,133
2016-3-30,Web Ontology Language,133
2016-3-30,Hack,117
2016-3-30,Xtend,112
2016-3-30,M4,106
2016-6-30,JavaScript,1020398
2016-6-30,Java,397196
2016-6-30,Python,338792
2016-6-30,Go,190723
2016-6-30,Swift,181001
2016-6-30,Objective-C,175555
2016-6-30,C++,149086
2016-6-30,PHP,134411
2016-6-30,C,133202
2016-6-30,Ruby,125183
2016-6-30,HTML,104195
2016-6-30,CSS,77213
2016-6-30,Shell,74759
2016-6-30,C#,70236
2016-6-30,TypeScript,50535
2016-6-30,CoffeeScript,28081
2016-6-30,Rust,27811
2016-6-30,Scala,24161
2016-6-30,Jupyter Notebook,21029
2016-6-30,Lua,16660
2016-6-30,Haskell,13646
2016-6-30,VimL,12590
2016-6-30,Clojure,11909
2016-6-30,Elixir,10235
2016-6-30,Perl,7062
2016-6-30,Erlang,6216
2016-6-30,Groovy,6094
2016-6-30,OCaml,5809
2016-6-30,Emacs Lisp,5468
2016-6-30,Kotlin,4458
2016-6-30,PowerShell,4305
2016-6-30,R,4191
2016-6-30,Objective-C++,4055
2016-6-30,Makefile,3520
2016-6-30,Scheme,3472
2016-6-30,TeX,3259
2016-6-30,Vue,2803
2016-6-30,Julia,2683
2016-6-30,GCC Machine Description,2574
2016-6-30,Elm,2433
2016-6-30,Matlab,2383
2016-6-30,XSLT,2204
2016-6-30,Common Lisp,1936
2016-6-30,ApacheConf,1908
2016-6-30,Assembly,1800
2016-6-30,F#,1773
2016-6-30,Eagle,1381
2016-6-30,Arduino,1364
2016-6-30,Crystal,1324
2016-6-30,Dart,1203
2016-6-30,Pascal,1116
2016-6-30,ActionScript,990
2016-6-30,DIGITAL Command Language,964
2016-6-30,D,910
2016-6-30,VHDL,900
2016-6-30,Haxe,887
2016-6-30,CMake,830
2016-6-30,Vala,745
2016-6-30,Nginx,733
2016-6-30,FORTRAN,700
2016-6-30,Puppet,674
2016-6-30,QML,664
2016-6-30,PLpgSQL,656
2016-6-30,Visual Basic,652
2016-6-30,Cuda,645
2016-6-30,AutoHotkey,628
2016-6-30,Batchfile,618
2016-6-30,KiCad,616
2016-6-30,GLSL,587
2016-6-30,PureScript,539
2016-6-30,IDL,472
2016-6-30,HCL,467
2016-6-30,PLSQL,417
2016-6-30,Nimrod,412
2016-6-30,LiveScript,407
2016-6-30,Processing,403
2016-6-30,AppleScript,390
2016-6-30,Protocol Buffer,370
2016-6-30,Standard ML,360
2016-6-30,FreeMarker,358
2016-6-30,Groff,350
2016-6-30,Awk,318
2016-6-30,Apex,302
2016-6-30,Verilog,287
2016-6-30,GDScript,271
2016-6-30,Racket,260
2016-6-30,Smarty,254
2016-6-30,OpenSCAD,240
2016-6-30,POV-Ray SDL,226
2016-6-30,Coq,218
2016-6-30,Web Ontology Language,212
2016-6-30,Tcl,203
2016-6-30,Perl6,196
2016-6-30,Cucumber,194
2016-6-30,SourcePawn,145
2016-6-30,SQF,135
2016-6-30,Prolog,131
2016-6-30,OpenEdge ABL,128
2016-6-30,PostScript,127
2016-6-30,ColdFusion,124
2016-6-30,Smalltalk,119
2016-6-30,Hack,119
2016-6-30,1C Enterprise,113
2016-6-30,NSIS,110
2016-6-30,Pony,102
2016-6-30,Logos,101
2016-6-30,Mathematica,100
2016-6-30,Red,100
2016-9-30,JavaScript,1012063
2016-9-30,Java,394172
2016-9-30,Python,336519
2016-9-30,Go,202609
2016-9-30,Objective-C,158695
2016-9-30,C++,145704
2016-9-30,Swift,143701
2016-9-30,PHP,131857
2016-9-30,C,125370
2016-9-30,Ruby,114347
2016-9-30,HTML,89387
2016-9-30,CSS,75036
2016-9-30,C#,73984
2016-9-30,Shell,73601
2016-9-30,TypeScript,48455
2016-9-30,Rust,25223
2016-9-30,CoffeeScript,25152
2016-9-30,Scala,21624
2016-9-30,Lua,19393
2016-9-30,VimL,14418
2016-9-30,Jupyter Notebook,14416
2016-9-30,Haskell,12839
2016-9-30,Elixir,10676
2016-9-30,Clojure,10574
2016-9-30,Perl,7290
2016-9-30,Vue,6450
2016-9-30,PowerShell,5775
2016-9-30,Groovy,5668
2016-9-30,Kotlin,5520
2016-9-30,Emacs Lisp,5361
2016-9-30,Erlang,5296
2016-9-30,OCaml,4807
2016-9-30,Makefile,3393
2016-9-30,R,3101
2016-9-30,TeX,3035
2016-9-30,Elm,2711
2016-9-30,Protocol Buffer,2663
2016-9-30,Matlab,2498
2016-9-30,Objective-C++,2449
2016-9-30,Julia,2411
2016-9-30,Assembly,1775
2016-9-30,ApacheConf,1754
2016-9-30,Pascal,1753
2016-9-30,F#,1678
2016-9-30,Common Lisp,1569
2016-9-30,Scheme,1463
2016-9-30,Dart,1380
2016-9-30,Crystal,1366
2016-9-30,XSLT,1298
2016-9-30,PureScript,1297
2016-9-30,Haxe,1270
2016-9-30,Arduino,1243
2016-9-30,Batchfile,1141
2016-9-30,Vala,1053
2016-9-30,GCC Machine Description,949
2016-9-30,Nginx,924
2016-9-30,CMake,918
2016-9-30,ActionScript,873
2016-9-30,Eagle,839
2016-9-30,Cuda,703
2016-9-30,QML,696
2016-9-30,D,618
2016-9-30,KiCad,587
2016-9-30,Visual Basic,570
2016-9-30,GLSL,562
2016-9-30,AutoHotkey,549
2016-9-30,PLpgSQL,536
2016-9-30,FORTRAN,520
2016-9-30,HCL,496
2016-9-30,IDL,442
2016-9-30,Puppet,440
2016-9-30,PLSQL,371
2016-9-30,AppleScript,320
2016-9-30,Processing,318
2016-9-30,Nimrod,315
2016-9-30,Verilog,314
2016-9-30,LiveScript,287
2016-9-30,Groff,281
2016-9-30,Standard ML,264
2016-9-30,Smarty,247
2016-9-30,Red,246
2016-9-30,Cucumber,244
2016-9-30,Awk,239
2016-9-30,GDScript,222
2016-9-30,VHDL,218
2016-9-30,Racket,216
2016-9-30,POV-Ray SDL,210
2016-9-30,1C Enterprise,207
2016-9-30,Smalltalk,199
2016-9-30,OpenSCAD,193
2016-9-30,FreeMarker,189
2016-9-30,Apex,187
2016-9-30,Tcl,168
2016-9-30,Perl6,160
2016-9-30,Web Ontology Language,157
2016-9-30,Coq,156
2016-9-30,SourcePawn,147
2016-9-30,Prolog,139
2016-9-30,SQF,138
2016-9-30,Mathematica,135
2016-9-30,ColdFusion,122
2016-9-30,Logos,122
2016-9-30,PostScript,115
2016-9-30,Pure Data,114
2016-9-30,AutoIt,110
2016-9-30,NSIS,105
2016-9-30,Nix,105
2016-9-30,OpenEdge ABL,100
2016-12-30,JavaScript,1023751
2016-12-30,Java,375310
2016-12-30,Python,351663
2016-12-30,Go,200382
2016-12-30,C++,149526
2016-12-30,Swift,138190
2016-12-30,Objective-C,133795
2016-12-30,C,130145
2016-12-30,PHP,128023
2016-12-30,Ruby,104381
2016-12-30,HTML,94609
2016-12-30,Shell,73280
2016-12-30,C#,72205
2016-12-30,CSS,71970
2016-12-30,TypeScript,52967
2016-12-30,Jupyter Notebook,26254
2016-12-30,Rust,26004
2016-12-30,CoffeeScript,23018
2016-12-30,Scala,22294
2016-12-30,Lua,16878
2016-12-30,VimL,14626
2016-12-30,Haskell,13002
2016-12-30,Vue,12686
2016-12-30,Clojure,11079
2016-12-30,Elixir,9174
2016-12-30,Kotlin,6973
2016-12-30,Perl,5535
2016-12-30,Groovy,5388
2016-12-30,PowerShell,4757
2016-12-30,Emacs Lisp,4744
2016-12-30,Erlang,4519
2016-12-30,OCaml,4448
2016-12-30,Makefile,3048
2016-12-30,Elm,2931
2016-12-30,R,2821
2016-12-30,TeX,2790
2016-12-30,Matlab,2677
2016-12-30,Objective-C++,2474
2016-12-30,Julia,2148
2016-12-30,ApacheConf,1767
2016-12-30,Dart,1707
2016-12-30,Arduino,1672
2016-12-30,Assembly,1599
2016-12-30,F#,1597
2016-12-30,Pascal,1450
2016-12-30,Crystal,1347
2016-12-30,Common Lisp,1301
2016-12-30,Vala,1240
2016-12-30,Batchfile,1085
2016-12-30,XSLT,1054
2016-12-30,GCC Machine Description,1017
2016-12-30,Nginx,961
2016-12-30,CMake,928
2016-12-30,Haxe,926
2016-12-30,Lex,907
2016-12-30,Scheme,836
2016-12-30,ActionScript,785
2016-12-30,FORTRAN,766
2016-12-30,Cuda,759
2016-12-30,HCL,715
2016-12-30,QML,686
2016-12-30,D,686
2016-12-30,Eagle,658
2016-12-30,PureScript,650
2016-12-30,AutoHotkey,645
2016-12-30,Visual Basic,629
2016-12-30,KiCad,595
2016-12-30,Protocol Buffer,536
2016-12-30,PLpgSQL,497
2016-12-30,GLSL,418
2016-12-30,Smarty,408
2016-12-30,IDL,367
2016-12-30,Processing,352
2016-12-30,Verilog,337
2016-12-30,Groff,328
2016-12-30,Puppet,320
2016-12-30,PLSQL,310
2016-12-30,AppleScript,304
2016-12-30,Nimrod,285
2016-12-30,Awk,271
2016-12-30,Apex,263
2016-12-30,OpenSCAD,263
2016-12-30,LiveScript,261
2016-12-30,VHDL,255
2016-12-30,Racket,219
2016-12-30,Standard ML,216
2016-12-30,Perl6,215
2016-12-30,Tcl,203
2016-12-30,GDScript,186
2016-12-30,Cucumber,178
2016-12-30,COBOL,176
2016-12-30,1C Enterprise,173
2016-12-30,POV-Ray SDL,172
2016-12-30,Prolog,149
2016-12-30,Web Ontology Language,148
2016-12-30,Mathematica,148
2016-12-30,Smalltalk,132
2016-12-30,Coq,131
2016-12-30,SourcePawn,127
2016-12-30,HLSL,122
2016-12-30,OpenEdge ABL,113
2016-12-30,PostScript,113
2016-12-30,M4,110
2016-12-30,AutoIt,107
2016-12-30,Logos,107
2016-12-30,NSIS,103
2016-12-30,Factor,100
2016-12-30,BitBake,100
2017-3-30,JavaScript,1027412
2017-3-30,Java,394163
2017-3-30,Python,385523
2017-3-30,Go,245727
2017-3-30,C++,172546
2017-3-30,Swift,145774
2017-3-30,PHP,137564
2017-3-30,C,132963
2017-3-30,Objective-C,114042
2017-3-30,Ruby,106502
2017-3-30,HTML,92703
2017-3-30,C#,84226
2017-3-30,Shell,78625
2017-3-30,CSS,69088
2017-3-30,TypeScript,63257
2017-3-30,Rust,34072
2017-3-30,Jupyter Notebook,25633
2017-3-30,CoffeeScript,23687
2017-3-30,Scala,22185
2017-3-30,Lua,17702
2017-3-30,Haskell,15216
2017-3-30,Vue,14949
2017-3-30,Vim script,13964
2017-3-30,Elixir,11980
2017-3-30,Clojure,10738
2017-3-30,Perl,7326
2017-3-30,Emacs Lisp,6142
2017-3-30,Kotlin,6098
2017-3-30,Groovy,5465
2017-3-30,PowerShell,5323
2017-3-30,VimL,5238
2017-3-30,Erlang,5201
2017-3-30,TeX,4851
2017-3-30,OCaml,4727
2017-3-30,R,3393
2017-3-30,Makefile,2938
2017-3-30,Matlab,2792
2017-3-30,Elm,2635
2017-3-30,Julia,2372
2017-3-30,ApacheConf,2103
2017-3-30,Objective-C++,2019
2017-3-30,Assembly,1876
2017-3-30,F#,1872
2017-3-30,Arduino,1654
2017-3-30,Crystal,1596
2017-3-30,Vala,1466
2017-3-30,Pascal,1433
2017-3-30,Common Lisp,1429
2017-3-30,Dart,1220
2017-3-30,AutoHotkey,1188
2017-3-30,Scheme,1136
2017-3-30,Batchfile,1128
2017-3-30,KiCad,1035
2017-3-30,CMake,1034
2017-3-30,Nginx,951
2017-3-30,Eagle,949
2017-3-30,D,928
2017-3-30,Haxe,927
2017-3-30,PureScript,828
2017-3-30,PLpgSQL,791
2017-3-30,QML,782
2017-3-30,Protocol Buffer,708
2017-3-30,Cuda,705
2017-3-30,ActionScript,696
2017-3-30,Visual Basic,677
2017-3-30,HCL,602
2017-3-30,Smarty,602
2017-3-30,GCC Machine Description,551
2017-3-30,GLSL,523
2017-3-30,XSLT,471
2017-3-30,PLSQL,445
2017-3-30,Fortran,437
2017-3-30,IDL,374
2017-3-30,Verilog,363
2017-3-30,Processing,354
2017-3-30,Awk,310
2017-3-30,Red,305
2017-3-30,Gherkin,300
2017-3-30,AppleScript,293
2017-3-30,OpenSCAD,286
2017-3-30,Apex,278
2017-3-30,Puppet,272
2017-3-30,VHDL,262
2017-3-30,LiveScript,258
2017-3-30,OpenEdge ABL,257
2017-3-30,Nim,254
2017-3-30,Racket,252
2017-3-30,Roff,252
2017-3-30,GDScript,249
2017-3-30,POV-Ray SDL,218
2017-3-30,FORTRAN,206
2017-3-30,SourcePawn,205
2017-3-30,Tcl,194
2017-3-30,Groff,193
2017-3-30,Perl6,184
2017-3-30,Smalltalk,169
2017-3-30,Coq,166
2017-3-30,Logos,160
2017-3-30,Prolog,152
2017-3-30,1C Enterprise,146
2017-3-30,Nix,144
2017-3-30,Web Ontology Language,144
2017-3-30,Xtend,142
2017-3-30,AutoIt,141
2017-3-30,Standard ML,138
2017-3-30,BitBake,136
2017-3-30,PostScript,135
2017-3-30,Lex,132
2017-3-30,Nimrod,131
2017-3-30,M4,130
2017-3-30,Mathematica,128
2017-3-30,NSIS,128
2017-3-30,ABAP,120
2017-3-30,Liquid,117
2017-3-30,FreeMarker,116
2017-3-30,Idris,105
2017-3-30,Max,103
2017-3-30,HLSL,100
2017-6-30,JavaScript,1083797
2017-6-30,Python,455265
2017-6-30,Java,436308
2017-6-30,Go,250662
2017-6-30,C++,174990
2017-6-30,Swift,151346
2017-6-30,PHP,137511
2017-6-30,C,129340
2017-6-30,Ruby,114171
2017-6-30,Objective-C,112618
2017-6-30,HTML,95449
2017-6-30,C#,89488
2017-6-30,TypeScript,81656
2017-6-30,Shell,79959
2017-6-30,CSS,66966
2017-6-30,Jupyter Notebook,33954
2017-6-30,Rust,33516
2017-6-30,Vue,22793
2017-6-30,Scala,22355
2017-6-30,CoffeeScript,19783
2017-6-30,Kotlin,17537
2017-6-30,Haskell,16640
2017-6-30,Lua,16229
2017-6-30,Vim script,13041
2017-6-30,Clojure,10863
2017-6-30,Elixir,10012
2017-6-30,PowerShell,7949
2017-6-30,Emacs Lisp,6533
2017-6-30,Perl,6342
2017-6-30,Groovy,5711
2017-6-30,OCaml,5414
2017-6-30,Erlang,4909
2017-6-30,R,3778
2017-6-30,Makefile,3772
2017-6-30,TeX,3627
2017-6-30,Matlab,3598
2017-6-30,Elm,3398
2017-6-30,VimL,3170
2017-6-30,Logos,3138
2017-6-30,Rascal,2598
2017-6-30,Julia,2393
2017-6-30,Arduino,2132
2017-6-30,Crystal,1939
2017-6-30,Vala,1781
2017-6-30,Objective-C++,1686
2017-6-30,F#,1685
2017-6-30,Assembly,1604
2017-6-30,Pascal,1577
2017-6-30,CMake,1576
2017-6-30,Common Lisp,1473
2017-6-30,QML,1342
2017-6-30,Gherkin,1300
2017-6-30,Dart,1263
2017-6-30,Scheme,1061
2017-6-30,D,1028
2017-6-30,Nginx,1002
2017-6-30,Batchfile,997
2017-6-30,Eagle,928
2017-6-30,PLpgSQL,896
2017-6-30,KiCad,887
2017-6-30,HCL,875
2017-6-30,ApacheConf,873
2017-6-30,Visual Basic,847
2017-6-30,AutoHotkey,817
2017-6-30,Protocol Buffer,748
2017-6-30,Haxe,710
2017-6-30,ActionScript,626
2017-6-30,Cuda,620
2017-6-30,PureScript,604
2017-6-30,Smarty,564
2017-6-30,Fortran,539
2017-6-30,XSLT,492
2017-6-30,Nim,471
2017-6-30,Verilog,470
2017-6-30,GLSL,458
2017-6-30,Racket,393
2017-6-30,IDL,386
2017-6-30,Processing,361
2017-6-30,Awk,359
2017-6-30,PLSQL,335
2017-6-30,POV-Ray SDL,318
2017-6-30,Apex,315
2017-6-30,OpenSCAD,304
2017-6-30,VHDL,299
2017-6-30,AppleScript,294
2017-6-30,SQLPL,294
2017-6-30,Tcl,281
2017-6-30,Puppet,270
2017-6-30,Coq,266
2017-6-30,LLVM,260
2017-6-30,GDScript,258
2017-6-30,Prolog,251
2017-6-30,LiveScript,249
2017-6-30,Red,245
2017-6-30,GCC Machine Description,235
2017-6-30,Roff,234
2017-6-30,OpenEdge ABL,228
2017-6-30,SourcePawn,213
2017-6-30,BitBake,195
2017-6-30,Nix,194
2017-6-30,Web Ontology Language,189
2017-6-30,Idris,177
2017-6-30,Standard ML,165
2017-6-30,Perl6,163
2017-6-30,Smalltalk,159
2017-6-30,1C Enterprise,156
2017-6-30,Mathematica,151
2017-6-30,FORTRAN,147
2017-6-30,NSIS,145
2017-6-30,ASP,142
2017-6-30,PostScript,141
2017-6-30,ABAP,136
2017-6-30,Groff,135
2017-6-30,Smali,127
2017-6-30,M4,123
2017-6-30,AutoIt,118
2017-6-30,FreeMarker,115
2017-6-30,ColdFusion,105
2017-6-30,Max,102
2017-9-30,JavaScript,957893
2017-9-30,Python,374534
2017-9-30,Java,372886
2017-9-30,Go,218061
2017-9-30,C++,165963
2017-9-30,PHP,125109
2017-9-30,C,118166
2017-9-30,Swift,101258
2017-9-30,Objective-C,90851
2017-9-30,Ruby,89830
2017-9-30,C#,81610
2017-9-30,TypeScript,78161
2017-9-30,HTML,71951
2017-9-30,Shell,69853
2017-9-30,CSS,58670
2017-9-30,Rust,27704
2017-9-30,Jupyter Notebook,27489
2017-9-30,Vue,20281
2017-9-30,Scala,18821
2017-9-30,Lua,14991
2017-9-30,Kotlin,14302
2017-9-30,CoffeeScript,13983
2017-9-30,Vim script,13721
2017-9-30,Haskell,11256
2017-9-30,Clojure,9128
2017-9-30,Elixir,9113
2017-9-30,PowerShell,6876
2017-9-30,Emacs Lisp,6023
2017-9-30,Perl,5402
2017-9-30,OCaml,5164
2017-9-30,Groovy,5155
2017-9-30,TeX,4245
2017-9-30,Erlang,4070
2017-9-30,Matlab,3274
2017-9-30,R,3116
2017-9-30,Makefile,2905
2017-9-30,VimL,2612
2017-9-30,Rascal,2444
2017-9-30,Elm,2363
2017-9-30,PLpgSQL,2194
2017-9-30,Julia,1975
2017-9-30,Vala,1943
2017-9-30,Arduino,1757
2017-9-30,F#,1653
2017-9-30,Pascal,1473
2017-9-30,Assembly,1472
2017-9-30,Objective-C++,1442
2017-9-30,Crystal,1322
2017-9-30,CMake,1243
2017-9-30,Scheme,1227
2017-9-30,Common Lisp,1151
2017-9-30,D,1060
2017-9-30,Red,1054
2017-9-30,QML,896
2017-9-30,Nginx,858
2017-9-30,ApacheConf,820
2017-9-30,HCL,736
2017-9-30,Batchfile,710
2017-9-30,Dart,706
2017-9-30,Haxe,703
2017-9-30,Eagle,680
2017-9-30,Visual Basic,673
2017-9-30,Smarty,672
2017-9-30,AutoHotkey,615
2017-9-30,Protocol Buffer,587
2017-9-30,PureScript,582
2017-9-30,Cuda,554
2017-9-30,Nim,545
2017-9-30,ActionScript,536
2017-9-30,Fortran,483
2017-9-30,GLSL,435
2017-9-30,Logos,430
2017-9-30,POV-Ray SDL,424
2017-9-30,XSLT,411
2017-9-30,Verilog,410
2017-9-30,Roff,377
2017-9-30,Gherkin,371
2017-9-30,KiCad,342
2017-9-30,ASP,324
2017-9-30,Processing,320
2017-9-30,Awk,305
2017-9-30,Racket,298
2017-9-30,VHDL,291
2017-9-30,Prolog,278
2017-9-30,Apex,274
2017-9-30,AppleScript,273
2017-9-30,OpenSCAD,266
2017-9-30,PLSQL,258
2017-9-30,Lean,252
2017-9-30,Coq,248
2017-9-30,IDL,235
2017-9-30,GDScript,234
2017-9-30,LiveScript,231
2017-9-30,OpenEdge ABL,220
2017-9-30,SourcePawn,218
2017-9-30,Idris,199
2017-9-30,Nix,196
2017-9-30,Web Ontology Language,190
2017-9-30,Puppet,185
2017-9-30,Tcl,184
2017-9-30,Mathematica,175
2017-9-30,Perl 6,173
2017-9-30,PostScript,150
2017-9-30,FreeMarker,145
2017-9-30,M4,135
2017-9-30,NSIS,133
2017-9-30,Inno Setup,130
2017-9-30,Standard ML,128
2017-9-30,BitBake,123
2017-9-30,SQLPL,120
2017-9-30,FORTRAN,114
2017-9-30,Smalltalk,112
2017-9-30,Nimrod,112
2017-9-30,ABAP,111
2017-9-30,1C Enterprise,105
2017-9-30,Smali,103
2017-9-30,Groff,102
2017-12-30,JavaScript,897827
2017-12-30,Python,387338
2017-12-30,Java,338614
2017-12-30,Go,240569
2017-12-30,C++,190321
2017-12-30,PHP,142193
2017-12-30,C,122980
2017-12-30,Swift,98039
2017-12-30,Ruby,84178
2017-12-30,C#,83878
2017-12-30,TypeScript,81851
2017-12-30,Objective-C,79622
2017-12-30,Shell,72477
2017-12-30,HTML,68034
2017-12-30,CSS,65417
2017-12-30,Rust,32753
2017-12-30,Jupyter Notebook,26830
2017-12-30,Vue,19931
2017-12-30,Scala,19708
2017-12-30,Kotlin,14546
2017-12-30,CoffeeScript,13568
2017-12-30,Vim script,12444
2017-12-30,Lua,12185
2017-12-30,Haskell,11518
2017-12-30,TeX,9668
2017-12-30,Clojure,8811
2017-12-30,Elixir,7493
2017-12-30,PowerShell,6887
2017-12-30,Emacs Lisp,5659
2017-12-30,Perl,5610
2017-12-30,OCaml,5451
2017-12-30,Groovy,5222
2017-12-30,Erlang,4276
2017-12-30,R,3305
2017-12-30,Matlab,3271
2017-12-30,Makefile,3009
2017-12-30,VimL,2647
2017-12-30,Julia,2273
2017-12-30,Elm,2076
2017-12-30,Arduino,1948
2017-12-30,PLpgSQL,1879
2017-12-30,Assembly,1815
2017-12-30,Vala,1791
2017-12-30,Pascal,1615
2017-12-30,Crystal,1615
2017-12-30,CMake,1488
2017-12-30,F#,1439
2017-12-30,Rascal,1380
2017-12-30,Scheme,1322
2017-12-30,Objective-C++,1249
2017-12-30,Common Lisp,1240
2017-12-30,Smarty,857
2017-12-30,D,849
2017-12-30,Dart,837
2017-12-30,ApacheConf,807
2017-12-30,Nginx,797
2017-12-30,Batchfile,778
2017-12-30,QML,749
2017-12-30,Visual Basic,718
2017-12-30,Haxe,715
2017-12-30,HCL,695
2017-12-30,Verilog,630
2017-12-30,Nim,612
2017-12-30,GLSL,610
2017-12-30,Eagle,603
2017-12-30,AutoHotkey,600
2017-12-30,Logos,585
2017-12-30,Cuda,574
2017-12-30,PureScript,545
2017-12-30,Fortran,515
2017-12-30,Awk,476
2017-12-30,ActionScript,408
2017-12-30,Gherkin,395
2017-12-30,XSLT,390
2017-12-30,Racket,369
2017-12-30,Roff,364
2017-12-30,VHDL,363
2017-12-30,Red,361
2017-12-30,KiCad,330
2017-12-30,LiveScript,329
2017-12-30,Coq,318
2017-12-30,Protocol Buffer,318
2017-12-30,Processing,307
2017-12-30,OpenSCAD,299
2017-12-30,GDScript,289
2017-12-30,AppleScript,287
2017-12-30,Prolog,276
2017-12-30,WebAssembly,275
2017-12-30,IDL,233
2017-12-30,POV-Ray SDL,232
2017-12-30,PLSQL,232
2017-12-30,SourcePawn,224
2017-12-30,Puppet,220
2017-12-30,Apex,214
2017-12-30,OpenEdge ABL,193
2017-12-30,Nix,191
2017-12-30,FreeMarker,178
2017-12-30,ASP,176
2017-12-30,Standard ML,176
2017-12-30,M4,170
2017-12-30,Idris,162
2017-12-30,Tcl,161
2017-12-30,SQLPL,160
2017-12-30,NSIS,156
2017-12-30,PostScript,147
2017-12-30,Perl 6,142
2017-12-30,BitBake,136
2017-12-30,Groff,134
2017-12-30,Smalltalk,128
2017-12-30,1C Enterprise,126
2017-12-30,FORTRAN,123
2017-12-30,AutoIt,123
2017-12-30,Inno Setup,118
2017-12-30,ABAP,113
2017-12-30,LLVM,112
2017-12-30,Mathematica,109
2017-12-30,Ada,108
2017-12-30,Nimrod,103
2018-3-30,JavaScript,1016977
2018-3-30,Python,428541
2018-3-30,Java,372765
2018-3-30,Go,272572
2018-3-30,PHP,254020
2018-3-30,C++,219513
2018-3-30,C,130903
2018-3-30,Swift,104443
2018-3-30,TypeScript,99450
2018-3-30,C#,98610
2018-3-30,Shell,80948
2018-3-30,Ruby,79563
2018-3-30,Objective-C,79167
2018-3-30,HTML,68483
2018-3-30,CSS,64994
2018-3-30,Rust,33160
2018-3-30,Jupyter Notebook,32715
2018-3-30,Vue,26918
2018-3-30,Scala,19707
2018-3-30,Kotlin,19068
2018-3-30,Lua,13114
2018-3-30,CoffeeScript,13035
2018-3-30,Vim script,12881
2018-3-30,Elixir,9225
2018-3-30,Haskell,9198
2018-3-30,Clojure,8689
2018-3-30,PowerShell,7987
2018-3-30,Emacs Lisp,6870
2018-3-30,Groovy,6045
2018-3-30,Perl,6037
2018-3-30,OCaml,5081
2018-3-30,TeX,4965
2018-3-30,Erlang,4244
2018-3-30,R,3954
2018-3-30,Matlab,3377
2018-3-30,Makefile,3078
2018-3-30,Assembly,2056
2018-3-30,VimL,1971
2018-3-30,Vala,1951
2018-3-30,DIGITAL Command Language,1905
2018-3-30,Elm,1903
2018-3-30,Dart,1894
2018-3-30,Pascal,1791
2018-3-30,Crystal,1611
2018-3-30,Arduino,1483
2018-3-30,Scheme,1447
2018-3-30,CMake,1442
2018-3-30,Julia,1431
2018-3-30,F#,1430
2018-3-30,Common Lisp,1345
2018-3-30,Smarty,1136
2018-3-30,PLpgSQL,1101
2018-3-30,D,1046
2018-3-30,Visual Basic,1029
2018-3-30,Rascal,970
2018-3-30,HCL,964
2018-3-30,Haxe,889
2018-3-30,QML,872
2018-3-30,Cuda,835
2018-3-30,Batchfile,789
2018-3-30,Objective-C++,769
2018-3-30,AutoHotkey,762
2018-3-30,Verilog,730
2018-3-30,Nim,713
2018-3-30,PureScript,665
2018-3-30,Roff,626
2018-3-30,GLSL,511
2018-3-30,Processing,510
2018-3-30,Nginx,485
2018-3-30,ActionScript,478
2018-3-30,OpenSCAD,472
2018-3-30,Fortran,460
2018-3-30,XSLT,456
2018-3-30,Gherkin,404
2018-3-30,Nix,401
2018-3-30,Awk,397
2018-3-30,GDScript,377
2018-3-30,Apex,356
2018-3-30,VHDL,323
2018-3-30,Eagle,312
2018-3-30,AppleScript,300
2018-3-30,Racket,297
2018-3-30,PLSQL,273
2018-3-30,BitBake,249
2018-3-30,OpenEdge ABL,246
2018-3-30,WebAssembly,235
2018-3-30,Prolog,227
2018-3-30,LiveScript,221
2018-3-30,Coq,221
2018-3-30,SQLPL,220
2018-3-30,Smali,218
2018-3-30,Tcl,216
2018-3-30,FreeMarker,206
2018-3-30,ASP,193
2018-3-30,Smalltalk,181
2018-3-30,IDL,181
2018-3-30,SourcePawn,170
2018-3-30,Hy,162
2018-3-30,ShaderLab,159
2018-3-30,ApacheConf,157
2018-3-30,HLSL,150
2018-3-30,ABAP,148
2018-3-30,Mathematica,144
2018-3-30,AutoIt,134
2018-3-30,1C Enterprise,132
2018-3-30,Perl 6,129
2018-3-30,NSIS,128
2018-3-30,KiCad,126
2018-3-30,Idris,120
2018-3-30,M4,118
2018-3-30,Inno Setup,117
2018-3-30,Standard ML,114
2018-3-30,Puppet,113
2018-3-30,FORTRAN,113
2018-3-30,Ada,105
2018-6-30,JavaScript,811689
2018-6-30,Python,348311
2018-6-30,Java,308183
2018-6-30,Go,235675
2018-6-30,C++,155382
2018-6-30,PHP,145153
2018-6-30,C,99304
2018-6-30,TypeScript,86781
2018-6-30,C#,85701
2018-6-30,Swift,79322
2018-6-30,Shell,67613
2018-6-30,Objective-C,66755
2018-6-30,Ruby,62869
2018-6-30,HTML,58233
2018-6-30,CSS,45619
2018-6-30,Jupyter Notebook,26123
2018-6-30,Vue,23707
2018-6-30,Kotlin,20258
2018-6-30,Rust,19794
2018-6-30,Scala,17107
2018-6-30,Vim script,12408
2018-6-30,Lua,9760
2018-6-30,CoffeeScript,8807
2018-6-30,Elixir,6907
2018-6-30,Haskell,6432
2018-6-30,PowerShell,6133
2018-6-30,Clojure,6122
2018-6-30,TeX,5961
2018-6-30,Emacs Lisp,5578
2018-6-30,Perl,5533
2018-6-30,Groovy,4926
2018-6-30,OCaml,4171
2018-6-30,Erlang,4141
2018-6-30,R,3296
2018-6-30,WebAssembly,3153
2018-6-30,Matlab,3002
2018-6-30,Dart,2427
2018-6-30,Makefile,2353
2018-6-30,VimL,1600
2018-6-30,Vala,1510
2018-6-30,CMake,1379
2018-6-30,Crystal,1352
2018-6-30,Pascal,1309
2018-6-30,Assembly,1274
2018-6-30,Elm,1227
2018-6-30,Smarty,1227
2018-6-30,Common Lisp,1140
2018-6-30,F#,1060
2018-6-30,Nim,913
2018-6-30,Arduino,899
2018-6-30,Julia,893
2018-6-30,Cuda,881
2018-6-30,HCL,878
2018-6-30,PLpgSQL,861
2018-6-30,D,760
2018-6-30,Verilog,695
2018-6-30,Visual Basic,681
2018-6-30,Batchfile,670
2018-6-30,Haxe,667
2018-6-30,Scheme,660
2018-6-30,AutoHotkey,564
2018-6-30,Rascal,473
2018-6-30,PureScript,466
2018-6-30,QML,453
2018-6-30,Objective-C++,424
2018-6-30,XSLT,416
2018-6-30,Fortran,414
2018-6-30,ActionScript,391
2018-6-30,Awk,376
2018-6-30,Racket,364
2018-6-30,Nginx,358
2018-6-30,GLSL,344
2018-6-30,Roff,333
2018-6-30,Processing,329
2018-6-30,OpenSCAD,328
2018-6-30,Gherkin,321
2018-6-30,Apex,299
2018-6-30,Nix,276
2018-6-30,GDScript,262
2018-6-30,VHDL,260
2018-6-30,Eagle,256
2018-6-30,AppleScript,251
2018-6-30,SQLPL,243
2018-6-30,FreeMarker,223
2018-6-30,BitBake,209
2018-6-30,ASP,205
2018-6-30,PLSQL,203
2018-6-30,Prolog,193
2018-6-30,DIGITAL Command Language,177
2018-6-30,Mathematica,174
2018-6-30,Coq,163
2018-6-30,OpenEdge ABL,158
2018-6-30,IDL,157
2018-6-30,Smali,154
2018-6-30,Hy,146
2018-6-30,SourcePawn,142
2018-6-30,LiveScript,139
2018-6-30,M4,135
2018-6-30,Max,129
2018-6-30,Tcl,121
2018-6-30,Perl 6,117
2018-6-30,NSIS,116
2018-6-30,ApacheConf,116
2018-6-30,ABAP,116
2018-6-30,AutoIt,114
2018-6-30,ShaderLab,111
2018-6-30,Smalltalk,107
2018-6-30,Standard ML,105
2018-6-30,Inno Setup,104
2018-6-30,Puppet,101
2018-9-30,JavaScript,733327
2018-9-30,Python,355318
2018-9-30,Java,289552
2018-9-30,Go,233364
2018-9-30,C++,149424
2018-9-30,PHP,133261
2018-9-30,C,96448
2018-9-30,TypeScript,89006
2018-9-30,C#,79430
2018-9-30,Swift,72943
2018-9-30,Shell,65456
2018-9-30,Ruby,63704
2018-9-30,Objective-C,57715
2018-9-30,HTML,49700
2018-9-30,CSS,46031
2018-9-30,Jupyter Notebook,32005
2018-9-30,Vue,26861
2018-9-30,Kotlin,22771
2018-9-30,Rust,19570
2018-9-30,Scala,15058
2018-9-30,Vim script,11058
2018-9-30,CoffeeScript,10207
2018-9-30,Lua,9194
2018-9-30,Elixir,7478
2018-9-30,Haskell,6288
2018-9-30,Emacs Lisp,5879
2018-9-30,PowerShell,5625
2018-9-30,Clojure,5475
2018-9-30,Perl,5184
2018-9-30,Groovy,4514
2018-9-30,TeX,4388
2018-9-30,Dockerfile,4321
2018-9-30,OCaml,3863
2018-9-30,Erlang,3561
2018-9-30,R,3071
2018-9-30,Matlab,2696
2018-9-30,Makefile,2563
2018-9-30,Dart,2468
2018-9-30,Assembly,1685
2018-9-30,VimL,1640
2018-9-30,Pascal,1409
2018-9-30,Julia,1403
2018-9-30,CMake,1282
2018-9-30,Common Lisp,1274
2018-9-30,Vala,1231
2018-9-30,Crystal,1168
2018-9-30,F#,1028
2018-9-30,Elm,1018
2018-9-30,Cuda,805
2018-9-30,Haxe,772
2018-9-30,PLpgSQL,766
2018-9-30,Nim,746
2018-9-30,Verilog,703
2018-9-30,Arduino,693
2018-9-30,Scheme,661
2018-9-30,HCL,659
2018-9-30,Visual Basic,651
2018-9-30,D,602
2018-9-30,Batchfile,582
2018-9-30,AutoHotkey,558
2018-9-30,PureScript,495
2018-9-30,QML,452
2018-9-30,Objective-C++,434
2018-9-30,WebAssembly,428
2018-9-30,OpenSCAD,404
2018-9-30,Rascal,380
2018-9-30,ActionScript,349
2018-9-30,GLSL,348
2018-9-30,Awk,343
2018-9-30,Fortran,343
2018-9-30,XSLT,342
2018-9-30,Roff,315
2018-9-30,Racket,308
2018-9-30,SQLPL,305
2018-9-30,Processing,303
2018-9-30,Nginx,302
2018-9-30,Apex,285
2018-9-30,Gherkin,279
2018-9-30,AppleScript,264
2018-9-30,PLSQL,262
2018-9-30,GDScript,252
2018-9-30,VHDL,240
2018-9-30,Puppet,237
2018-9-30,Nix,224
2018-9-30,Eagle,205
2018-9-30,Smarty,186
2018-9-30,OpenEdge ABL,185
2018-9-30,Liquid,181
2018-9-30,Smali,180
2018-9-30,FreeMarker,178
2018-9-30,BitBake,172
2018-9-30,ABAP,160
2018-9-30,Coq,156
2018-9-30,LiveScript,149
2018-9-30,Perl 6,148
2018-9-30,ASP,147
2018-9-30,ShaderLab,146
2018-9-30,Smalltalk,136
2018-9-30,SourcePawn,130
2018-9-30,IDL,130
2018-9-30,NSIS,129
2018-9-30,Mathematica,122
2018-9-30,AutoIt,121
2018-9-30,Inno Setup,120
2018-9-30,Prolog,118
2018-9-30,Tcl,105
2018-9-30,Nimrod,104
2018-9-30,M4,104
2018-9-30,Groff,100
2018-12-30,JavaScript,668062
2018-12-30,Python,336045
2018-12-30,Java,255160
2018-12-30,Go,215511
2018-12-30,C++,139366
2018-12-30,PHP,135579
2018-12-30,TypeScript,93555
2018-12-30,C,90804
2018-12-30,C#,76670
2018-12-30,Swift,66012
2018-12-30,Shell,59906
2018-12-30,Ruby,54043
2018-12-30,Objective-C,48248
2018-12-30,HTML,45635
2018-12-30,CSS,44249
2018-12-30,Jupyter Notebook,29168
2018-12-30,Kotlin,20958
2018-12-30,Vue,20611
2018-12-30,Rust,19178
2018-12-30,Scala,13634
2018-12-30,Vim script,10096
2018-12-30,Lua,8769
2018-12-30,CoffeeScript,8569
2018-12-30,Haskell,6312
2018-12-30,Elixir,6115
2018-12-30,PowerShell,5795
2018-12-30,TeX,5768
2018-12-30,Emacs Lisp,5689
2018-12-30,Clojure,5502
2018-12-30,Perl,4679
2018-12-30,Groovy,4302
2018-12-30,Dockerfile,4265
2018-12-30,OCaml,3646
2018-12-30,Erlang,2942
2018-12-30,Matlab,2867
2018-12-30,R,2644
2018-12-30,Dart,2498
2018-12-30,Makefile,2034
2018-12-30,CMake,1335
2018-12-30,Pascal,1324
2018-12-30,VimL,1251
2018-12-30,Assembly,1195
2018-12-30,Vala,1152
2018-12-30,Common Lisp,1146
2018-12-30,F#,950
2018-12-30,Julia,948
2018-12-30,Crystal,938
2018-12-30,PLpgSQL,897
2018-12-30,Cuda,875
2018-12-30,Elm,809
2018-12-30,Verilog,730
2018-12-30,Scheme,718
2018-12-30,Arduino,710
2018-12-30,HCL,658
2018-12-30,D,653
2018-12-30,AutoHotkey,593
2018-12-30,Haxe,580
2018-12-30,Visual Basic,578
2018-12-30,Batchfile,542
2018-12-30,Nim,529
2018-12-30,QML,478
2018-12-30,PureScript,416
2018-12-30,XSLT,390
2018-12-30,Fortran,367
2018-12-30,WebAssembly,365
2018-12-30,Awk,355
2018-12-30,Gherkin,342
2018-12-30,Processing,336
2018-12-30,Objective-C++,316
2018-12-30,Roff,313
2018-12-30,GLSL,310
2018-12-30,ActionScript,307
2018-12-30,OpenSCAD,291
2018-12-30,Racket,281
2018-12-30,DIGITAL Command Language,280
2018-12-30,Apex,272
2018-12-30,GDScript,237
2018-12-30,AppleScript,236
2018-12-30,ASP,220
2018-12-30,VHDL,217
2018-12-30,Nix,207
2018-12-30,Eagle,201
2018-12-30,Rascal,200
2018-12-30,PLSQL,199
2018-12-30,Coq,190
2018-12-30,SQLPL,189
2018-12-30,FreeMarker,178
2018-12-30,Tcl,171
2018-12-30,Smarty,168
2018-12-30,ShaderLab,159
2018-12-30,Smalltalk,152
2018-12-30,OpenEdge ABL,152
2018-12-30,ABAP,150
2018-12-30,BitBake,146
2018-12-30,SourcePawn,144
2018-12-30,Perl 6,137
2018-12-30,Smali,132
2018-12-30,Mathematica,131
2018-12-30,NSIS,123
2018-12-30,LiveScript,116
2018-12-30,AutoIt,113
2018-12-30,YARA,109
2018-12-30,Standard ML,104
2018-12-30,Prolog,104
2018-12-30,IDL,100
2019-3-30,JavaScript,694689
2019-3-30,Python,370405
2019-3-30,Java,258128
2019-3-30,Go,239288
2019-3-30,C++,163611
2019-3-30,PHP,146544
2019-3-30,TypeScript,104461
2019-3-30,C,101537
2019-3-30,C#,92106
2019-3-30,Swift,72959
2019-3-30,Shell,72825
2019-3-30,Ruby,62947
2019-3-30,Objective-C,48693
2019-3-30,HTML,46882
2019-3-30,CSS,40630
2019-3-30,Jupyter Notebook,30534
2019-3-30,Vue,22035
2019-3-30,Rust,21542
2019-3-30,Kotlin,21042
2019-3-30,Scala,14223
2019-3-30,Vim script,12278
2019-3-30,Lua,10241
2019-3-30,PowerShell,7887
2019-3-30,Elixir,7091
2019-3-30,CoffeeScript,6944
2019-3-30,Perl,6621
2019-3-30,TeX,6510
2019-3-30,Emacs Lisp,6241
2019-3-30,Clojure,5823
2019-3-30,Haskell,5788
2019-3-30,Dart,5626
2019-3-30,Dockerfile,4947
2019-3-30,Groovy,4677
2019-3-30,OCaml,3955
2019-3-30,R,3020
2019-3-30,Erlang,2837
2019-3-30,Makefile,2727
2019-3-30,Matlab,2346
2019-3-30,Jsonnet,2013
2019-3-30,Common Lisp,1935
2019-3-30,Vala,1759
2019-3-30,Pascal,1602
2019-3-30,CMake,1565
2019-3-30,F#,1399
2019-3-30,Assembly,1267
2019-3-30,VimL,1215
2019-3-30,PLpgSQL,1147
2019-3-30,Julia,1123
2019-3-30,Crystal,983
2019-3-30,Elm,911
2019-3-30,Cuda,846
2019-3-30,Haxe,788
2019-3-30,D,787
2019-3-30,WebAssembly,778
2019-3-30,AutoHotkey,751
2019-3-30,Scheme,741
2019-3-30,Verilog,737
2019-3-30,MATLAB,693
2019-3-30,Visual Basic,686
2019-3-30,Fortran,658
2019-3-30,Batchfile,650
2019-3-30,Arduino,650
2019-3-30,HCL,620
2019-3-30,QML,568
2019-3-30,XSLT,504
2019-3-30,PureScript,472
2019-3-30,Nim,470
2019-3-30,Awk,421
2019-3-30,GLSL,375
2019-3-30,OpenSCAD,371
2019-3-30,Roff,370
2019-3-30,Gherkin,363
2019-3-30,ActionScript,354
2019-3-30,LLVM,354
2019-3-30,Objective-C++,347
2019-3-30,Forth,316
2019-3-30,GDScript,314
2019-3-30,VHDL,307
2019-3-30,ASP,297
2019-3-30,Processing,291
2019-3-30,Rascal,283
2019-3-30,Racket,282
2019-3-30,Smalltalk,261
2019-3-30,Apex,258
2019-3-30,AppleScript,249
2019-3-30,PLSQL,232
2019-3-30,Rich Text Format,227
2019-3-30,Eagle,226
2019-3-30,Nix,213
2019-3-30,OpenEdge ABL,196
2019-3-30,SourcePawn,179
2019-3-30,FreeMarker,172
2019-3-30,Prolog,170
2019-3-30,Markdown,169
2019-3-30,YARA,168
2019-3-30,ShaderLab,162
2019-3-30,Tcl,162
2019-3-30,Smali,157
2019-3-30,AutoIt,152
2019-3-30,DM,148
2019-3-30,Mathematica,147
2019-3-30,Puppet,146
2019-3-30,Smarty,146
2019-3-30,Coq,146
2019-3-30,Ada,140
2019-3-30,NSIS,138
2019-3-30,Max,135
2019-3-30,COBOL,134
2019-3-30,Inno Setup,124
2019-3-30,LiveScript,124
2019-3-30,ABAP,124
2019-3-30,Perl 6,124
2019-3-30,BitBake,118
2019-3-30,DIGITAL Command Language,105
2019-6-30,JavaScript,506507
2019-6-30,Python,284212
2019-6-30,Java,203379
2019-6-30,Go,179569
2019-6-30,C++,123178
2019-6-30,PHP,96071
2019-6-30,TypeScript,75380
2019-6-30,C,74090
2019-6-30,C#,66218
2019-6-30,Shell,52584
2019-6-30,Swift,52296
2019-6-30,Ruby,43400
2019-6-30,Objective-C,34095
2019-6-30,HTML,32186
2019-6-30,CSS,30787
2019-6-30,Jupyter Notebook,22424
2019-6-30,Rust,19363
2019-6-30,Vue,17220
2019-6-30,Kotlin,16676
2019-6-30,Scala,10309
2019-6-30,Vim script,8954
2019-6-30,Dart,7726
2019-6-30,Lua,7306
2019-6-30,PowerShell,5553
2019-6-30,TeX,5376
2019-6-30,Haskell,5125
2019-6-30,CoffeeScript,5090
2019-6-30,Elixir,4945
2019-6-30,Emacs Lisp,4646
2019-6-30,Perl,3892
2019-6-30,Clojure,3712
2019-6-30,Dockerfile,3179
2019-6-30,Groovy,2899
2019-6-30,OCaml,2694
2019-6-30,Erlang,2675
2019-6-30,R,2356
2019-6-30,Makefile,2070
2019-6-30,Matlab,1845
2019-6-30,Pascal,1373
2019-6-30,CMake,1308
2019-6-30,Jsonnet,1210
2019-6-30,Common Lisp,1123
2019-6-30,VimL,968
2019-6-30,Assembly,936
2019-6-30,Vala,917
2019-6-30,F#,877
2019-6-30,PLpgSQL,856
2019-6-30,Julia,672
2019-6-30,Elm,663
2019-6-30,MATLAB,636
2019-6-30,Cuda,612
2019-6-30,D,578
2019-6-30,Verilog,574
2019-6-30,Crystal,570
2019-6-30,AutoHotkey,567
2019-6-30,Visual Basic,539
2019-6-30,Haxe,512
2019-6-30,Scheme,508
2019-6-30,WebAssembly,499
2019-6-30,Fortran,487
2019-6-30,Batchfile,486
2019-6-30,Arduino,483
2019-6-30,QML,445
2019-6-30,HCL,399
2019-6-30,Nim,396
2019-6-30,XSLT,347
2019-6-30,ASP,345
2019-6-30,Awk,309
2019-6-30,GLSL,290
2019-6-30,PureScript,284
2019-6-30,Gherkin,272
2019-6-30,GDScript,268
2019-6-30,OpenSCAD,251
2019-6-30,ActionScript,242
2019-6-30,Objective-C++,236
2019-6-30,Roff,228
2019-6-30,Apex,225
2019-6-30,AppleScript,223
2019-6-30,LLVM,222
2019-6-30,Smalltalk,191
2019-6-30,VHDL,189
2019-6-30,Processing,184
2019-6-30,Racket,181
2019-6-30,Mathematica,178
2019-6-30,PLSQL,175
2019-6-30,Nix,175
2019-6-30,ShaderLab,163
2019-6-30,SourcePawn,159
2019-6-30,YARA,141
2019-6-30,Smali,139
2019-6-30,F*,136
2019-6-30,OpenEdge ABL,131
2019-6-30,NSIS,130
2019-6-30,Smarty,126
2019-6-30,Eagle,120
2019-6-30,Coq,116
2019-6-30,DM,115
2019-6-30,LiveScript,112
2019-6-30,Prolog,109
2019-6-30,Inno Setup,109
2019-6-30,SQLPL,107
2019-6-30,Perl 6,103
2019-6-30,Rich Text Format,101
2019-6-30,AutoIt,100
2019-9-30,JavaScript,604578
2019-9-30,Python,353480
2019-9-30,Java,275895
2019-9-30,Go,253421
2019-9-30,C++,154802
2019-9-30,PHP,126242
2019-9-30,TypeScript,99381
2019-9-30,C,96189
2019-9-30,C#,84169
2019-9-30,Swift,61294
2019-9-30,Shell,58392
2019-9-30,Ruby,47882
2019-9-30,Jupyter Notebook,42139
2019-9-30,HTML,40638
2019-9-30,Objective-C,36755
2019-9-30,CSS,34633
2019-9-30,Rust,28709
2019-9-30,Vue,23132
2019-9-30,Kotlin,22426
2019-9-30,Dart,19738
2019-9-30,Scala,13442
2019-9-30,Vim script,9601
2019-9-30,Lua,8479
2019-9-30,PowerShell,6565
2019-9-30,Emacs Lisp,5569
2019-9-30,CoffeeScript,5349
2019-9-30,Haskell,5126
2019-9-30,TeX,5098
2019-9-30,Elixir,5098
2019-9-30,Perl,5036
2019-9-30,Clojure,4864
2019-9-30,Dockerfile,3672
2019-9-30,Groovy,3508
2019-9-30,Makefile,3151
2019-9-30,OCaml,3122
2019-9-30,R,2730
2019-9-30,Erlang,2331
2019-9-30,Matlab,1954
2019-9-30,Pascal,1497
2019-9-30,CMake,1475
2019-9-30,Jsonnet,1216
2019-9-30,Vala,1208
2019-9-30,Assembly,1167
2019-9-30,Common Lisp,1133
2019-9-30,PLpgSQL,1019
2019-9-30,VimL,1017
2019-9-30,Julia,991
2019-9-30,TSQL,959
2019-9-30,F#,944
2019-9-30,MATLAB,867
2019-9-30,Scheme,843
2019-9-30,Crystal,741
2019-9-30,Verilog,706
2019-9-30,Batchfile,677
2019-9-30,AutoHotkey,658
2019-9-30,Cuda,650
2019-9-30,Nim,642
2019-9-30,Elm,634
2019-9-30,D,609
2019-9-30,Fortran,609
2019-9-30,Visual Basic,567
2019-9-30,QML,563
2019-9-30,HCL,510
2019-9-30,Haxe,498
2019-9-30,Arduino,493
2019-9-30,Markdown,482
2019-9-30,XSLT,456
2019-9-30,Awk,422
2019-9-30,GLSL,385
2019-9-30,PureScript,342
2019-9-30,Racket,338
2019-9-30,OpenSCAD,310
2019-9-30,Gherkin,302
2019-9-30,Roff,299
2019-9-30,VHDL,282
2019-9-30,ASP,281
2019-9-30,Smali,277
2019-9-30,LLVM,273
2019-9-30,Nix,268
2019-9-30,WebAssembly,252
2019-9-30,Objective-C++,240
2019-9-30,Apex,230
2019-9-30,ActionScript,227
2019-9-30,GDScript,211
2019-9-30,AppleScript,205
2019-9-30,Processing,187
2019-9-30,Coq,182
2019-9-30,Smalltalk,177
2019-9-30,Eagle,174
2019-9-30,YARA,168
2019-9-30,SourcePawn,168
2019-9-30,Gettext Catalog,165
2019-9-30,PLSQL,163
2019-9-30,LiveScript,158
2019-9-30,AutoIt,152
2019-9-30,Smarty,140
2019-9-30,Mathematica,138
2019-9-30,Perl 6,135
2019-9-30,Prolog,133
2019-9-30,Tcl,130
2019-9-30,OpenEdge ABL,130
2019-9-30,ShaderLab,129
2019-9-30,NSIS,129
2019-9-30,ABAP,124
2019-9-30,Max,117
2019-9-30,BitBake,110
2019-9-30,SystemVerilog,106
2019-9-30,FreeMarker,102
2019-12-30,JavaScript,550440
2019-12-30,Python,338999
2019-12-30,Java,250325
2019-12-30,Go,240990
2019-12-30,C++,143918
2019-12-30,PHP,115076
2019-12-30,TypeScript,102413
2019-12-30,C,96175
2019-12-30,C#,78173
2019-12-30,Shell,60113
2019-12-30,Swift,53550
2019-12-30,Ruby,48645
2019-12-30,HTML,37046
2019-12-30,Objective-C,33092
2019-12-30,Jupyter Notebook,32773
2019-12-30,CSS,32154
2019-12-30,Rust,26797
2019-12-30,Kotlin,24559
2019-12-30,Vue,18747
2019-12-30,Dart,15894
2019-12-30,Scala,12344
2019-12-30,Vim script,9587
2019-12-30,Haskell,8220
2019-12-30,Lua,8014
2019-12-30,PowerShell,6282
2019-12-30,Emacs Lisp,5732
2019-12-30,TeX,5266
2019-12-30,CoffeeScript,5259
2019-12-30,Perl,5029
2019-12-30,Clojure,4885
2019-12-30,Elixir,4828
2019-12-30,Groovy,3341
2019-12-30,Dockerfile,3330
2019-12-30,OCaml,2947
2019-12-30,Makefile,2916
2019-12-30,R,2703
2019-12-30,Erlang,2370
2019-12-30,Matlab,1970
2019-12-30,PLpgSQL,1763
2019-12-30,Common Lisp,1428
2019-12-30,CMake,1415
2019-12-30,Pascal,1270
2019-12-30,Assembly,1266
2019-12-30,Jsonnet,1227
2019-12-30,Vala,1176
2019-12-30,TSQL,955
2019-12-30,F#,948
2019-12-30,Julia,914
2019-12-30,MATLAB,890
2019-12-30,VimL,883
2019-12-30,Elm,825
2019-12-30,Crystal,767
2019-12-30,Verilog,761
2019-12-30,Batchfile,740
2019-12-30,Scheme,701
2019-12-30,D,690
2019-12-30,Nim,663
2019-12-30,Fortran,627
2019-12-30,Cuda,616
2019-12-30,Haxe,599
2019-12-30,Visual Basic,572
2019-12-30,AutoHotkey,524
2019-12-30,Arduino,489
2019-12-30,QML,484
2019-12-30,HCL,481
2019-12-30,Markdown,466
2019-12-30,GLSL,396
2019-12-30,WebAssembly,352
2019-12-30,Awk,343
2019-12-30,XSLT,320
2019-12-30,OpenSCAD,320
2019-12-30,PureScript,311
2019-12-30,Racket,298
2019-12-30,Gherkin,295
2019-12-30,Roff,263
2019-12-30,Nix,252
2019-12-30,AppleScript,251
2019-12-30,Objective-C++,244
2019-12-30,Coq,242
2019-12-30,ASP,219
2019-12-30,VHDL,211
2019-12-30,LLVM,211
2019-12-30,YARA,210
2019-12-30,GDScript,209
2019-12-30,Apex,204
2019-12-30,AutoIt,202
2019-12-30,Processing,197
2019-12-30,PLSQL,192
2019-12-30,Smali,189
2019-12-30,ActionScript,174
2019-12-30,NSIS,167
2019-12-30,SourcePawn,163
2019-12-30,Smarty,154
2019-12-30,Gettext Catalog,141
2019-12-30,Vim Snippet,138
2019-12-30,Smalltalk,135
2019-12-30,SystemVerilog,130
2019-12-30,Eagle,129
2019-12-30,Max,127
2019-12-30,ABAP,126
2019-12-30,ShaderLab,123
2019-12-30,Prolog,123
2019-12-30,Tcl,122
2019-12-30,BitBake,121
2019-12-30,LiveScript,121
2019-12-30,Mathematica,115
2019-12-30,OpenEdge ABL,113
2019-12-30,Perl 6,106
2019-12-30,Ada,100
2019-12-30,FreeMarker,100
2020-3-30,JavaScript,500376
2020-3-30,Python,316895
2020-3-30,Go,213824
2020-3-30,Java,206269
2020-3-30,C++,141747
2020-3-30,PHP,105653
2020-3-30,TypeScript,104222
2020-3-30,C,97678
2020-3-30,C#,74543
2020-3-30,Shell,55908
2020-3-30,Swift,48148
2020-3-30,Ruby,44963
2020-3-30,HTML,36304
2020-3-30,CSS,31395
2020-3-30,Jupyter Notebook,26624
2020-3-30,Objective-C,26251
2020-3-30,Rust,24779
2020-3-30,Kotlin,21482
2020-3-30,Vue,16118
2020-3-30,Dart,15535
2020-3-30,Scala,10475
2020-3-30,Dockerfile,9877
2020-3-30,Vim script,9817
2020-3-30,Haskell,7652
2020-3-30,Lua,7207
2020-3-30,PowerShell,6855
2020-3-30,Emacs Lisp,6668
2020-3-30,CoffeeScript,5472
2020-3-30,Elixir,5191
2020-3-30,Perl,5057
2020-3-30,Clojure,4625
2020-3-30,TeX,4549
2020-3-30,Groovy,3242
2020-3-30,Makefile,2861
2020-3-30,OCaml,2855
2020-3-30,R,2480
2020-3-30,Erlang,2130
2020-3-30,CMake,1894
2020-3-30,Vala,1665
2020-3-30,Pascal,1500
2020-3-30,Matlab,1466
2020-3-30,Jsonnet,1403
2020-3-30,Common Lisp,1319
2020-3-30,Starlark,1276
2020-3-30,Assembly,1161
2020-3-30,TSQL,1043
2020-3-30,F#,933
2020-3-30,MATLAB,898
2020-3-30,Crystal,832
2020-3-30,Julia,830
2020-3-30,PLpgSQL,826
2020-3-30,VimL,806
2020-3-30,Scheme,740
2020-3-30,Nim,708
2020-3-30,Elm,692
2020-3-30,Fortran,667
2020-3-30,Verilog,661
2020-3-30,AutoHotkey,619
2020-3-30,D,609
2020-3-30,Visual Basic,534
2020-3-30,Arduino,529
2020-3-30,Batchfile,526
2020-3-30,Haxe,521
2020-3-30,QML,466
2020-3-30,GLSL,462
2020-3-30,Cuda,453
2020-3-30,Markdown,453
2020-3-30,HCL,439
2020-3-30,GDScript,408
2020-3-30,Awk,379
2020-3-30,OpenSCAD,369
2020-3-30,XSLT,350
2020-3-30,Nix,317
2020-3-30,Gherkin,313
2020-3-30,PureScript,291
2020-3-30,WebAssembly,280
2020-3-30,ASP,259
2020-3-30,Racket,245
2020-3-30,AutoIt,244
2020-3-30,Coq,244
2020-3-30,Objective-C++,237
2020-3-30,Roff,222
2020-3-30,YARA,219
2020-3-30,VHDL,209
2020-3-30,Processing,199
2020-3-30,Smali,185
2020-3-30,AppleScript,181
2020-3-30,Eagle,180
2020-3-30,ActionScript,178
2020-3-30,SourcePawn,177
2020-3-30,Smalltalk,176
2020-3-30,LLVM,173
2020-3-30,Apex,161
2020-3-30,PLSQL,161
2020-3-30,Vim Snippet,142
2020-3-30,Smarty,139
2020-3-30,Tcl,139
2020-3-30,Mathematica,130
2020-3-30,ABAP,129
2020-3-30,OpenEdge ABL,119
2020-3-30,LiveScript,117
2020-3-30,SystemVerilog,116
2020-3-30,BitBake,113
2020-3-30,Prolog,111
2020-3-30,ShaderLab,109
2020-6-30,JavaScript,545593
2020-6-30,Python,333988
2020-6-30,Java,236822
2020-6-30,Go,232000
2020-6-30,C++,157607
2020-6-30,TypeScript,113126
2020-6-30,C,108056
2020-6-30,PHP,96315
2020-6-30,C#,79827
2020-6-30,Shell,60047
2020-6-30,Swift,52651
2020-6-30,Ruby,46933
2020-6-30,HTML,40518
2020-6-30,CSS,35579
2020-6-30,Jupyter Notebook,30527
2020-6-30,Objective-C,30415
2020-6-30,Rust,25348
2020-6-30,Kotlin,23545
2020-6-30,Vue,17710
2020-6-30,Dart,15470
2020-6-30,Vim script,14555
2020-6-30,Scala,11932
2020-6-30,Lua,9017
2020-6-30,PowerShell,8057
2020-6-30,Haskell,7989
2020-6-30,Emacs Lisp,6976
2020-6-30,CoffeeScript,5629
2020-6-30,Dockerfile,5507
2020-6-30,Clojure,5408
2020-6-30,Elixir,5220
2020-6-30,Perl,5158
2020-6-30,TeX,4489
2020-6-30,Groovy,3384
2020-6-30,Makefile,2883
2020-6-30,R,2865
2020-6-30,OCaml,2660
2020-6-30,Erlang,2035
2020-6-30,CMake,1967
2020-6-30,Matlab,1779
2020-6-30,Vala,1565
2020-6-30,Starlark,1539
2020-6-30,Pascal,1458
2020-6-30,Common Lisp,1222
2020-6-30,TSQL,1130
2020-6-30,Assembly,1102
2020-6-30,Jsonnet,1092
2020-6-30,Julia,1089
2020-6-30,MATLAB,1016
2020-6-30,F#,885
2020-6-30,PLpgSQL,882
2020-6-30,Verilog,809
2020-6-30,VimL,774
2020-6-30,Crystal,770
2020-6-30,Scheme,767
2020-6-30,Haxe,764
2020-6-30,Nim,726
2020-6-30,AutoHotkey,670
2020-6-30,Markdown,670
2020-6-30,Fortran,649
2020-6-30,Elm,615
2020-6-30,D,592
2020-6-30,Cuda,579
2020-6-30,Batchfile,572
2020-6-30,Visual Basic,567
2020-6-30,Arduino,514
2020-6-30,QML,493
2020-6-30,GLSL,487
2020-6-30,GDScript,471
2020-6-30,HCL,468
2020-6-30,OpenSCAD,420
2020-6-30,Nix,413
2020-6-30,Awk,400
2020-6-30,MLIR,374
2020-6-30,XSLT,324
2020-6-30,Gherkin,316
2020-6-30,Racket,314
2020-6-30,Objective-C++,308
2020-6-30,SourcePawn,301
2020-6-30,WebAssembly,298
2020-6-30,PureScript,290
2020-6-30,Smali,288
2020-6-30,YARA,284
2020-6-30,PLSQL,283
2020-6-30,VHDL,268
2020-6-30,Roff,267
2020-6-30,ASP,251
2020-6-30,ActionScript,209
2020-6-30,Coq,206
2020-6-30,AutoIt,195
2020-6-30,Processing,194
2020-6-30,Smalltalk,191
2020-6-30,Apex,189
2020-6-30,Tcl,185
2020-6-30,Vim Snippet,177
2020-6-30,Eagle,157
2020-6-30,ShaderLab,138
2020-6-30,SystemVerilog,131
2020-6-30,Mathematica,125
2020-6-30,Prolog,124
2020-6-30,LiveScript,120
2020-6-30,ABAP,112
2020-6-30,LLVM,111
2020-6-30,Forth,108
2020-6-30,Stan,107
2020-6-30,Smarty,106
2020-6-30,Max,105
2020-9-30,JavaScript,463127
2020-9-30,Python,285984
2020-9-30,Go,207018
2020-9-30,Java,204520
2020-9-30,C++,137939
2020-9-30,TypeScript,99209
2020-9-30,C,89280
2020-9-30,PHP,82141
2020-9-30,C#,68203
2020-9-30,Shell,49000
2020-9-30,Swift,43361
2020-9-30,Ruby,39988
2020-9-30,HTML,32991
2020-9-30,Jupyter Notebook,28339
2020-9-30,Objective-C,23774
2020-9-30,CSS,23421
2020-9-30,Kotlin,22671
2020-9-30,Rust,22037
2020-9-30,Vue,17272
2020-9-30,Dart,16871
2020-9-30,Scala,10578
2020-9-30,Vim script,9848
2020-9-30,PowerShell,7840
2020-9-30,Lua,7206
2020-9-30,Emacs Lisp,6058
2020-9-30,Clojure,4745
2020-9-30,Perl,4566
2020-9-30,Dockerfile,4439
2020-9-30,Haskell,4401
2020-9-30,CoffeeScript,4293
2020-9-30,Elixir,4201
2020-9-30,TeX,3873
2020-9-30,Makefile,2959
2020-9-30,Groovy,2852
2020-9-30,OCaml,2378
2020-9-30,R,2256
2020-9-30,Starlark,2026
2020-9-30,Erlang,1797
2020-9-30,CMake,1655
2020-9-30,Pascal,1344
2020-9-30,Matlab,1278
2020-9-30,Vala,1178
2020-9-30,Common Lisp,1125
2020-9-30,Assembly,1053
2020-9-30,Jsonnet,1036
2020-9-30,Julia,976
2020-9-30,Verilog,970
2020-9-30,TSQL,925
2020-9-30,MATLAB,886
2020-9-30,Nim,716
2020-9-30,F#,703
2020-9-30,PLpgSQL,690
2020-9-30,VimL,673
2020-9-30,Scheme,648
2020-9-30,Crystal,623
2020-9-30,Haxe,589
2020-9-30,Fortran,548
2020-9-30,AutoHotkey,518
2020-9-30,Markdown,499
2020-9-30,Cuda,493
2020-9-30,GLSL,462
2020-9-30,Visual Basic,459
2020-9-30,Batchfile,447
2020-9-30,Arduino,443
2020-9-30,D,432
2020-9-30,GDScript,420
2020-9-30,Elm,416
2020-9-30,QML,410
2020-9-30,HCL,393
2020-9-30,XSLT,314
2020-9-30,Nix,295
2020-9-30,Awk,284
2020-9-30,OpenSCAD,282
2020-9-30,Objective-C++,260
2020-9-30,Smali,260
2020-9-30,Gherkin,247
2020-9-30,WebAssembly,235
2020-9-30,Racket,233
2020-9-30,AutoIt,228
2020-9-30,Roff,222
2020-9-30,YARA,214
2020-9-30,PLSQL,210
2020-9-30,PureScript,210
2020-9-30,Processing,197
2020-9-30,SourcePawn,186
2020-9-30,Smalltalk,181
2020-9-30,ASP,176
2020-9-30,VHDL,175
2020-9-30,Coq,168
2020-9-30,ActionScript,150
2020-9-30,Eagle,149
2020-9-30,Vim Snippet,145
2020-9-30,Mathematica,144
2020-9-30,Tcl,137
2020-9-30,SystemVerilog,134
2020-9-30,Apex,130
2020-9-30,ABAP,126
2020-9-30,AppleScript,108
2020-9-30,Prolog,107
2020-9-30,ShaderLab,105
2020-12-30,JavaScript,450183
2020-12-30,Python,322615
2020-12-30,Go,205914
2020-12-30,Java,190713
2020-12-30,C++,147076
2020-12-30,TypeScript,101249
2020-12-30,C,93531
2020-12-30,PHP,84442
2020-12-30,C#,68598
2020-12-30,Shell,49447
2020-12-30,Ruby,41211
2020-12-30,Swift,39856
2020-12-30,HTML,32249
2020-12-30,Jupyter Notebook,29850
2020-12-30,Rust,22635
2020-12-30,Objective-C,22188
2020-12-30,CSS,21593
2020-12-30,Kotlin,18905
2020-12-30,Dart,16965
2020-12-30,Vue,12871
2020-12-30,Vim script,10074
2020-12-30,Scala,9939
2020-12-30,Lua,7153
2020-12-30,PowerShell,6574
2020-12-30,Emacs Lisp,6020
2020-12-30,Perl,4805
2020-12-30,CoffeeScript,4506
2020-12-30,Haskell,4488
2020-12-30,TeX,4463
2020-12-30,Elixir,4350
2020-12-30,Dockerfile,4164
2020-12-30,Clojure,3958
2020-12-30,OCaml,2683
2020-12-30,Groovy,2585
2020-12-30,Makefile,2329
2020-12-30,R,2298
2020-12-30,Erlang,1784
2020-12-30,CMake,1712
2020-12-30,Starlark,1579
2020-12-30,Pascal,1499
2020-12-30,Matlab,1432
2020-12-30,Common Lisp,1175
2020-12-30,Vala,1169
2020-12-30,Assembly,1166
2020-12-30,TSQL,1127
2020-12-30,Jsonnet,937
2020-12-30,Julia,914
2020-12-30,MATLAB,911
2020-12-30,F#,898
2020-12-30,Verilog,885
2020-12-30,VimL,838
2020-12-30,Nim,762
2020-12-30,PLpgSQL,670
2020-12-30,Fortran,612
2020-12-30,AutoHotkey,580
2020-12-30,Scheme,579
2020-12-30,Visual Basic,483
2020-12-30,Markdown,482
2020-12-30,Cuda,468
2020-12-30,Arduino,459
2020-12-30,Haxe,458
2020-12-30,GLSL,453
2020-12-30,Crystal,442
2020-12-30,D,441
2020-12-30,Batchfile,430
2020-12-30,QML,426
2020-12-30,Awk,387
2020-12-30,Elm,358
2020-12-30,OpenSCAD,354
2020-12-30,HCL,349
2020-12-30,PureScript,312
2020-12-30,XSLT,309
2020-12-30,GDScript,301
2020-12-30,LiveScript,287
2020-12-30,WebAssembly,277
2020-12-30,Gherkin,276
2020-12-30,AutoIt,249
2020-12-30,Racket,248
2020-12-30,SystemVerilog,238
2020-12-30,VHDL,232
2020-12-30,Objective-C++,214
2020-12-30,Smali,211
2020-12-30,YARA,210
2020-12-30,Processing,203
2020-12-30,Roff,197
2020-12-30,PLSQL,180
2020-12-30,Eagle,177
2020-12-30,ActionScript,167
2020-12-30,Coq,162
2020-12-30,Tcl,159
2020-12-30,SourcePawn,157
2020-12-30,Smalltalk,155
2020-12-30,Apex,147
2020-12-30,Vim Snippet,146
2020-12-30,Gettext Catalog,145
2020-12-30,Nix,141
2020-12-30,ASP,138
2020-12-30,Mathematica,138
2020-12-30,Max,122
2020-12-30,Smarty,112
2020-12-30,BitBake,108
2020-12-30,Standard ML,103
2020-12-30,Prolog,103
2021-3-30,JavaScript,415812
2021-3-30,Python,302788
2021-3-30,Go,194619
2021-3-30,Java,175516
2021-3-30,C++,144869
2021-3-30,C,95884
2021-3-30,TypeScript,94700
2021-3-30,PHP,88304
2021-3-30,C#,70723
2021-3-30,Shell,49912
2021-3-30,Ruby,42116
2021-3-30,Swift,39825
2021-3-30,HTML,30855
2021-3-30,Jupyter Notebook,29718
2021-3-30,Rust,24867
2021-3-30,CSS,21333
2021-3-30,Objective-C,20179
2021-3-30,Kotlin,17946
2021-3-30,Dart,15920
2021-3-30,Vue,11004
2021-3-30,Vim script,10541
2021-3-30,Scala,10074
2021-3-30,PowerShell,7454
2021-3-30,Lua,6656
2021-3-30,Emacs Lisp,5853
2021-3-30,Haskell,4643
2021-3-30,Elixir,4477
2021-3-30,Perl,4358
2021-3-30,CoffeeScript,4274
2021-3-30,TeX,4208
2021-3-30,Dockerfile,3902
2021-3-30,Clojure,3718
2021-3-30,Groovy,2346
2021-3-30,Makefile,2262
2021-3-30,R,2256
2021-3-30,OCaml,1980
2021-3-30,Erlang,1963
2021-3-30,CMake,1681
2021-3-30,Starlark,1506
2021-3-30,Pascal,1447
2021-3-30,Matlab,1248
2021-3-30,Assembly,1216
2021-3-30,Common Lisp,1127
2021-3-30,Vala,1111
2021-3-30,Julia,984
2021-3-30,TSQL,926
2021-3-30,Jsonnet,900
2021-3-30,Verilog,847
2021-3-30,MATLAB,846
2021-3-30,PLpgSQL,743
2021-3-30,F#,725
2021-3-30,Nim,703
2021-3-30,VimL,638
2021-3-30,Markdown,629
2021-3-30,AutoHotkey,621
2021-3-30,DIGITAL Command Language,609
2021-3-30,Crystal,573
2021-3-30,Fortran,566
2021-3-30,GLSL,559
2021-3-30,PureScript,557
2021-3-30,Scheme,541
2021-3-30,Visual Basic,509
2021-3-30,HCL,462
2021-3-30,Arduino,437
2021-3-30,Awk,434
2021-3-30,D,427
2021-3-30,Cuda,415
2021-3-30,Haxe,415
2021-3-30,Batchfile,399
2021-3-30,AutoIt,386
2021-3-30,OpenSCAD,377
2021-3-30,QML,374
2021-3-30,Elm,372
2021-3-30,XSLT,356
2021-3-30,VHDL,329
2021-3-30,GDScript,325
2021-3-30,Roff,285
2021-3-30,Gherkin,275
2021-3-30,YARA,260
2021-3-30,WebAssembly,243
2021-3-30,Objective-C++,243
2021-3-30,SystemVerilog,235
2021-3-30,Coq,229
2021-3-30,Racket,215
2021-3-30,ActionScript,208
2021-3-30,Smalltalk,200
2021-3-30,Processing,199
2021-3-30,SourcePawn,193
2021-3-30,Tcl,184
2021-3-30,Smali,180
2021-3-30,PLSQL,170
2021-3-30,Nix,168
2021-3-30,Eagle,154
2021-3-30,Vim Snippet,144
2021-3-30,Apex,139
2021-3-30,Prolog,125
2021-3-30,LiveScript,117
2021-3-30,Mathematica,114
2021-3-30,ASP,106
2021-3-30,Forth,102
2021-3-30,Ada,101
2021-6-30,JavaScript,371431
2021-6-30,Python,280133
2021-6-30,Go,182372
2021-6-30,Java,153146
2021-6-30,C++,150033
2021-6-30,TypeScript,145977
2021-6-30,C,83356
2021-6-30,PHP,63956
2021-6-30,C#,60932
2021-6-30,Shell,41685
2021-6-30,Swift,35834
2021-6-30,Ruby,33437
2021-6-30,HTML,27429
2021-6-30,Jupyter Notebook,24274
2021-6-30,Rust,19702
2021-6-30,CSS,18659
2021-6-30,Objective-C,16783
2021-6-30,Kotlin,16309
2021-6-30,Dart,15604
2021-6-30,Scala,12551
2021-6-30,Vue,9656
2021-6-30,Vim script,9253
2021-6-30,Lua,6181
2021-6-30,PowerShell,5911
2021-6-30,Emacs Lisp,5099
2021-6-30,TeX,4107
2021-6-30,Haskell,4014
2021-6-30,Elixir,4008
2021-6-30,Perl,3775
2021-6-30,CoffeeScript,3534
2021-6-30,Dockerfile,3525
2021-6-30,Clojure,3208
2021-6-30,Groovy,2210
2021-6-30,Makefile,1953
2021-6-30,R,1916
2021-6-30,CMake,1905
2021-6-30,OCaml,1770
2021-6-30,Starlark,1670
2021-6-30,Erlang,1592
2021-6-30,Assembly,1466
2021-6-30,Matlab,1228
2021-6-30,Pascal,1216
2021-6-30,Julia,1049
2021-6-30,TSQL,949
2021-6-30,Vala,865
2021-6-30,Jsonnet,853
2021-6-30,MATLAB,846
2021-6-30,Verilog,819
2021-6-30,Common Lisp,739
2021-6-30,PLpgSQL,720
2021-6-30,Crystal,629
2021-6-30,Markdown,615
2021-6-30,F#,610
2021-6-30,VimL,550
2021-6-30,Nim,548
2021-6-30,Fortran,538
2021-6-30,AutoHotkey,497
2021-6-30,Scheme,450
2021-6-30,Batchfile,420
2021-6-30,Cuda,412
2021-6-30,HCL,382
2021-6-30,Haxe,373
2021-6-30,Visual Basic,372
2021-6-30,Arduino,360
2021-6-30,QML,349
2021-6-30,GLSL,343
2021-6-30,D,342
2021-6-30,Awk,294
2021-6-30,GDScript,287
2021-6-30,XSLT,276
2021-6-30,VHDL,273
2021-6-30,OpenSCAD,269
2021-6-30,WebAssembly,266
2021-6-30,Elm,256
2021-6-30,Roff,254
2021-6-30,AutoIt,239
2021-6-30,Smali,229
2021-6-30,Gherkin,225
2021-6-30,ActionScript,218
2021-6-30,SystemVerilog,208
2021-6-30,Objective-C++,202
2021-6-30,YARA,196
2021-6-30,Processing,186
2021-6-30,PureScript,181
2021-6-30,Racket,179
2021-6-30,Coq,170
2021-6-30,SourcePawn,153
2021-6-30,Vim Snippet,145
2021-6-30,PLSQL,142
2021-6-30,Nix,134
2021-6-30,Tcl,134
2021-6-30,Smalltalk,120
2021-6-30,Apex,116
2021-6-30,Eagle,105
2021-6-30,Prolog,104
2021-6-30,Mathematica,102
2021-9-30,JavaScript,352842
2021-9-30,Python,263472
2021-9-30,Go,181524
2021-9-30,Java,144265
2021-9-30,C++,133918
2021-9-30,C,81092
2021-9-30,TypeScript,73856
2021-9-30,PHP,61079
2021-9-30,C#,58743
2021-9-30,Shell,41151
2021-9-30,Swift,32761
2021-9-30,Ruby,31147
2021-9-30,HTML,24482
2021-9-30,Jupyter Notebook,22808
2021-9-30,Rust,20600
2021-9-30,CSS,17674
2021-9-30,Kotlin,16647
2021-9-30,Objective-C,16348
2021-9-30,Dart,14519
2021-9-30,Vim script,8836
2021-9-30,Vue,8629
2021-9-30,Scala,8469
2021-9-30,Lua,5466
2021-9-30,PowerShell,5141
2021-9-30,Emacs Lisp,4830
2021-9-30,Perl,3682
2021-9-30,Clojure,3639
2021-9-30,CoffeeScript,3633
2021-9-30,TeX,3617
2021-9-30,Elixir,3588
2021-9-30,Dockerfile,3408
2021-9-30,Haskell,2718
2021-9-30,Groovy,2156
2021-9-30,OCaml,1737
2021-9-30,R,1705
2021-9-30,Makefile,1683
2021-9-30,CMake,1662
2021-9-30,VimL,1625
2021-9-30,Starlark,1535
2021-9-30,Erlang,1450
2021-9-30,Pascal,1155
2021-9-30,Assembly,1128
2021-9-30,Vala,982
2021-9-30,Matlab,940
2021-9-30,TSQL,909
2021-9-30,Julia,897
2021-9-30,Common Lisp,860
2021-9-30,HCL,778
2021-9-30,Nix,759
2021-9-30,Jsonnet,681
2021-9-30,MATLAB,668
2021-9-30,PLpgSQL,641
2021-9-30,Verilog,631
2021-9-30,F#,627
2021-9-30,Fortran,566
2021-9-30,Scheme,523
2021-9-30,Elm,519
2021-9-30,Batchfile,514
2021-9-30,Visual Basic,514
2021-9-30,Nim,507
2021-9-30,Markdown,464
2021-9-30,AutoHotkey,425
2021-9-30,Crystal,418
2021-9-30,Haxe,390
2021-9-30,Cuda,384
2021-9-30,GLSL,367
2021-9-30,QML,344
2021-9-30,Arduino,319
2021-9-30,SystemVerilog,304
2021-9-30,GDScript,290
2021-9-30,Awk,268
2021-9-30,XSLT,250
2021-9-30,WebAssembly,246
2021-9-30,D,243
2021-9-30,OpenSCAD,240
2021-9-30,YARA,232
2021-9-30,AutoIt,225
2021-9-30,PureScript,215
2021-9-30,Gherkin,212
2021-9-30,Racket,192
2021-9-30,Roff,189
2021-9-30,VHDL,188
2021-9-30,Smali,186
2021-9-30,ActionScript,176
2021-9-30,Tcl,173
2021-9-30,PLSQL,172
2021-9-30,Processing,170
2021-9-30,Objective-C++,147
2021-9-30,Vim Snippet,129
2021-9-30,Apex,128
2021-9-30,SourcePawn,128
2021-9-30,Smalltalk,127
2021-9-30,Coq,118
2021-9-30,Eagle,110
2021-12-30,JavaScript,261552
2021-12-30,Python,229940
2021-12-30,Go,159470
2021-12-30,Java,116297
2021-12-30,C++,108293
2021-12-30,TypeScript,89625
2021-12-30,C,67774
2021-12-30,PHP,55553
2021-12-30,C#,51864
2021-12-30,Shell,36931
2021-12-30,Ruby,27400
2021-12-30,Swift,27154
2021-12-30,HTML,20481
2021-12-30,Rust,19456
2021-12-30,Jupyter Notebook,17839
2021-12-30,Kotlin,14527
2021-12-30,Objective-C,13649
2021-12-30,CSS,10767
2021-12-30,Dart,7942
2021-12-30,Vue,7323
2021-12-30,Vim script,6811
2021-12-30,Scala,5279
2021-12-30,Lua,5226
2021-12-30,Dockerfile,4215
2021-12-30,Emacs Lisp,3883
2021-12-30,PowerShell,3711
2021-12-30,Perl,3624
2021-12-30,CoffeeScript,3091
2021-12-30,Elixir,2792
2021-12-30,TeX,2506
2021-12-30,Clojure,2468
2021-12-30,Haskell,2412
2021-12-30,Jinja,2032
2021-12-30,Groovy,1865
2021-12-30,Makefile,1766
2021-12-30,R,1541
2021-12-30,OCaml,1480
2021-12-30,Erlang,1475
2021-12-30,CMake,1352
2021-12-30,Starlark,1252
2021-12-30,Pascal,1108
2021-12-30,MATLAB,961
2021-12-30,Assembly,959
2021-12-30,Nix,915
2021-12-30,Matlab,891
2021-12-30,Common Lisp,871
2021-12-30,Julia,805
2021-12-30,Vala,758
2021-12-30,Verilog,735
2021-12-30,HCL,734
2021-12-30,Cuda,696
2021-12-30,CodeQL,624
2021-12-30,SCSS,608
2021-12-30,F#,570
2021-12-30,TSQL,542
2021-12-30,Jsonnet,532
2021-12-30,PLpgSQL,520
2021-12-30,GLSL,501
2021-12-30,Fortran,473
2021-12-30,Batchfile,468
2021-12-30,Nunjucks,462
2021-12-30,Nim,423
2021-12-30,Markdown,420
2021-12-30,AutoHotkey,393
2021-12-30,VimL,376
2021-12-30,Visual Basic,364
2021-12-30,Scheme,355
2021-12-30,Crystal,318
2021-12-30,Elm,316
2021-12-30,QML,289
2021-12-30,Arduino,285
2021-12-30,Haxe,284
2021-12-30,OpenSCAD,273
2021-12-30,Gherkin,263
2021-12-30,Awk,255
2021-12-30,D,236
2021-12-30,SystemVerilog,234
2021-12-30,VHDL,233
2021-12-30,WebAssembly,232
2021-12-30,AutoIt,221
2021-12-30,PureScript,214
2021-12-30,GDScript,213
2021-12-30,XSLT,210
2021-12-30,YARA,185
2021-12-30,Roff,184
2021-12-30,Sass,177
2021-12-30,Smalltalk,146
2021-12-30,Processing,145
2021-12-30,PostScript,135
2021-12-30,Lean,124
2021-12-30,Racket,122
2021-12-30,Tcl,119
2021-12-30,Objective-C++,116
2021-12-30,Standard ML,113
2021-12-30,ActionScript,111
2021-12-30,Vim Snippet,110
2021-12-30,SourcePawn,108
2022-3-30,JavaScript,308465
2022-3-30,Python,284699
2022-3-30,Go,196931
2022-3-30,Java,140784
2022-3-30,C++,136179
2022-3-30,TypeScript,116112
2022-3-30,C,86168
2022-3-30,C#,64349
2022-3-30,PHP,60387
2022-3-30,Shell,43436
2022-3-30,Rust,38406
2022-3-30,Ruby,36059
2022-3-30,Swift,32229
2022-3-30,Jupyter Notebook,25041
2022-3-30,HTML,24504
2022-3-30,Kotlin,21256
2022-3-30,Objective-C,14033
2022-3-30,Dart,11217
2022-3-30,CSS,10934
2022-3-30,Lua,7258
2022-3-30,Vim script,7086
2022-3-30,Vue,6899
2022-3-30,Scala,6090
2022-3-30,PowerShell,5913
2022-3-30,Emacs Lisp,4734
2022-3-30,Perl,4635
2022-3-30,Dockerfile,4307
2022-3-30,TeX,3264
2022-3-30,Elixir,3164
2022-3-30,Haskell,2715
2022-3-30,Clojure,2640
2022-3-30,CoffeeScript,2549
2022-3-30,SCSS,2243
2022-3-30,Makefile,2144
2022-3-30,Groovy,1891
2022-3-30,OCaml,1784
2022-3-30,Jinja,1766
2022-3-30,R,1565
2022-3-30,Starlark,1553
2022-3-30,CMake,1510
2022-3-30,Nunjucks,1505
2022-3-30,Pascal,1345
2022-3-30,Roff,1324
2022-3-30,Erlang,1233
2022-3-30,Assembly,1175
2022-3-30,Nix,1082
2022-3-30,Julia,1062
2022-3-30,Verilog,989
2022-3-30,Matlab,978
2022-3-30,Common Lisp,969
2022-3-30,Vala,947
2022-3-30,HCL,881
2022-3-30,MATLAB,846
2022-3-30,PLpgSQL,713
2022-3-30,GLSL,694
2022-3-30,Jsonnet,580
2022-3-30,Batchfile,580
2022-3-30,F#,556
2022-3-30,Nim,551
2022-3-30,CodeQL,523
2022-3-30,Haxe,497
2022-3-30,OpenSCAD,458
2022-3-30,Cuda,443
2022-3-30,Handlebars,430
2022-3-30,Markdown,419
2022-3-30,AutoHotkey,417
2022-3-30,VimL,414
2022-3-30,Scheme,410
2022-3-30,Cython,400
2022-3-30,Awk,399
2022-3-30,Crystal,382
2022-3-30,Visual Basic,370
2022-3-30,Fortran,361
2022-3-30,SystemVerilog,350
2022-3-30,ANTLR,349
2022-3-30,Arduino,344
2022-3-30,TSQL,326
2022-3-30,QML,302
2022-3-30,Elm,287
2022-3-30,D,283
2022-3-30,WebAssembly,281
2022-3-30,JSON,272
2022-3-30,XSLT,249
2022-3-30,Gherkin,248
2022-3-30,AutoIt,247
2022-3-30,GDScript,244
2022-3-30,Sass,244
2022-3-30,PureScript,231
2022-3-30,Pug,230
2022-3-30,YARA,219
2022-3-30,ShaderLab,205
2022-3-30,Smalltalk,203
2022-3-30,NSIS,196
2022-3-30,VHDL,192
2022-3-30,Processing,186
2022-3-30,PLSQL,179
2022-3-30,Tcl,177
2022-3-30,Racket,171
2022-3-30,Smali,156
2022-3-30,SourcePawn,155
2022-3-30,Svelte,148
2022-3-30,Objective-C++,146
2022-3-30,Vim Snippet,143
2022-3-30,Solidity,139
2022-3-30,Standard ML,138
2022-3-30,Riot,128
2022-3-30,Lean,113
2022-3-30,Blade,111
2022-3-30,Eagle,105
2022-3-30,SWIG,104
2022-3-30,Less,102
2022-3-30,Apex,100
2022-6-30,JavaScript,272659
2022-6-30,Python,270809
2022-6-30,Go,194997
2022-6-30,Java,136018
2022-6-30,C++,132086
2022-6-30,TypeScript,118525
2022-6-30,C,82970
2022-6-30,C#,58763
2022-6-30,PHP,58742
2022-6-30,Rust,39826
2022-6-30,Shell,39131
2022-6-30,Ruby,30163
2022-6-30,Swift,27815
2022-6-30,Kotlin,25058
2022-6-30,Jupyter Notebook,22461
2022-6-30,HTML,21795
2022-6-30,Objective-C,12915
2022-6-30,Dart,12779
2022-6-30,CSS,10125
2022-6-30,Lua,7181
2022-6-30,Vue,6049
2022-6-30,PowerShell,5634
2022-6-30,Scala,5509
2022-6-30,Perl,4068
2022-6-30,Dockerfile,4043
2022-6-30,Vim script,3812
2022-6-30,Emacs Lisp,3717
2022-6-30,Elixir,3360
2022-6-30,Haskell,2757
2022-6-30,Vim Script,2736
2022-6-30,Clojure,2567
2022-6-30,TeX,2552
2022-6-30,CoffeeScript,2390
2022-6-30,SCSS,2269
2022-6-30,Makefile,1935
2022-6-30,Starlark,1746
2022-6-30,Groovy,1699
2022-6-30,OCaml,1539
2022-6-30,Mathematica,1443
2022-6-30,R,1436
2022-6-30,Roff,1394
2022-6-30,Nunjucks,1289
2022-6-30,Pascal,1278
2022-6-30,CMake,1263
2022-6-30,Erlang,1211
2022-6-30,Assembly,1165
2022-6-30,Jinja,1143
2022-6-30,HCL,1030
2022-6-30,Matlab,1007
2022-6-30,Nix,997
2022-6-30,MATLAB,894
2022-6-30,Verilog,781
2022-6-30,Batchfile,775
2022-6-30,Common Lisp,734
2022-6-30,Julia,711
2022-6-30,Haxe,688
2022-6-30,GLSL,672
2022-6-30,Vala,655
2022-6-30,OpenSCAD,584
2022-6-30,Jsonnet,564
2022-6-30,Scheme,502
2022-6-30,AutoHotkey,499
2022-6-30,PLpgSQL,491
2022-6-30,F#,481
2022-6-30,Cython,456
2022-6-30,CodeQL,450
2022-6-30,Nim,435
2022-6-30,ANTLR,427
2022-6-30,Markdown,425
2022-6-30,Cuda,412
2022-6-30,VimL,391
2022-6-30,Visual Basic,379
2022-6-30,Handlebars,375
2022-6-30,Bicep,346
2022-6-30,SystemVerilog,332
2022-6-30,QML,330
2022-6-30,Fortran,321
2022-6-30,Crystal,304
2022-6-30,Awk,298
2022-6-30,Arduino,280
2022-6-30,D,260
2022-6-30,GDScript,257
2022-6-30,TSQL,255
2022-6-30,Elm,251
2022-6-30,WebAssembly,242
2022-6-30,Gherkin,234
2022-6-30,VHDL,225
2022-6-30,Racket,209
2022-6-30,XSLT,208
2022-6-30,YARA,197
2022-6-30,Sass,195
2022-6-30,JSON,191
2022-6-30,Pug,190
2022-6-30,Smalltalk,178
2022-6-30,Objective-C++,176
2022-6-30,Tcl,167
2022-6-30,PureScript,167
2022-6-30,AutoIt,164
2022-6-30,ShaderLab,158
2022-6-30,Less,150
2022-6-30,SourcePawn,141
2022-6-30,Smali,141
2022-6-30,Processing,136
2022-6-30,Riot,134
2022-6-30,Haml,128
2022-6-30,Vim Snippet,128
2022-6-30,Adblock Filter List,125
2022-6-30,ActionScript,123
2022-6-30,PLSQL,119
2022-6-30,Svelte,114
2022-6-30,LLVM,108
2022-6-30,Solidity,104
2022-6-30,PostScript,103
2022-6-30,Standard ML,100
2022-9-30,JavaScript,264706
2022-9-30,Python,257915
2022-9-30,Go,193505
2022-9-30,Java,129693
2022-9-30,C++,129030
2022-9-30,TypeScript,110993
2022-9-30,C,80897
2022-9-30,C#,59241
2022-9-30,PHP,56047
2022-9-30,Shell,38658
2022-9-30,Rust,37711
2022-9-30,Ruby,27923
2022-9-30,Swift,27090
2022-9-30,Jupyter Notebook,21921
2022-9-30,HTML,20503
2022-9-30,Kotlin,19759
2022-9-30,Objective-C,12054
2022-9-30,Dart,9392
2022-9-30,CSS,9221
2022-9-30,Lua,7002
2022-9-30,PowerShell,5598
2022-9-30,Scala,5508
2022-9-30,Vue,5479
2022-9-30,Perl,3957
2022-9-30,Dockerfile,3742
2022-9-30,Elixir,3619
2022-9-30,Vim script,3502
2022-9-30,Emacs Lisp,3149
2022-9-30,Vim Script,2816
2022-9-30,TeX,2480
2022-9-30,Haskell,2442
2022-9-30,CoffeeScript,2243
2022-9-30,Nunjucks,2130
2022-9-30,SCSS,2082
2022-9-30,Makefile,2067
2022-9-30,Clojure,1898
2022-9-30,Groovy,1687
2022-9-30,Starlark,1576
2022-9-30,OCaml,1498
2022-9-30,Pascal,1343
2022-9-30,R,1330
2022-9-30,Roff,1325
2022-9-30,CMake,1312
2022-9-30,Jinja,1190
2022-9-30,Erlang,1063
2022-9-30,Assembly,1049
2022-9-30,HCL,969
2022-9-30,Nix,941
2022-9-30,Matlab,829
2022-9-30,Common Lisp,803
2022-9-30,Verilog,784
2022-9-30,MATLAB,751
2022-9-30,Julia,720
2022-9-30,F#,683
2022-9-30,Vala,665
2022-9-30,Jsonnet,616
2022-9-30,GLSL,600
2022-9-30,Batchfile,516
2022-9-30,Handlebars,486
2022-9-30,PLpgSQL,479
2022-9-30,Cython,470
2022-9-30,Scheme,461
2022-9-30,Nim,444
2022-9-30,Markdown,440
2022-9-30,AutoHotkey,422
2022-9-30,VimL,401
2022-9-30,Cuda,387
2022-9-30,GDScript,359
2022-9-30,Haxe,355
2022-9-30,ANTLR,348
2022-9-30,Bicep,337
2022-9-30,Crystal,322
2022-9-30,CodeQL,319
2022-9-30,Fortran,302
2022-9-30,Visual Basic,295
2022-9-30,Sass,290
2022-9-30,Arduino,284
2022-9-30,OpenSCAD,281
2022-9-30,Awk,281
2022-9-30,WebAssembly,280
2022-9-30,QML,278
2022-9-30,TSQL,277
2022-9-30,D,248
2022-9-30,Gherkin,245
2022-9-30,SystemVerilog,240
2022-9-30,Elm,231
2022-9-30,AutoIt,207
2022-9-30,YARA,198
2022-9-30,XSLT,190
2022-9-30,Objective-C++,189
2022-9-30,VHDL,186
2022-9-30,Tcl,180
2022-9-30,ShaderLab,166
2022-9-30,Mathematica,163
2022-9-30,Pug,153
2022-9-30,JSON,153
2022-9-30,SourcePawn,143
2022-9-30,Racket,141
2022-9-30,Smali,137
2022-9-30,Processing,137
2022-9-30,Haml,136
2022-9-30,Smalltalk,129
2022-9-30,PureScript,126
2022-9-30,Vim Snippet,123
2022-9-30,Adblock Filter List,121
2022-9-30,Svelte,116
2022-9-30,Less,109
2022-9-30,Riot,108
2022-9-30,Solidity,107
2022-9-30,Standard ML,105
2022-9-30,Astro,105
2022-9-30,Lean,103
2022-12-30,Python,254768
2022-12-30,JavaScript,243061
2022-12-30,Go,180975
2022-12-30,C++,124485
2022-12-30,Java,117507
2022-12-30,TypeScript,106847
2022-12-30,C,79687
2022-12-30,C#,55803
2022-12-30,PHP,51318
2022-12-30,Rust,42750
2022-12-30,Shell,36599
2022-12-30,Jupyter Notebook,29915
2022-12-30,Ruby,26615
2022-12-30,Swift,24529
2022-12-30,HTML,20204
2022-12-30,Kotlin,19521
2022-12-30,Objective-C,10103
2022-12-30,CSS,8503
2022-12-30,Dart,8227
2022-12-30,Lua,6454
2022-12-30,Scala,4906
2022-12-30,Vue,4755
2022-12-30,PowerShell,4359
2022-12-30,Perl,3768
2022-12-30,Haskell,3408
2022-12-30,Vim Script,3137
2022-12-30,Dockerfile,3082
2022-12-30,Emacs Lisp,2983
2022-12-30,Elixir,2780
2022-12-30,SCSS,2627
2022-12-30,TeX,2265
2022-12-30,Vim script,2227
2022-12-30,Clojure,2135
2022-12-30,CoffeeScript,2105
2022-12-30,Makefile,1568
2022-12-30,OCaml,1521
2022-12-30,Groovy,1493
2022-12-30,R,1346
2022-12-30,Pascal,1312
2022-12-30,Roff,1279
2022-12-30,Starlark,1260
2022-12-30,HCL,1192
2022-12-30,CMake,1155
2022-12-30,Erlang,1103
2022-12-30,Jinja,1059
2022-12-30,Nunjucks,1008
2022-12-30,Assembly,1000
2022-12-30,Nix,952
2022-12-30,Matlab,862
2022-12-30,MATLAB,817
2022-12-30,Common Lisp,739
2022-12-30,Verilog,712
2022-12-30,Julia,680
2022-12-30,Nim,626
2022-12-30,YARA,560
2022-12-30,Batchfile,517
2022-12-30,GLSL,512
2022-12-30,Vala,509
2022-12-30,Cython,493
2022-12-30,F#,484
2022-12-30,Jsonnet,481
2022-12-30,PLpgSQL,476
2022-12-30,Markdown,405
2022-12-30,Handlebars,390
2022-12-30,AutoHotkey,386
2022-12-30,CodeQL,379
2022-12-30,Crystal,375
2022-12-30,SystemVerilog,361
2022-12-30,Cuda,356
2022-12-30,Scheme,345
2022-12-30,VimL,332
2022-12-30,OpenSCAD,325
2022-12-30,Bicep,321
2022-12-30,Haxe,315
2022-12-30,ANTLR,310
2022-12-30,Fortran,286
2022-12-30,Awk,279
2022-12-30,Arduino,279
2022-12-30,GDScript,275
2022-12-30,QML,253
2022-12-30,Elm,231
2022-12-30,Gherkin,229
2022-12-30,Visual Basic,228
2022-12-30,WebAssembly,225
2022-12-30,D,221
2022-12-30,Sass,217
2022-12-30,AutoIt,216
2022-12-30,XSLT,215
2022-12-30,VHDL,201
2022-12-30,TSQL,197
2022-12-30,Objective-C++,196
2022-12-30,PureScript,181
2022-12-30,Tcl,166
2022-12-30,Smalltalk,162
2022-12-30,SourcePawn,149
2022-12-30,Adblock Filter List,144
2022-12-30,Smali,139
2022-12-30,ShaderLab,137
2022-12-30,JSON,136
2022-12-30,Svelte,125
2023-3-30,Python,273447
2023-3-30,JavaScript,251883
2023-3-30,Go,183744
2023-3-30,C++,135871
2023-3-30,Java,121745
2023-3-30,TypeScript,111288
2023-3-30,C,82565
2023-3-30,C#,61510
2023-3-30,PHP,55171
2023-3-30,Rust,41129
2023-3-30,Shell,37074
2023-3-30,Jupyter Notebook,32210
2023-3-30,Ruby,28974
2023-3-30,HTML,25462
2023-3-30,Swift,25046
2023-3-30,Kotlin,19514
2023-3-30,Objective-C,13674
2023-3-30,Dart,10228
2023-3-30,CSS,9662
2023-3-30,Lua,6570
2023-3-30,Scala,5135
2023-3-30,Vue,4859
2023-3-30,PowerShell,4737
2023-3-30,Perl,4300
2023-3-30,Dockerfile,3859
2023-3-30,Haskell,3610
2023-3-30,Emacs Lisp,3231
2023-3-30,TeX,3075
2023-3-30,Vim Script,2933
2023-3-30,Elixir,2931
2023-3-30,SCSS,2754
2023-3-30,Clojure,2283
2023-3-30,CoffeeScript,2165
2023-3-30,Vim script,2138
2023-3-30,Makefile,1603
2023-3-30,OCaml,1597
2023-3-30,Groovy,1554
2023-3-30,Starlark,1548
2023-3-30,R,1496
2023-3-30,Roff,1448
2023-3-30,HCL,1263
2023-3-30,Pascal,1210
2023-3-30,CMake,1170
2023-3-30,Erlang,1167
2023-3-30,Nunjucks,1136
2023-3-30,Nix,1070
2023-3-30,Jinja,1056
2023-3-30,Assembly,1050
2023-3-30,Awk,1022
2023-3-30,MATLAB,862
2023-3-30,Matlab,849
2023-3-30,Verilog,764
2023-3-30,Julia,746
2023-3-30,Common Lisp,708
2023-3-30,GLSL,624
2023-3-30,PLpgSQL,587
2023-3-30,Vala,552
2023-3-30,Batchfile,542
2023-3-30,Jsonnet,536
2023-3-30,Nim,507
2023-3-30,Cython,455
2023-3-30,Markdown,451
2023-3-30,Cuda,437
2023-3-30,F#,419
2023-3-30,Scheme,409
2023-3-30,ANTLR,388
2023-3-30,AutoHotkey,376
2023-3-30,Handlebars,369
2023-3-30,GDScript,349
2023-3-30,CodeQL,336
2023-3-30,Fortran,334
2023-3-30,Arduino,332
2023-3-30,Haxe,321
2023-3-30,VimL,308
2023-3-30,Crystal,303
2023-3-30,Visual Basic,298
2023-3-30,Bicep,297
2023-3-30,QML,294
2023-3-30,TSQL,287
2023-3-30,OpenSCAD,275
2023-3-30,Gherkin,247
2023-3-30,PureScript,240
2023-3-30,XSLT,239
2023-3-30,WebAssembly,238
2023-3-30,YARA,234
2023-3-30,Elm,218
2023-3-30,SystemVerilog,216
2023-3-30,D,212
2023-3-30,AutoIt,204
2023-3-30,Tcl,192
2023-3-30,Objective-C++,183
2023-3-30,Smalltalk,176
2023-3-30,VHDL,175
2023-3-30,Sass,166
2023-3-30,Smali,154
2023-3-30,Mathematica,153
2023-3-30,Adblock Filter List,145
2023-3-30,Processing,135
2023-3-30,SourcePawn,129
2023-3-30,Riot,126
2023-6-30,Python,263058
2023-6-30,JavaScript,230618
2023-6-30,Go,172798
2023-6-30,C++,131719
2023-6-30,Java,116993
2023-6-30,TypeScript,108292
2023-6-30,C,80516
2023-6-30,C#,56975
2023-6-30,PHP,48571
2023-6-30,Rust,35662
2023-6-30,Shell,33733
2023-6-30,Jupyter Notebook,30732
2023-6-30,Ruby,24911
2023-6-30,Swift,24905
2023-6-30,HTML,19850
2023-6-30,Kotlin,18101
2023-6-30,Objective-C,11051
2023-6-30,Dart,8704
2023-6-30,CSS,8215
2023-6-30,Lua,6340
2023-6-30,Scala,5186
2023-6-30,Vue,4693
2023-6-30,PowerShell,4175
2023-6-30,Perl,3552
2023-6-30,Haskell,3111
2023-6-30,Dockerfile,2822
2023-6-30,Emacs Lisp,2756
2023-6-30,Elixir,2716
2023-6-30,SCSS,2636
2023-6-30,Vim Script,2506
2023-6-30,TeX,2439
2023-6-30,CoffeeScript,1958
2023-6-30,Clojure,1701
2023-6-30,OCaml,1646
2023-6-30,Vim script,1635
2023-6-30,Makefile,1579
2023-6-30,Groovy,1414
2023-6-30,Roff,1347
2023-6-30,R,1277
2023-6-30,Starlark,1269
2023-6-30,Pascal,1231
2023-6-30,Nix,1066
2023-6-30,Erlang,1047
2023-6-30,Jinja,1044
2023-6-30,HCL,1027
2023-6-30,Matlab,973
2023-6-30,Nunjucks,966
2023-6-30,Assembly,930
2023-6-30,MATLAB,906
2023-6-30,CMake,905
2023-6-30,Verilog,859
2023-6-30,Common Lisp,804
2023-6-30,GLSL,699
2023-6-30,Julia,601
2023-6-30,Batchfile,575
2023-6-30,Vala,487
2023-6-30,Markdown,485
2023-6-30,Jsonnet,475
2023-6-30,GDScript,454
2023-6-30,Cuda,451
2023-6-30,PLpgSQL,433
2023-6-30,Cython,418
2023-6-30,F#,398
2023-6-30,Nim,385
2023-6-30,AutoHotkey,358
2023-6-30,Handlebars,351
2023-6-30,Scheme,327
2023-6-30,ANTLR,320
2023-6-30,Fortran,315
2023-6-30,Visual Basic,306
2023-6-30,Awk,298
2023-6-30,Crystal,290
2023-6-30,CodeQL,290
2023-6-30,Haxe,287
2023-6-30,Bicep,276
2023-6-30,SystemVerilog,267
2023-6-30,Arduino,257
2023-6-30,VimL,247
2023-6-30,Smali,241
2023-6-30,QML,239
2023-6-30,WebAssembly,231
2023-6-30,OpenSCAD,230
2023-6-30,Gherkin,216
2023-6-30,AutoIt,209
2023-6-30,D,196
2023-6-30,TSQL,196
2023-6-30,Elm,194
2023-6-30,VHDL,188
2023-6-30,XSLT,183
2023-6-30,PureScript,181
2023-6-30,YARA,176
2023-6-30,Objective-C++,175
2023-6-30,Sass,175
2023-6-30,Adblock Filter List,170
2023-6-30,Tcl,156
2023-6-30,Riot,142
2023-6-30,Haml,128
2023-6-30,ShaderLab,128
2023-6-30,SourcePawn,128
2023-6-30,Processing,127
2023-9-30,Python,244632
2023-9-30,JavaScript,214245
2023-9-30,Go,165324
2023-9-30,C++,134683
2023-9-30,Java,114907
2023-9-30,TypeScript,95564
2023-9-30,C,79554
2023-9-30,C#,55518
2023-9-30,PHP,45735
2023-9-30,Rust,35285
2023-9-30,Shell,31047
2023-9-30,Jupyter Notebook,23761
2023-9-30,Ruby,23546
2023-9-30,Swift,23105
2023-9-30,Kotlin,17666
2023-9-30,HTML,17455
2023-9-30,Objective-C,9357
2023-9-30,Dart,7406
2023-9-30,CSS,7019
2023-9-30,Lua,5536
2023-9-30,Scala,4336
2023-9-30,PowerShell,4110
2023-9-30,Vue,3914
2023-9-30,Perl,3606
2023-9-30,Elixir,3224
2023-9-30,Haskell,2748
2023-9-30,SCSS,2713
2023-9-30,Dockerfile,2654
2023-9-30,Emacs Lisp,2594
2023-9-30,Vim Script,2335
2023-9-30,TeX,2212
2023-9-30,CoffeeScript,1781
2023-9-30,OCaml,1568
2023-9-30,Vim script,1532
2023-9-30,Groovy,1453
2023-9-30,Clojure,1375
2023-9-30,Roff,1327
2023-9-30,Makefile,1284
2023-9-30,Pascal,1242
2023-9-30,Starlark,1228
2023-9-30,R,1218
2023-9-30,Nix,1203
2023-9-30,CMake,1124
2023-9-30,Assembly,1079
2023-9-30,Erlang,938
2023-9-30,Jinja,921
2023-9-30,HCL,896
2023-9-30,Nunjucks,885
2023-9-30,Matlab,857
2023-9-30,Verilog,850
2023-9-30,GDScript,826
2023-9-30,MATLAB,779
2023-9-30,Common Lisp,764
2023-9-30,GLSL,602
2023-9-30,Julia,588
2023-9-30,Jsonnet,526
2023-9-30,Batchfile,501
2023-9-30,AutoHotkey,486
2023-9-30,Cython,468
2023-9-30,Cuda,446
2023-9-30,Vala,436
2023-9-30,Haxe,406
2023-9-30,Nim,403
2023-9-30,PLpgSQL,358
2023-9-30,F#,356
2023-9-30,Scheme,351
2023-9-30,Markdown,320
2023-9-30,ANTLR,308
2023-9-30,Arduino,287
2023-9-30,CodeQL,273
2023-9-30,Awk,269
2023-9-30,Fortran,268
2023-9-30,Visual Basic,255
2023-9-30,Gherkin,246
2023-9-30,Handlebars,245
2023-9-30,WebAssembly,244
2023-9-30,VimL,243
2023-9-30,QML,229
2023-9-30,SystemVerilog,221
2023-9-30,OpenSCAD,218
2023-9-30,Smali,207
2023-9-30,Crystal,204
2023-9-30,TSQL,197
2023-9-30,YARA,195
2023-9-30,XSLT,190
2023-9-30,VHDL,188
2023-9-30,Bicep,184
2023-9-30,AutoIt,180
2023-9-30,Adblock Filter List,179
2023-9-30,Elm,173
2023-9-30,Sass,168
2023-9-30,Objective-C++,167
2023-9-30,D,164
2023-9-30,Tcl,161
2023-9-30,ShaderLab,128
2023-9-30,Riot,123
2023-9-30,Pug,111
2023-9-30,SWIG,109
2023-9-30,Mathematica,109
2023-9-30,PureScript,101
