date,1C Enterprise,ABAP,AGS Script,ANTLR,ASP,ActionScript,Ada,Adblock Filter List,ApacheConf,Apex,AppleScript,Arduino,Assembly,Astro,AutoHotkey,AutoIt,Awk,Batchfile,Bicep,Bison,BitBake,Blade,Bro,C,C#,C++,CMake,COBOL,CSS,Clojure,CodeQL,CoffeeScript,ColdFusion,Common Lisp,Coq,Crystal,Cucumber,Cuda,Cython,D,DCPU-16 ASM,DIGITAL Command Language,DM,Dart,Dockerfile,Eagle,Elixir,Elm,Emacs Lisp,Erlang,F#,F*,FORTRAN,Factor,Forth,Fortran,FreeMarker,GCC Machine Description,GDScript,GLSL,Gettext Catalog,Gherkin,Go,Groff,Groovy,HCL,HLSL,HTML,Hack,Haml,Handlebars,Haskell,Haxe,Hy,IDL,Idris,Inno Setup,JSON,Java,JavaScript,Jinja,Jsonnet,Julia,Jupyter Notebook,KiCad,Kotlin,LLVM,Lean,Less,Lex,Limbo,Liquid,LiveScript,Logos,Lua,M4,MATLAB,MLIR,Makefile,Markdown,Mathematica,Matlab,Max,NSIS,Nemerle,Nginx,Nim,Nimrod,Nix,Nunjucks,OCaml,Objective-C,Objective-C++,Objective-J,OpenEdge ABL,OpenSCAD,PHP,PLSQL,PLpgSQL,POV-Ray SDL,Pascal,Perl,Perl 6,Perl6,PigLatin,Pony,PostScript,PowerShell,Processing,Prolog,Protocol Buffer,Pug,Puppet,Pure Data,PureScript,Python,QML,R,Racket,Ragel in Ruby Host,Rascal,Red,Rich Text Format,Riot,Roff,Ruby,Rust,SCSS,SQF,SQLPL,SWIG,SaltStack,Sass,Scala,Scheme,ShaderLab,Shell,Smali,Smalltalk,Smarty,Solidity,SourcePawn,Stan,Standard ML,Starlark,SuperCollider,Svelte,Swift,SystemVerilog,TSQL,Tcl,TeX,Thrift,TypeScript,VHDL,Vala,Verilog,Vim Script,Vim Snippet,Vim script,VimL,Visual Basic,Vue,Web Ontology Language,WebAssembly,XML,XSLT,Xtend,YARA,Yacc,wisp
2012-06-30,,,122.0,,,866.0,,,273.0,,,,104.0,,,,,,,,,,,16515.0,5393.0,13109.0,,,7019.0,2306.0,,5203.0,,470.0,,,,,,220.0,141.0,,,118.0,,,,,951.0,2613.0,,,,,,,,,,,,,2222.0,,714.0,,,11170.0,,,,2252.0,253.0,,,,,,17465.0,118009.0,,,,,,,,,,,,,192.0,,792.0,,,,121.0,,,173.0,,,,,,,,,299.0,29909.0,,174.0,,,22882.0,,,,,1571.0,,,,,,305.0,,,,,157.0,,,42212.0,,,,,,,,,,67773.0,,,,,,,,4069.0,,,7051.0,,,,,,,,,,,129.0,,,,,,517.0,,,,,,,2064.0,,,,,,158.0,,,,
2012-09-30,,,,,,671.0,,,291.0,,,,122.0,,,,,,,,,,,16757.0,5233.0,11277.0,,,8503.0,2086.0,,6238.0,,312.0,,,,,,138.0,,,,108.0,,,,,1106.0,2334.0,137.0,,,,,,,,,,,,4936.0,,535.0,,,11049.0,,,,2039.0,280.0,,,,,,19858.0,121938.0,,,,,,,,,,,,,168.0,,790.0,,,,203.0,,,,,,,,,,,,343.0,36059.0,4626.0,178.0,,,22819.0,,,,,1434.0,,,,,,236.0,,,,,213.0,,,42584.0,,,,,,,,,,65990.0,,,,,,,,3438.0,,,7757.0,,,,,,,,,,,139.0,,,,,,238.0,,,,,,,1939.0,,,,,,170.0,,,,
2012-12-30,,,,,,682.0,,,346.0,,,,112.0,,,,,,,,,,,17832.0,5431.0,12540.0,,,7615.0,2137.0,,6576.0,,348.0,,,,,,106.0,,,,165.0,,,,,1315.0,2393.0,200.0,,,,,,,,,,,,7009.0,,483.0,,,12242.0,,,,2146.0,256.0,,,,,,24199.0,142545.0,,,,,121.0,,,,,,,,121.0,,933.0,,,,191.0,,,196.0,,,,,,,,,435.0,41837.0,1246.0,135.0,,,24699.0,,,,,1484.0,,,,,,272.0,,,,,210.0,,,48940.0,,136.0,,,,,,,,77908.0,,,,,,,,3773.0,,,7293.0,,,,,,,,,,,151.0,,,,,,1062.0,,,,,,,2602.0,,,,,,133.0,,,,
2013-03-30,,,,,,769.0,,,369.0,,117.0,,266.0,,,,,,,,,,,26575.0,7503.0,17545.0,,,17279.0,2937.0,,10236.0,,473.0,,,,,,129.0,,,,264.0,,,,,1498.0,3177.0,326.0,,,,,,,,,,,,9305.0,,666.0,,,23378.0,,,,3193.0,410.0,,,,,,36036.0,203515.0,,,129.0,607.0,,,,,,,,,126.0,,1246.0,,,,352.0,,,255.0,,,,,,,,,516.0,64508.0,1051.0,229.0,,,36337.0,,,,,1825.0,,,,,,418.0,,,,,299.0,,,71718.0,,300.0,,,,,,,,103643.0,247.0,,,,,,,4890.0,176.0,,10463.0,,,,,,,,,,,223.0,,,,480.0,,863.0,,,,,,,3300.0,,,,,,193.0,,,,
2013-06-30,,,,,,786.0,,,342.0,,128.0,,894.0,,,,,,,,,,,27119.0,8351.0,19741.0,,,18035.0,3020.0,,10546.0,,1058.0,,,,305.0,,127.0,,,,499.0,,112.0,113.0,,1790.0,2740.0,570.0,,,,,,,,,,,,13565.0,,904.0,,,31165.0,,,,3191.0,675.0,,,,,,44529.0,219265.0,,,150.0,2486.0,,,,,,,,,149.0,,1356.0,,,,354.0,,,445.0,,,,,,,,,597.0,67716.0,496.0,148.0,,,39863.0,,,,,1661.0,,,,,,440.0,,,,,414.0,,,75521.0,,204.0,,,,,,,,102633.0,232.0,,,,,,,5856.0,222.0,,12503.0,,,,,,,,,,,1134.0,,,,201.0,,2724.0,131.0,554.0,,,,,6120.0,,,,,,163.0,,,151.0,196.0
2013-09-30,,,,,,936.0,,,361.0,,,181.0,533.0,,,,,,,,,,,38215.0,10485.0,22458.0,,,32202.0,3927.0,,13058.0,,753.0,,,,,,208.0,,,,445.0,,,410.0,,1840.0,3771.0,290.0,,,,,,,,,,,,24675.0,,1012.0,,,29058.0,,,,3962.0,697.0,,,,,,45985.0,278039.0,,,315.0,1264.0,159.0,,,,,,,,293.0,,1655.0,,,,450.0,,,377.0,,,,1407.0,,,,,858.0,75149.0,541.0,144.0,,,50150.0,,171.0,,134.0,3571.0,,117.0,,,,568.0,101.0,115.0,,,571.0,,,89361.0,,265.0,,,,,,,,103283.0,662.0,,,,,,,8461.0,1091.0,,16694.0,,,,,,,,,,,556.0,,,,482.0,,1906.0,,2348.0,,,,,6871.0,,,,,,263.0,,,,
2013-12-30,,,,,,811.0,,,916.0,,100.0,209.0,580.0,,,,,,,,,,,45553.0,13717.0,32250.0,,,40209.0,4549.0,,18458.0,,764.0,,,,,,323.0,,,,960.0,,107.0,323.0,,2591.0,2950.0,656.0,,,,,,,,,,,,34306.0,129.0,1283.0,,,35742.0,,,,4776.0,662.0,,,,,,63821.0,315487.0,,,468.0,828.0,,122.0,,,,,,,636.0,,2637.0,,,,455.0,,,572.0,,,,2012.0,,,,,914.0,107917.0,598.0,111.0,,,54322.0,,,,144.0,2574.0,,,,,,1005.0,,199.0,,,689.0,,,102029.0,,363.0,,,,,,,,103190.0,726.0,,,,,,,14851.0,395.0,,19239.0,,,160.0,,,,,,,,2697.0,,,,406.0,,5459.0,,874.0,117.0,,,,5677.0,109.0,,,,,262.0,,,,
2014-03-30,,,,,,843.0,,,568.0,139.0,126.0,415.0,1338.0,,,,,,,,,,,51782.0,16403.0,42085.0,122.0,,58902.0,12165.0,,25057.0,101.0,1051.0,,,,,,368.0,,,,1211.0,,213.0,861.0,,2564.0,4111.0,789.0,,116.0,,,,,,,,,,46607.0,136.0,1862.0,,,54859.0,121.0,,,5237.0,1063.0,,,107.0,,,83283.0,390658.0,,,707.0,1191.0,226.0,169.0,,,,,,140.0,649.0,,3140.0,,,,1494.0,,,704.0,,,,274.0,,,,,1141.0,134034.0,708.0,120.0,,104.0,69068.0,,204.0,100.0,150.0,3445.0,,,,,,828.0,160.0,,,,680.0,,,130381.0,,520.0,140.0,,,102.0,,,,122440.0,1248.0,,,,,,,12172.0,489.0,,22788.0,,,,,,,,,,,2350.0,,,,790.0,,5066.0,,663.0,109.0,,,,7403.0,138.0,,,,,320.0,,,,106.0
2014-06-30,,,,,,1406.0,,,613.0,178.0,169.0,255.0,781.0,,106.0,,,,,,,,,51184.0,19885.0,42825.0,119.0,,55899.0,8378.0,,25215.0,,823.0,,,,,,539.0,,,,925.0,,176.0,888.0,154.0,2778.0,3837.0,996.0,,136.0,,,,,,,,,,63824.0,108.0,2258.0,,,57558.0,,,,9207.0,1099.0,,,194.0,,,97999.0,440844.0,,,741.0,1524.0,202.0,316.0,,,,,,117.0,385.0,,2922.0,,,,1338.0,,,735.0,,124.0,296.0,285.0,,,,,1252.0,139245.0,8052.0,107.0,,101.0,69028.0,,186.0,101.0,188.0,2905.0,,,749.0,,,1013.0,180.0,,,,707.0,,,132622.0,,885.0,175.0,,,,,,,130646.0,2737.0,,,,,,,11680.0,374.0,,24176.0,,,140.0,,,,,,,,19754.0,,,,1201.0,,9035.0,,646.0,,,,,6876.0,124.0,,,,345.0,281.0,,,,
2014-09-30,,,,,,1061.0,,,649.0,186.0,138.0,423.0,1298.0,,146.0,,,,,,,,,62185.0,23733.0,47357.0,126.0,,50407.0,9066.0,,24013.0,,1298.0,,,102.0,333.0,,524.0,,,,1908.0,,210.0,1736.0,279.0,3204.0,3631.0,962.0,,137.0,,,,,,,,,,79639.0,104.0,2540.0,,,66664.0,,,,8076.0,1373.0,,,152.0,130.0,,127240.0,479837.0,,,1193.0,2577.0,289.0,360.0,,,,,,,311.0,115.0,3927.0,,,,1985.0,,,775.0,,,,322.0,,,,,1823.0,133152.0,1499.0,,,102.0,78278.0,,196.0,,296.0,3300.0,,,,,,1382.0,238.0,,287.0,,677.0,,195.0,153781.0,129.0,1305.0,203.0,,,,,,,132156.0,4459.0,,,,,,,12740.0,425.0,,37082.0,,,,,,,,,,,32504.0,,,104.0,1446.0,,13603.0,247.0,752.0,,,,,7136.0,162.0,,,,132.0,325.0,,,,
2014-12-30,,,,,,898.0,,,903.0,203.0,209.0,803.0,658.0,,153.0,,,,,,,,,77650.0,29936.0,59974.0,125.0,,65455.0,10355.0,,23650.0,,1136.0,,,106.0,179.0,,487.0,,,,1373.0,,350.0,1977.0,313.0,3876.0,4125.0,1146.0,,175.0,,,,,121.0,,,,,88192.0,140.0,2791.0,,,56729.0,117.0,,,7242.0,1687.0,,383.0,,144.0,,161691.0,558595.0,,,1481.0,1779.0,207.0,746.0,,,,,,,304.0,106.0,4536.0,,,,2321.0,,,1003.0,,,,440.0,,,,,4888.0,132670.0,1641.0,,125.0,104.0,90343.0,,216.0,107.0,240.0,3445.0,,,,,,1351.0,231.0,104.0,142.0,,604.0,,298.0,163258.0,151.0,1333.0,231.0,,,,,,,120126.0,8994.0,,,,,,,13435.0,533.0,,37855.0,,,,,,,279.0,,,,38426.0,,,116.0,1460.0,,9563.0,,652.0,124.0,,,,8666.0,216.0,,,,120.0,449.0,,,,105.0
2015-03-30,,,,,,982.0,,,1382.0,204.0,200.0,936.0,807.0,,175.0,,127.0,160.0,,144.0,,,,92882.0,46796.0,74287.0,249.0,,66394.0,11801.0,,30927.0,120.0,1925.0,239.0,,128.0,294.0,,573.0,,,,1368.0,,469.0,2071.0,321.0,4369.0,4498.0,1432.0,,270.0,,106.0,,,263.0,,597.0,,,126478.0,291.0,3905.0,,,63827.0,238.0,,102.0,13312.0,1161.0,,214.0,105.0,191.0,,225827.0,673116.0,,,1444.0,3997.0,334.0,1238.0,,,,,,,339.0,194.0,6487.0,,,,2866.0,,,1182.0,,100.0,,537.0,,464.0,,,2507.0,161002.0,3352.0,,,186.0,113406.0,,332.0,138.0,506.0,4076.0,,156.0,,,,1829.0,265.0,101.0,154.0,,841.0,,273.0,204806.0,420.0,3059.0,220.0,,,,,,,141317.0,10421.0,,,,,,,20024.0,605.0,,49658.0,,103.0,118.0,,,,100.0,,,,63268.0,,,142.0,1497.0,,12503.0,,948.0,134.0,,,,10005.0,333.0,,161.0,,183.0,362.0,,,,
2015-06-30,,,,,,998.0,,,1809.0,231.0,184.0,801.0,1358.0,,293.0,164.0,153.0,364.0,,,,,,96810.0,45718.0,90164.0,338.0,,64214.0,12584.0,,29393.0,,1097.0,131.0,385.0,172.0,591.0,,507.0,,,,1534.0,,593.0,3741.0,406.0,4370.0,5612.0,1226.0,,340.0,,,,228.0,116.0,107.0,353.0,,,135076.0,1637.0,4876.0,414.0,,76392.0,147.0,,134.0,13544.0,1696.0,,284.0,,230.0,,270871.0,716585.0,,,1857.0,3416.0,311.0,2768.0,,,,,,,371.0,113.0,12184.0,,,,2849.0,,,1476.0,,116.0,,646.0,,775.0,105.0,,6455.0,186927.0,2496.0,,,165.0,114566.0,136.0,531.0,179.0,648.0,4136.0,,103.0,,,,2062.0,308.0,150.0,147.0,,732.0,,535.0,233227.0,699.0,2150.0,290.0,204.0,,,,,,132646.0,12806.0,,104.0,,,,,18917.0,503.0,,51759.0,,,260.0,,,,137.0,,,,90169.0,,,238.0,2213.0,,16143.0,146.0,904.0,177.0,,,,10366.0,360.0,,133.0,,149.0,484.0,,,,
2015-09-30,,,,118.0,,923.0,,,5528.0,240.0,1582.0,906.0,1196.0,,243.0,,150.0,400.0,,,,,100.0,105483.0,51457.0,96648.0,491.0,290.0,66040.0,13961.0,,26849.0,132.0,1368.0,324.0,537.0,187.0,317.0,,591.0,,,,1035.0,,533.0,5204.0,674.0,4961.0,5503.0,1409.0,,346.0,,,,107.0,152.0,148.0,329.0,,,145737.0,465.0,4676.0,195.0,,93275.0,396.0,,113.0,14740.0,1281.0,,358.0,,119.0,,311645.0,769996.0,,,2114.0,5685.0,387.0,1606.0,,,,,,,751.0,164.0,13078.0,,,,3033.0,,125.0,1466.0,,124.0,,747.0,,325.0,,,3567.0,197204.0,6812.0,,117.0,247.0,117109.0,191.0,588.0,155.0,696.0,4473.0,,177.0,,,,3637.0,276.0,,294.0,,679.0,,447.0,264938.0,935.0,2286.0,328.0,,,,,,,130571.0,13258.0,,,,,,,22199.0,734.0,,62967.0,,,159.0,,144.0,,211.0,,331.0,,114330.0,,,200.0,2184.0,286.0,21032.0,197.0,609.0,320.0,,,,11100.0,488.0,,168.0,,148.0,447.0,,,,
2015-12-30,,,,,,1053.0,,,2844.0,292.0,367.0,1155.0,1700.0,,260.0,,163.0,470.0,,,,,,111590.0,58674.0,155002.0,532.0,,74171.0,15483.0,,39055.0,127.0,1721.0,258.0,1205.0,327.0,430.0,,593.0,,198.0,,1066.0,,519.0,7976.0,1337.0,5309.0,6638.0,1868.0,,477.0,,,,,3565.0,126.0,278.0,,,155073.0,461.0,5943.0,295.0,,97734.0,146.0,,,13636.0,1180.0,,368.0,,,,354716.0,927179.0,,,2668.0,7234.0,509.0,2716.0,,,,,100.0,,617.0,352.0,12486.0,108.0,,,3584.0,,176.0,2427.0,,142.0,,710.0,,364.0,,,4279.0,206422.0,2692.0,,,283.0,138731.0,146.0,651.0,165.0,741.0,5571.0,,508.0,,,106.0,3793.0,473.0,146.0,312.0,,778.0,,538.0,288917.0,1002.0,2578.0,294.0,,,,,,,145487.0,17409.0,,,178.0,,109.0,,23091.0,733.0,,64705.0,,,209.0,,142.0,,142.0,,,,156999.0,,,154.0,4081.0,158.0,22431.0,189.0,780.0,245.0,,,,12280.0,615.0,212.0,146.0,,,2735.0,,,,
2016-03-30,,,,,,1010.0,,,4033.0,284.0,385.0,1357.0,1441.0,,311.0,145.0,1433.0,732.0,,,,,,125723.0,66663.0,141372.0,877.0,,104927.0,14635.0,,29975.0,138.0,2156.0,202.0,1487.0,207.0,2838.0,,789.0,,,,1102.0,,621.0,9700.0,2720.0,5237.0,7589.0,1786.0,,577.0,,,,,1507.0,254.0,507.0,,,193314.0,440.0,6525.0,380.0,,98202.0,117.0,,,15527.0,1300.0,,447.0,,,,372318.0,1038895.0,,,2839.0,8102.0,604.0,5385.0,,,,,,,416.0,159.0,18447.0,106.0,,,3541.0,,133.0,2074.0,,160.0,,880.0,,382.0,,,4823.0,190049.0,2644.0,,,298.0,143522.0,205.0,558.0,228.0,978.0,7857.0,,319.0,,,,4044.0,373.0,137.0,326.0,,736.0,,958.0,345664.0,978.0,3074.0,435.0,,,185.0,,,,143412.0,24747.0,,,,,,,23130.0,1154.0,,86009.0,,,265.0,,157.0,,323.0,,,,187539.0,,,150.0,2885.0,,34815.0,375.0,768.0,396.0,,,,23102.0,835.0,578.0,133.0,,,1670.0,112.0,,,
2016-06-30,113.0,,,,,990.0,,,1908.0,302.0,390.0,1364.0,1800.0,,628.0,,318.0,618.0,,,,,,133202.0,70236.0,149086.0,830.0,,77213.0,11909.0,,28081.0,124.0,1936.0,218.0,1324.0,194.0,645.0,,910.0,,964.0,,1203.0,,1381.0,10235.0,2433.0,5468.0,6216.0,1773.0,,700.0,,,,358.0,2574.0,271.0,587.0,,,190723.0,350.0,6094.0,467.0,,104195.0,119.0,,,13646.0,887.0,,472.0,,,,397196.0,1020398.0,,,2683.0,21029.0,616.0,4458.0,,,,,,,407.0,101.0,16660.0,,,,3520.0,,100.0,2383.0,,110.0,,733.0,,412.0,,,5809.0,175555.0,4055.0,,128.0,240.0,134411.0,417.0,656.0,226.0,1116.0,7062.0,,196.0,,102.0,127.0,4305.0,403.0,131.0,370.0,,674.0,,539.0,338792.0,664.0,4191.0,260.0,,,100.0,,,,125183.0,27811.0,,135.0,,,,,24161.0,3472.0,,74759.0,,119.0,254.0,,145.0,,360.0,,,,181001.0,,,203.0,3259.0,,50535.0,900.0,745.0,287.0,,,,12590.0,652.0,2803.0,212.0,,,2204.0,,,,
2016-09-30,207.0,,,,,873.0,,,1754.0,187.0,320.0,1243.0,1775.0,,549.0,110.0,239.0,1141.0,,,,,,125370.0,73984.0,145704.0,918.0,,75036.0,10574.0,,25152.0,122.0,1569.0,156.0,1366.0,244.0,703.0,,618.0,,,,1380.0,,839.0,10676.0,2711.0,5361.0,5296.0,1678.0,,520.0,,,,189.0,949.0,222.0,562.0,,,202609.0,281.0,5668.0,496.0,,89387.0,,,,12839.0,1270.0,,442.0,,,,394172.0,1012063.0,,,2411.0,14416.0,587.0,5520.0,,,,,,,287.0,122.0,19393.0,,,,3393.0,,135.0,2498.0,,105.0,,924.0,,315.0,105.0,,4807.0,158695.0,2449.0,,100.0,193.0,131857.0,371.0,536.0,210.0,1753.0,7290.0,,160.0,,,115.0,5775.0,318.0,139.0,2663.0,,440.0,114.0,1297.0,336519.0,696.0,3101.0,216.0,,,246.0,,,,114347.0,25223.0,,138.0,,,,,21624.0,1463.0,,73601.0,,199.0,247.0,,147.0,,264.0,,,,143701.0,,,168.0,3035.0,,48455.0,218.0,1053.0,314.0,,,,14418.0,570.0,6450.0,157.0,,,1298.0,,,,
2016-12-30,173.0,,,,,785.0,,,1767.0,263.0,304.0,1672.0,1599.0,,645.0,107.0,271.0,1085.0,,,100.0,,,130145.0,72205.0,149526.0,928.0,176.0,71970.0,11079.0,,23018.0,,1301.0,131.0,1347.0,178.0,759.0,,686.0,,,,1707.0,,658.0,9174.0,2931.0,4744.0,4519.0,1597.0,,766.0,100.0,,,,1017.0,186.0,418.0,,,200382.0,328.0,5388.0,715.0,122.0,94609.0,,,,13002.0,926.0,,367.0,,,,375310.0,1023751.0,,,2148.0,26254.0,595.0,6973.0,,,,907.0,,,261.0,107.0,16878.0,110.0,,,3048.0,,148.0,2677.0,,103.0,,961.0,,285.0,,,4448.0,133795.0,2474.0,,113.0,263.0,128023.0,310.0,497.0,172.0,1450.0,5535.0,,215.0,,,113.0,4757.0,352.0,149.0,536.0,,320.0,,650.0,351663.0,686.0,2821.0,219.0,,,,,,,104381.0,26004.0,,,,,,,22294.0,836.0,,73280.0,,132.0,408.0,,127.0,,216.0,,,,138190.0,,,203.0,2790.0,,52967.0,255.0,1240.0,337.0,,,,14626.0,629.0,12686.0,148.0,,,1054.0,,,,
2017-03-30,146.0,120.0,,,,696.0,,,2103.0,278.0,293.0,1654.0,1876.0,,1188.0,141.0,310.0,1128.0,,,136.0,,,132963.0,84226.0,172546.0,1034.0,,69088.0,10738.0,,23687.0,,1429.0,166.0,1596.0,,705.0,,928.0,,,,1220.0,,949.0,11980.0,2635.0,6142.0,5201.0,1872.0,,206.0,,,437.0,116.0,551.0,249.0,523.0,,300.0,245727.0,193.0,5465.0,602.0,100.0,92703.0,,,,15216.0,927.0,,374.0,105.0,,,394163.0,1027412.0,,,2372.0,25633.0,1035.0,6098.0,,,,132.0,,117.0,258.0,160.0,17702.0,130.0,,,2938.0,,128.0,2792.0,103.0,128.0,,951.0,254.0,131.0,144.0,,4727.0,114042.0,2019.0,,257.0,286.0,137564.0,445.0,791.0,218.0,1433.0,7326.0,,184.0,,,135.0,5323.0,354.0,152.0,708.0,,272.0,,828.0,385523.0,782.0,3393.0,252.0,,,305.0,,,252.0,106502.0,34072.0,,,,,,,22185.0,1136.0,,78625.0,,169.0,602.0,,205.0,,138.0,,,,145774.0,,,194.0,4851.0,,63257.0,262.0,1466.0,363.0,,,13964.0,5238.0,677.0,14949.0,144.0,,,471.0,142.0,,,
2017-06-30,156.0,136.0,,,142.0,626.0,,,873.0,315.0,294.0,2132.0,1604.0,,817.0,118.0,359.0,997.0,,,195.0,,,129340.0,89488.0,174990.0,1576.0,,66966.0,10863.0,,19783.0,105.0,1473.0,266.0,1939.0,,620.0,,1028.0,,,,1263.0,,928.0,10012.0,3398.0,6533.0,4909.0,1685.0,,147.0,,,539.0,115.0,235.0,258.0,458.0,,1300.0,250662.0,135.0,5711.0,875.0,,95449.0,,,,16640.0,710.0,,386.0,177.0,,,436308.0,1083797.0,,,2393.0,33954.0,887.0,17537.0,260.0,,,,,,249.0,3138.0,16229.0,123.0,,,3772.0,,151.0,3598.0,102.0,145.0,,1002.0,471.0,,194.0,,5414.0,112618.0,1686.0,,228.0,304.0,137511.0,335.0,896.0,318.0,1577.0,6342.0,,163.0,,,141.0,7949.0,361.0,251.0,748.0,,270.0,,604.0,455265.0,1342.0,3778.0,393.0,,2598.0,245.0,,,234.0,114171.0,33516.0,,,294.0,,,,22355.0,1061.0,,79959.0,127.0,159.0,564.0,,213.0,,165.0,,,,151346.0,,,281.0,3627.0,,81656.0,299.0,1781.0,470.0,,,13041.0,3170.0,847.0,22793.0,189.0,,,492.0,,,,
2017-09-30,105.0,111.0,,,324.0,536.0,,,820.0,274.0,273.0,1757.0,1472.0,,615.0,,305.0,710.0,,,123.0,,,118166.0,81610.0,165963.0,1243.0,,58670.0,9128.0,,13983.0,,1151.0,248.0,1322.0,,554.0,,1060.0,,,,706.0,,680.0,9113.0,2363.0,6023.0,4070.0,1653.0,,114.0,,,483.0,145.0,,234.0,435.0,,371.0,218061.0,102.0,5155.0,736.0,,71951.0,,,,11256.0,703.0,,235.0,199.0,130.0,,372886.0,957893.0,,,1975.0,27489.0,342.0,14302.0,,252.0,,,,,231.0,430.0,14991.0,135.0,,,2905.0,,175.0,3274.0,,133.0,,858.0,545.0,112.0,196.0,,5164.0,90851.0,1442.0,,220.0,266.0,125109.0,258.0,2194.0,424.0,1473.0,5402.0,173.0,,,,150.0,6876.0,320.0,278.0,587.0,,185.0,,582.0,374534.0,896.0,3116.0,298.0,,2444.0,1054.0,,,377.0,89830.0,27704.0,,,120.0,,,,18821.0,1227.0,,69853.0,103.0,112.0,672.0,,218.0,,128.0,,,,101258.0,,,184.0,4245.0,,78161.0,291.0,1943.0,410.0,,,13721.0,2612.0,673.0,20281.0,190.0,,,411.0,,,,
2017-12-30,126.0,113.0,,,176.0,408.0,108.0,,807.0,214.0,287.0,1948.0,1815.0,,600.0,123.0,476.0,778.0,,,136.0,,,122980.0,83878.0,190321.0,1488.0,,65417.0,8811.0,,13568.0,,1240.0,318.0,1615.0,,574.0,,849.0,,,,837.0,,603.0,7493.0,2076.0,5659.0,4276.0,1439.0,,123.0,,,515.0,178.0,,289.0,610.0,,395.0,240569.0,134.0,5222.0,695.0,,68034.0,,,,11518.0,715.0,,233.0,162.0,118.0,,338614.0,897827.0,,,2273.0,26830.0,330.0,14546.0,112.0,,,,,,329.0,585.0,12185.0,170.0,,,3009.0,,109.0,3271.0,,156.0,,797.0,612.0,103.0,191.0,,5451.0,79622.0,1249.0,,193.0,299.0,142193.0,232.0,1879.0,232.0,1615.0,5610.0,142.0,,,,147.0,6887.0,307.0,276.0,318.0,,220.0,,545.0,387338.0,749.0,3305.0,369.0,,1380.0,361.0,,,364.0,84178.0,32753.0,,,160.0,,,,19708.0,1322.0,,72477.0,,128.0,857.0,,224.0,,176.0,,,,98039.0,,,161.0,9668.0,,81851.0,363.0,1791.0,630.0,,,12444.0,2647.0,718.0,19931.0,,275.0,,390.0,,,,
2018-03-30,132.0,148.0,,,193.0,478.0,105.0,,157.0,356.0,300.0,1483.0,2056.0,,762.0,134.0,397.0,789.0,,,249.0,,,130903.0,98610.0,219513.0,1442.0,,64994.0,8689.0,,13035.0,,1345.0,221.0,1611.0,,835.0,,1046.0,,1905.0,,1894.0,,312.0,9225.0,1903.0,6870.0,4244.0,1430.0,,113.0,,,460.0,206.0,,377.0,511.0,,404.0,272572.0,,6045.0,964.0,150.0,68483.0,,,,9198.0,889.0,162.0,181.0,120.0,117.0,,372765.0,1016977.0,,,1431.0,32715.0,126.0,19068.0,,,,,,,221.0,,13114.0,118.0,,,3078.0,,144.0,3377.0,,128.0,,485.0,713.0,,401.0,,5081.0,79167.0,769.0,,246.0,472.0,254020.0,273.0,1101.0,,1791.0,6037.0,129.0,,,,,7987.0,510.0,227.0,,,113.0,,665.0,428541.0,872.0,3954.0,297.0,,970.0,,,,626.0,79563.0,33160.0,,,220.0,,,,19707.0,1447.0,159.0,80948.0,218.0,181.0,1136.0,,170.0,,114.0,,,,104443.0,,,216.0,4965.0,,99450.0,323.0,1951.0,730.0,,,12881.0,1971.0,1029.0,26918.0,,235.0,,456.0,,,,
2018-06-30,,116.0,,,205.0,391.0,,,116.0,299.0,251.0,899.0,1274.0,,564.0,114.0,376.0,670.0,,,209.0,,,99304.0,85701.0,155382.0,1379.0,,45619.0,6122.0,,8807.0,,1140.0,163.0,1352.0,,881.0,,760.0,,177.0,,2427.0,,256.0,6907.0,1227.0,5578.0,4141.0,1060.0,,,,,414.0,223.0,,262.0,344.0,,321.0,235675.0,,4926.0,878.0,,58233.0,,,,6432.0,667.0,146.0,157.0,,104.0,,308183.0,811689.0,,,893.0,26123.0,,20258.0,,,,,,,139.0,,9760.0,135.0,,,2353.0,,174.0,3002.0,129.0,116.0,,358.0,913.0,,276.0,,4171.0,66755.0,424.0,,158.0,328.0,145153.0,203.0,861.0,,1309.0,5533.0,117.0,,,,,6133.0,329.0,193.0,,,101.0,,466.0,348311.0,453.0,3296.0,364.0,,473.0,,,,333.0,62869.0,19794.0,,,243.0,,,,17107.0,660.0,111.0,67613.0,154.0,107.0,1227.0,,142.0,,105.0,,,,79322.0,,,121.0,5961.0,,86781.0,260.0,1510.0,695.0,,,12408.0,1600.0,681.0,23707.0,,3153.0,,416.0,,,,
2018-09-30,,160.0,,,147.0,349.0,,,,285.0,264.0,693.0,1685.0,,558.0,121.0,343.0,582.0,,,172.0,,,96448.0,79430.0,149424.0,1282.0,,46031.0,5475.0,,10207.0,,1274.0,156.0,1168.0,,805.0,,602.0,,,,2468.0,4321.0,205.0,7478.0,1018.0,5879.0,3561.0,1028.0,,,,,343.0,178.0,,252.0,348.0,,279.0,233364.0,100.0,4514.0,659.0,,49700.0,,,,6288.0,772.0,,130.0,,120.0,,289552.0,733327.0,,,1403.0,32005.0,,22771.0,,,,,,181.0,149.0,,9194.0,104.0,,,2563.0,,122.0,2696.0,,129.0,,302.0,746.0,104.0,224.0,,3863.0,57715.0,434.0,,185.0,404.0,133261.0,262.0,766.0,,1409.0,5184.0,148.0,,,,,5625.0,303.0,118.0,,,237.0,,495.0,355318.0,452.0,3071.0,308.0,,380.0,,,,315.0,63704.0,19570.0,,,305.0,,,,15058.0,661.0,146.0,65456.0,180.0,136.0,186.0,,130.0,,,,,,72943.0,,,105.0,4388.0,,89006.0,240.0,1231.0,703.0,,,11058.0,1640.0,651.0,26861.0,,428.0,,342.0,,,,
2018-12-30,,150.0,,,220.0,307.0,,,,272.0,236.0,710.0,1195.0,,593.0,113.0,355.0,542.0,,,146.0,,,90804.0,76670.0,139366.0,1335.0,,44249.0,5502.0,,8569.0,,1146.0,190.0,938.0,,875.0,,653.0,,280.0,,2498.0,4265.0,201.0,6115.0,809.0,5689.0,2942.0,950.0,,,,,367.0,178.0,,237.0,310.0,,342.0,215511.0,,4302.0,658.0,,45635.0,,,,6312.0,580.0,,100.0,,,,255160.0,668062.0,,,948.0,29168.0,,20958.0,,,,,,,116.0,,8769.0,,,,2034.0,,131.0,2867.0,,123.0,,,529.0,,207.0,,3646.0,48248.0,316.0,,152.0,291.0,135579.0,199.0,897.0,,1324.0,4679.0,137.0,,,,,5795.0,336.0,104.0,,,,,416.0,336045.0,478.0,2644.0,281.0,,200.0,,,,313.0,54043.0,19178.0,,,189.0,,,,13634.0,718.0,159.0,59906.0,132.0,152.0,168.0,,144.0,,104.0,,,,66012.0,,,171.0,5768.0,,93555.0,217.0,1152.0,730.0,,,10096.0,1251.0,578.0,20611.0,,365.0,,390.0,,109.0,,
2019-03-30,,124.0,,,297.0,354.0,140.0,,,258.0,249.0,650.0,1267.0,,751.0,152.0,421.0,650.0,,,118.0,,,101537.0,92106.0,163611.0,1565.0,134.0,40630.0,5823.0,,6944.0,,1935.0,146.0,983.0,,846.0,,787.0,,105.0,148.0,5626.0,4947.0,226.0,7091.0,911.0,6241.0,2837.0,1399.0,,,,316.0,658.0,172.0,,314.0,375.0,,363.0,239288.0,,4677.0,620.0,,46882.0,,,,5788.0,788.0,,,,124.0,,258128.0,694689.0,,2013.0,1123.0,30534.0,,21042.0,354.0,,,,,,124.0,,10241.0,,693.0,,2727.0,169.0,147.0,2346.0,135.0,138.0,,,470.0,,213.0,,3955.0,48693.0,347.0,,196.0,371.0,146544.0,232.0,1147.0,,1602.0,6621.0,124.0,,,,,7887.0,291.0,170.0,,,146.0,,472.0,370405.0,568.0,3020.0,282.0,,283.0,,227.0,,370.0,62947.0,21542.0,,,,,,,14223.0,741.0,162.0,72825.0,157.0,261.0,146.0,,179.0,,,,,,72959.0,,,162.0,6510.0,,104461.0,307.0,1759.0,737.0,,,12278.0,1215.0,686.0,22035.0,,778.0,,504.0,,168.0,,
2019-06-30,,,,,345.0,242.0,,,,225.0,223.0,483.0,936.0,,567.0,100.0,309.0,486.0,,,,,,74090.0,66218.0,123178.0,1308.0,,30787.0,3712.0,,5090.0,,1123.0,116.0,570.0,,612.0,,578.0,,,115.0,7726.0,3179.0,120.0,4945.0,663.0,4646.0,2675.0,877.0,136.0,,,,487.0,,,268.0,290.0,,272.0,179569.0,,2899.0,399.0,,32186.0,,,,5125.0,512.0,,,,109.0,,203379.0,506507.0,,1210.0,672.0,22424.0,,16676.0,222.0,,,,,,112.0,,7306.0,,636.0,,2070.0,,178.0,1845.0,,130.0,,,396.0,,175.0,,2694.0,34095.0,236.0,,131.0,251.0,96071.0,175.0,856.0,,1373.0,3892.0,103.0,,,,,5553.0,184.0,109.0,,,,,284.0,284212.0,445.0,2356.0,181.0,,,,101.0,,228.0,43400.0,19363.0,,,107.0,,,,10309.0,508.0,163.0,52584.0,139.0,191.0,126.0,,159.0,,,,,,52296.0,,,,5376.0,,75380.0,189.0,917.0,574.0,,,8954.0,968.0,539.0,17220.0,,499.0,,347.0,,141.0,,
2019-09-30,,124.0,,,281.0,227.0,,,,230.0,205.0,493.0,1167.0,,658.0,152.0,422.0,677.0,,,110.0,,,96189.0,84169.0,154802.0,1475.0,,34633.0,4864.0,,5349.0,,1133.0,182.0,741.0,,650.0,,609.0,,,,19738.0,3672.0,174.0,5098.0,634.0,5569.0,2331.0,944.0,,,,,609.0,102.0,,211.0,385.0,165.0,302.0,253421.0,,3508.0,510.0,,40638.0,,,,5126.0,498.0,,,,,,275895.0,604578.0,,1216.0,991.0,42139.0,,22426.0,273.0,,,,,,158.0,,8479.0,,867.0,,3151.0,482.0,138.0,1954.0,117.0,129.0,,,642.0,,268.0,,3122.0,36755.0,240.0,,130.0,310.0,126242.0,163.0,1019.0,,1497.0,5036.0,135.0,,,,,6565.0,187.0,133.0,,,,,342.0,353480.0,563.0,2730.0,338.0,,,,,,299.0,47882.0,28709.0,,,,,,,13442.0,843.0,129.0,58392.0,277.0,177.0,140.0,,168.0,,,,,,61294.0,106.0,959.0,130.0,5098.0,,99381.0,282.0,1208.0,706.0,,,9601.0,1017.0,567.0,23132.0,,252.0,,456.0,,168.0,,
2019-12-30,,126.0,,,219.0,174.0,100.0,,,204.0,251.0,489.0,1266.0,,524.0,202.0,343.0,740.0,,,121.0,,,96175.0,78173.0,143918.0,1415.0,,32154.0,4885.0,,5259.0,,1428.0,242.0,767.0,,616.0,,690.0,,,,15894.0,3330.0,129.0,4828.0,825.0,5732.0,2370.0,948.0,,,,,627.0,100.0,,209.0,396.0,141.0,295.0,240990.0,,3341.0,481.0,,37046.0,,,,8220.0,599.0,,,,,,250325.0,550440.0,,1227.0,914.0,32773.0,,24559.0,211.0,,,,,,121.0,,8014.0,,890.0,,2916.0,466.0,115.0,1970.0,127.0,167.0,,,663.0,,252.0,,2947.0,33092.0,244.0,,113.0,320.0,115076.0,192.0,1763.0,,1270.0,5029.0,106.0,,,,,6282.0,197.0,123.0,,,,,311.0,338999.0,484.0,2703.0,298.0,,,,,,263.0,48645.0,26797.0,,,,,,,12344.0,701.0,123.0,60113.0,189.0,135.0,154.0,,163.0,,,,,,53550.0,130.0,955.0,122.0,5266.0,,102413.0,211.0,1176.0,761.0,,138.0,9587.0,883.0,572.0,18747.0,,352.0,,320.0,,210.0,,
2020-03-30,,129.0,,,259.0,178.0,,,,161.0,181.0,529.0,1161.0,,619.0,244.0,379.0,526.0,,,113.0,,,97678.0,74543.0,141747.0,1894.0,,31395.0,4625.0,,5472.0,,1319.0,244.0,832.0,,453.0,,609.0,,,,15535.0,9877.0,180.0,5191.0,692.0,6668.0,2130.0,933.0,,,,,667.0,,,408.0,462.0,,313.0,213824.0,,3242.0,439.0,,36304.0,,,,7652.0,521.0,,,,,,206269.0,500376.0,,1403.0,830.0,26624.0,,21482.0,173.0,,,,,,117.0,,7207.0,,898.0,,2861.0,453.0,130.0,1466.0,,,,,708.0,,317.0,,2855.0,26251.0,237.0,,119.0,369.0,105653.0,161.0,826.0,,1500.0,5057.0,,,,,,6855.0,199.0,111.0,,,,,291.0,316895.0,466.0,2480.0,245.0,,,,,,222.0,44963.0,24779.0,,,,,,,10475.0,740.0,109.0,55908.0,185.0,176.0,139.0,,177.0,,,1276.0,,,48148.0,116.0,1043.0,139.0,4549.0,,104222.0,209.0,1665.0,661.0,,142.0,9817.0,806.0,534.0,16118.0,,280.0,,350.0,,219.0,,
2020-06-30,,112.0,,,251.0,209.0,,,,189.0,,514.0,1102.0,,670.0,195.0,400.0,572.0,,,,,,108056.0,79827.0,157607.0,1967.0,,35579.0,5408.0,,5629.0,,1222.0,206.0,770.0,,579.0,,592.0,,,,15470.0,5507.0,157.0,5220.0,615.0,6976.0,2035.0,885.0,,,,108.0,649.0,,,471.0,487.0,,316.0,232000.0,,3384.0,468.0,,40518.0,,,,7989.0,764.0,,,,,,236822.0,545593.0,,1092.0,1089.0,30527.0,,23545.0,111.0,,,,,,120.0,,9017.0,,1016.0,374.0,2883.0,670.0,125.0,1779.0,105.0,,,,726.0,,413.0,,2660.0,30415.0,308.0,,,420.0,96315.0,283.0,882.0,,1458.0,5158.0,,,,,,8057.0,194.0,124.0,,,,,290.0,333988.0,493.0,2865.0,314.0,,,,,,267.0,46933.0,25348.0,,,,,,,11932.0,767.0,138.0,60047.0,288.0,191.0,106.0,,301.0,107.0,,1539.0,,,52651.0,131.0,1130.0,185.0,4489.0,,113126.0,268.0,1565.0,809.0,,177.0,14555.0,774.0,567.0,17710.0,,298.0,,324.0,,284.0,,
2020-09-30,,126.0,,,176.0,150.0,,,,130.0,108.0,443.0,1053.0,,518.0,228.0,284.0,447.0,,,,,,89280.0,68203.0,137939.0,1655.0,,23421.0,4745.0,,4293.0,,1125.0,168.0,623.0,,493.0,,432.0,,,,16871.0,4439.0,149.0,4201.0,416.0,6058.0,1797.0,703.0,,,,,548.0,,,420.0,462.0,,247.0,207018.0,,2852.0,393.0,,32991.0,,,,4401.0,589.0,,,,,,204520.0,463127.0,,1036.0,976.0,28339.0,,22671.0,,,,,,,,,7206.0,,886.0,,2959.0,499.0,144.0,1278.0,,,,,716.0,,295.0,,2378.0,23774.0,260.0,,,282.0,82141.0,210.0,690.0,,1344.0,4566.0,,,,,,7840.0,197.0,107.0,,,,,210.0,285984.0,410.0,2256.0,233.0,,,,,,222.0,39988.0,22037.0,,,,,,,10578.0,648.0,105.0,49000.0,260.0,181.0,,,186.0,,,2026.0,,,43361.0,134.0,925.0,137.0,3873.0,,99209.0,175.0,1178.0,970.0,,145.0,9848.0,673.0,459.0,17272.0,,235.0,,314.0,,214.0,,
2020-12-30,,,,,138.0,167.0,,,,147.0,,459.0,1166.0,,580.0,249.0,387.0,430.0,,,108.0,,,93531.0,68598.0,147076.0,1712.0,,21593.0,3958.0,,4506.0,,1175.0,162.0,442.0,,468.0,,441.0,,,,16965.0,4164.0,177.0,4350.0,358.0,6020.0,1784.0,898.0,,,,,612.0,,,301.0,453.0,145.0,276.0,205914.0,,2585.0,349.0,,32249.0,,,,4488.0,458.0,,,,,,190713.0,450183.0,,937.0,914.0,29850.0,,18905.0,,,,,,,287.0,,7153.0,,911.0,,2329.0,482.0,138.0,1432.0,122.0,,,,762.0,,141.0,,2683.0,22188.0,214.0,,,354.0,84442.0,180.0,670.0,,1499.0,4805.0,,,,,,6574.0,203.0,103.0,,,,,312.0,322615.0,426.0,2298.0,248.0,,,,,,197.0,41211.0,22635.0,,,,,,,9939.0,579.0,,49447.0,211.0,155.0,112.0,,157.0,,103.0,1579.0,,,39856.0,238.0,1127.0,159.0,4463.0,,101249.0,232.0,1169.0,885.0,,146.0,10074.0,838.0,483.0,12871.0,,277.0,,309.0,,210.0,,
2021-03-30,,,,,106.0,208.0,101.0,,,139.0,,437.0,1216.0,,621.0,386.0,434.0,399.0,,,,,,95884.0,70723.0,144869.0,1681.0,,21333.0,3718.0,,4274.0,,1127.0,229.0,573.0,,415.0,,427.0,,609.0,,15920.0,3902.0,154.0,4477.0,372.0,5853.0,1963.0,725.0,,,,102.0,566.0,,,325.0,559.0,,275.0,194619.0,,2346.0,462.0,,30855.0,,,,4643.0,415.0,,,,,,175516.0,415812.0,,900.0,984.0,29718.0,,17946.0,,,,,,,117.0,,6656.0,,846.0,,2262.0,629.0,114.0,1248.0,,,,,703.0,,168.0,,1980.0,20179.0,243.0,,,377.0,88304.0,170.0,743.0,,1447.0,4358.0,,,,,,7454.0,199.0,125.0,,,,,557.0,302788.0,374.0,2256.0,215.0,,,,,,285.0,42116.0,24867.0,,,,,,,10074.0,541.0,,49912.0,180.0,200.0,,,193.0,,,1506.0,,,39825.0,235.0,926.0,184.0,4208.0,,94700.0,329.0,1111.0,847.0,,144.0,10541.0,638.0,509.0,11004.0,,243.0,,356.0,,260.0,,
2021-06-30,,,,,,218.0,,,,116.0,,360.0,1466.0,,497.0,239.0,294.0,420.0,,,,,,83356.0,60932.0,150033.0,1905.0,,18659.0,3208.0,,3534.0,,739.0,170.0,629.0,,412.0,,342.0,,,,15604.0,3525.0,105.0,4008.0,256.0,5099.0,1592.0,610.0,,,,,538.0,,,287.0,343.0,,225.0,182372.0,,2210.0,382.0,,27429.0,,,,4014.0,373.0,,,,,,153146.0,371431.0,,853.0,1049.0,24274.0,,16309.0,,,,,,,,,6181.0,,846.0,,1953.0,615.0,102.0,1228.0,,,,,548.0,,134.0,,1770.0,16783.0,202.0,,,269.0,63956.0,142.0,720.0,,1216.0,3775.0,,,,,,5911.0,186.0,104.0,,,,,181.0,280133.0,349.0,1916.0,179.0,,,,,,254.0,33437.0,19702.0,,,,,,,12551.0,450.0,,41685.0,229.0,120.0,,,153.0,,,1670.0,,,35834.0,208.0,949.0,134.0,4107.0,,145977.0,273.0,865.0,819.0,,145.0,9253.0,550.0,372.0,9656.0,,266.0,,276.0,,196.0,,
2021-09-30,,,,,,176.0,,,,128.0,,319.0,1128.0,,425.0,225.0,268.0,514.0,,,,,,81092.0,58743.0,133918.0,1662.0,,17674.0,3639.0,,3633.0,,860.0,118.0,418.0,,384.0,,243.0,,,,14519.0,3408.0,110.0,3588.0,519.0,4830.0,1450.0,627.0,,,,,566.0,,,290.0,367.0,,212.0,181524.0,,2156.0,778.0,,24482.0,,,,2718.0,390.0,,,,,,144265.0,352842.0,,681.0,897.0,22808.0,,16647.0,,,,,,,,,5466.0,,668.0,,1683.0,464.0,,940.0,,,,,507.0,,759.0,,1737.0,16348.0,147.0,,,240.0,61079.0,172.0,641.0,,1155.0,3682.0,,,,,,5141.0,170.0,,,,,,215.0,263472.0,344.0,1705.0,192.0,,,,,,189.0,31147.0,20600.0,,,,,,,8469.0,523.0,,41151.0,186.0,127.0,,,128.0,,,1535.0,,,32761.0,304.0,909.0,173.0,3617.0,,73856.0,188.0,982.0,631.0,,129.0,8836.0,1625.0,514.0,8629.0,,246.0,,250.0,,232.0,,
2021-12-30,,,,,,111.0,,,,,,285.0,959.0,,393.0,221.0,255.0,468.0,,,,,,67774.0,51864.0,108293.0,1352.0,,10767.0,2468.0,624.0,3091.0,,871.0,,318.0,,696.0,,236.0,,,,7942.0,4215.0,,2792.0,316.0,3883.0,1475.0,570.0,,,,,473.0,,,213.0,501.0,,263.0,159470.0,,1865.0,734.0,,20481.0,,,,2412.0,284.0,,,,,,116297.0,261552.0,2032.0,532.0,805.0,17839.0,,14527.0,,124.0,,,,,,,5226.0,,961.0,,1766.0,420.0,,891.0,,,,,423.0,,915.0,462.0,1480.0,13649.0,116.0,,,273.0,55553.0,,520.0,,1108.0,3624.0,,,,,135.0,3711.0,145.0,,,,,,214.0,229940.0,289.0,1541.0,122.0,,,,,,184.0,27400.0,19456.0,608.0,,,,,177.0,5279.0,355.0,,36931.0,,146.0,,,108.0,,113.0,1252.0,,,27154.0,234.0,542.0,119.0,2506.0,,89625.0,233.0,758.0,735.0,,110.0,6811.0,376.0,364.0,7323.0,,232.0,,210.0,,185.0,,
2022-03-30,,,,349.0,,,,,,100.0,,344.0,1175.0,,417.0,247.0,399.0,580.0,,,,111.0,,86168.0,64349.0,136179.0,1510.0,,10934.0,2640.0,523.0,2549.0,,969.0,,382.0,,443.0,400.0,283.0,,,,11217.0,4307.0,105.0,3164.0,287.0,4734.0,1233.0,556.0,,,,,361.0,,,244.0,694.0,,248.0,196931.0,,1891.0,881.0,,24504.0,,,430.0,2715.0,497.0,,,,,272.0,140784.0,308465.0,1766.0,580.0,1062.0,25041.0,,21256.0,,113.0,102.0,,,,,,7258.0,,846.0,,2144.0,419.0,,978.0,,196.0,,,551.0,,1082.0,1505.0,1784.0,14033.0,146.0,,,458.0,60387.0,179.0,713.0,,1345.0,4635.0,,,,,,5913.0,186.0,,,230.0,,,231.0,284699.0,302.0,1565.0,171.0,,,,,128.0,1324.0,36059.0,38406.0,2243.0,,,104.0,,244.0,6090.0,410.0,205.0,43436.0,156.0,203.0,,139.0,155.0,,138.0,1553.0,,148.0,32229.0,350.0,326.0,177.0,3264.0,,116112.0,192.0,947.0,989.0,,143.0,7086.0,414.0,370.0,6899.0,,281.0,,249.0,,219.0,,
2022-06-30,,,,427.0,,123.0,,125.0,,,,280.0,1165.0,,499.0,164.0,298.0,775.0,346.0,,,,,82970.0,58763.0,132086.0,1263.0,,10125.0,2567.0,450.0,2390.0,,734.0,,304.0,,412.0,456.0,260.0,,,,12779.0,4043.0,,3360.0,251.0,3717.0,1211.0,481.0,,,,,321.0,,,257.0,672.0,,234.0,194997.0,,1699.0,1030.0,,21795.0,,128.0,375.0,2757.0,688.0,,,,,191.0,136018.0,272659.0,1143.0,564.0,711.0,22461.0,,25058.0,108.0,,150.0,,,,,,7181.0,,894.0,,1935.0,425.0,1443.0,1007.0,,,,,435.0,,997.0,1289.0,1539.0,12915.0,176.0,,,584.0,58742.0,119.0,491.0,,1278.0,4068.0,,,,,103.0,5634.0,136.0,,,190.0,,,167.0,270809.0,330.0,1436.0,209.0,,,,,134.0,1394.0,30163.0,39826.0,2269.0,,,,,195.0,5509.0,502.0,158.0,39131.0,141.0,178.0,,104.0,141.0,,100.0,1746.0,,114.0,27815.0,332.0,255.0,167.0,2552.0,,118525.0,225.0,655.0,781.0,2736.0,128.0,3812.0,391.0,379.0,6049.0,,242.0,,208.0,,197.0,,
2022-09-30,,,,348.0,,,,121.0,,,,284.0,1049.0,105.0,422.0,207.0,281.0,516.0,337.0,,,,,80897.0,59241.0,129030.0,1312.0,,9221.0,1898.0,319.0,2243.0,,803.0,,322.0,,387.0,470.0,248.0,,,,9392.0,3742.0,,3619.0,231.0,3149.0,1063.0,683.0,,,,,302.0,,,359.0,600.0,,245.0,193505.0,,1687.0,969.0,,20503.0,,136.0,486.0,2442.0,355.0,,,,,153.0,129693.0,264706.0,1190.0,616.0,720.0,21921.0,,19759.0,,103.0,109.0,,,,,,7002.0,,751.0,,2067.0,440.0,163.0,829.0,,,,,444.0,,941.0,2130.0,1498.0,12054.0,189.0,,,281.0,56047.0,,479.0,,1343.0,3957.0,,,,,,5598.0,137.0,,,153.0,,,126.0,257915.0,278.0,1330.0,141.0,,,,,108.0,1325.0,27923.0,37711.0,2082.0,,,,,290.0,5508.0,461.0,166.0,38658.0,137.0,129.0,,107.0,143.0,,105.0,1576.0,,116.0,27090.0,240.0,277.0,180.0,2480.0,,110993.0,186.0,665.0,784.0,2816.0,123.0,3502.0,401.0,295.0,5479.0,,280.0,,190.0,,198.0,,
2022-12-30,,,,310.0,,,,144.0,,,,279.0,1000.0,,386.0,216.0,279.0,517.0,321.0,,,,,79687.0,55803.0,124485.0,1155.0,,8503.0,2135.0,379.0,2105.0,,739.0,,375.0,,356.0,493.0,221.0,,,,8227.0,3082.0,,2780.0,231.0,2983.0,1103.0,484.0,,,,,286.0,,,275.0,512.0,,229.0,180975.0,,1493.0,1192.0,,20204.0,,,390.0,3408.0,315.0,,,,,136.0,117507.0,243061.0,1059.0,481.0,680.0,29915.0,,19521.0,,,,,,,,,6454.0,,817.0,,1568.0,405.0,,862.0,,,,,626.0,,952.0,1008.0,1521.0,10103.0,196.0,,,325.0,51318.0,,476.0,,1312.0,3768.0,,,,,,4359.0,,,,,,,181.0,254768.0,253.0,1346.0,,,,,,,1279.0,26615.0,42750.0,2627.0,,,,,217.0,4906.0,345.0,137.0,36599.0,139.0,162.0,,,149.0,,,1260.0,,125.0,24529.0,361.0,197.0,166.0,2265.0,,106847.0,201.0,509.0,712.0,3137.0,,2227.0,332.0,228.0,4755.0,,225.0,,215.0,,560.0,,
2023-03-30,,,,388.0,,,,145.0,,,,332.0,1050.0,,376.0,204.0,1022.0,542.0,297.0,,,,,82565.0,61510.0,135871.0,1170.0,,9662.0,2283.0,336.0,2165.0,,708.0,,303.0,,437.0,455.0,212.0,,,,10228.0,3859.0,,2931.0,218.0,3231.0,1167.0,419.0,,,,,334.0,,,349.0,624.0,,247.0,183744.0,,1554.0,1263.0,,25462.0,,,369.0,3610.0,321.0,,,,,,121745.0,251883.0,1056.0,536.0,746.0,32210.0,,19514.0,,,,,,,,,6570.0,,862.0,,1603.0,451.0,153.0,849.0,,,,,507.0,,1070.0,1136.0,1597.0,13674.0,183.0,,,275.0,55171.0,,587.0,,1210.0,4300.0,,,,,,4737.0,135.0,,,,,,240.0,273447.0,294.0,1496.0,,,,,,126.0,1448.0,28974.0,41129.0,2754.0,,,,,166.0,5135.0,409.0,,37074.0,154.0,176.0,,,129.0,,,1548.0,,,25046.0,216.0,287.0,192.0,3075.0,,111288.0,175.0,552.0,764.0,2933.0,,2138.0,308.0,298.0,4859.0,,238.0,,239.0,,234.0,,
2023-06-30,,,,320.0,,,,170.0,,,,257.0,930.0,,358.0,209.0,298.0,575.0,276.0,,,,,80516.0,56975.0,131719.0,905.0,,8215.0,1701.0,290.0,1958.0,,804.0,,290.0,,451.0,418.0,196.0,,,,8704.0,2822.0,,2716.0,194.0,2756.0,1047.0,398.0,,,,,315.0,,,454.0,699.0,,216.0,172798.0,,1414.0,1027.0,,19850.0,,128.0,351.0,3111.0,287.0,,,,,,116993.0,230618.0,1044.0,475.0,601.0,30732.0,,18101.0,,,,,,,,,6340.0,,906.0,,1579.0,485.0,,973.0,,,,,385.0,,1066.0,966.0,1646.0,11051.0,175.0,,,230.0,48571.0,,433.0,,1231.0,3552.0,,,,,,4175.0,127.0,,,,,,181.0,263058.0,239.0,1277.0,,,,,,142.0,1347.0,24911.0,35662.0,2636.0,,,,,175.0,5186.0,327.0,128.0,33733.0,241.0,,,,128.0,,,1269.0,,,24905.0,267.0,196.0,156.0,2439.0,,108292.0,188.0,487.0,859.0,2506.0,,1635.0,247.0,306.0,4693.0,,231.0,,183.0,,176.0,,
2023-09-30,,,,308.0,,,,179.0,,,,287.0,1079.0,,486.0,180.0,269.0,501.0,184.0,,,,,79554.0,55518.0,134683.0,1124.0,,7019.0,1375.0,273.0,1781.0,,764.0,,204.0,,446.0,468.0,164.0,,,,7406.0,2654.0,,3224.0,173.0,2594.0,938.0,356.0,,,,,268.0,,,826.0,602.0,,246.0,165324.0,,1453.0,896.0,,17455.0,,,245.0,2748.0,406.0,,,,,,114907.0,214245.0,921.0,526.0,588.0,23761.0,,17666.0,,,,,,,,,5536.0,,779.0,,1284.0,320.0,109.0,857.0,,,,,403.0,,1203.0,885.0,1568.0,9357.0,167.0,,,218.0,45735.0,,358.0,,1242.0,3606.0,,,,,,4110.0,,,,111.0,,,101.0,244632.0,229.0,1218.0,,,,,,123.0,1327.0,23546.0,35285.0,2713.0,,,109.0,,168.0,4336.0,351.0,128.0,31047.0,207.0,,,,,,,1228.0,,,23105.0,221.0,197.0,161.0,2212.0,,95564.0,188.0,436.0,850.0,2335.0,,1532.0,243.0,255.0,3914.0,,244.0,,190.0,,195.0,,
