date,Afghanistan,Albania,Algeria,American Samoa,Andorra,Angola,Antigua and Barbuda,Argentina,Armenia,Aruba,Australia,Austria,Azerbaijan,"Bahamas, The",Bahrain,Bangladesh,Barbados,Belarus,Belgium,Belize,Benin,Bermuda,Bhutan,Bolivia,Bosnia and Herzegovina,Botswana,Brazil,British Virgin Islands,Brunei Darussalam,Bulgaria,Burkina Faso,Burundi,Cabo Verde,Cambodia,Cameroon,Canada,Cayman Islands,Central African Republic,Chad,Chile,China,Colombia,Comoros,"Congo, Dem. Rep.","Congo, Rep.",Costa Rica,Cote d'Ivoire,Croatia,Cuba,Curacao,Cyprus,Czechia,Denmark,Djibouti,Dominica,Dominican Republic,Ecuador,"Egypt, Arab Rep.",El Salvador,Equatorial Guinea,Eritrea,Estonia,Eswatini,Ethiopia,Faroe Islands,Fiji,Finland,France,French Polynesia,Gabon,"Gambia, The",Georgia,Germany,Ghana,Gibraltar,Greece,Greenland,Grenada,Guam,Guatemala,Guinea,Guinea-Bissau,Guyana,Haiti,Honduras,"Hong Kong SAR, China",Hungary,Iceland,India,Indonesia,"Iran, Islamic Rep.",Iraq,Ireland,Isle of Man,Israel,Italy,Jamaica,Japan,Jordan,Kazakhstan,Kenya,Kiribati,"Korea, Dem. People's Rep.","Korea, Rep.",Kuwait,Kyrgyz Republic,Lao PDR,Latvia,Lebanon,Lesotho,Liberia,Libya,Liechtenstein,Lithuania,Luxembourg,"Macao SAR, China",Madagascar,Malawi,Malaysia,Maldives,Mali,Malta,Marshall Islands,Mauritania,Mauritius,Mexico,"Micronesia, Fed. Sts.",Moldova,Monaco,Mongolia,Montenegro,Morocco,Mozambique,Myanmar,Namibia,Nauru,Nepal,Netherlands,New Caledonia,New Zealand,Nicaragua,Niger,Nigeria,North Macedonia,Northern Mariana Islands,Norway,Oman,Pakistan,Palau,Panama,Papua New Guinea,Paraguay,Peru,Philippines,Poland,Portugal,Puerto Rico,Qatar,Romania,Russian Federation,Rwanda,Samoa,San Marino,Sao Tome and Principe,Saudi Arabia,Senegal,Serbia,Seychelles,Sierra Leone,Singapore,Sint Maarten (Dutch part),Slovak Republic,Slovenia,Solomon Islands,Somalia,South Africa,South Sudan,Spain,Sri Lanka,St. Kitts and Nevis,St. Lucia,St. Martin (French part),St. Vincent and the Grenadines,Sudan,Suriname,Sweden,Switzerland,Syrian Arab Republic,Tajikistan,Tanzania,Thailand,Timor-Leste,Togo,Tonga,Trinidad and Tobago,Tunisia,Turkiye,Turkmenistan,Turks and Caicos Islands,Tuvalu,Uganda,Ukraine,United Arab Emirates,United Kingdom,United States,Uruguay,Uzbekistan,Vanuatu,"Venezuela, RB",Vietnam,Virgin Islands (U.S.),West Bank and Gaza,"Yemen, Rep.",Zambia,Zimbabwe
1960-01-01,8.62,1.61,11.39,0.02,0.01,5.36,0.06,20.35,1.9,0.05,10.28,7.05,3.89,0.11,0.16,50.4,0.23,8.2,9.15,0.09,2.51,0.04,0.22,3.71,3.26,0.51,73.09,0.01,0.09,7.87,4.78,2.75,0.21,5.54,5.12,17.91,0.01,1.68,3.03,8.14,667.07,15.69,0.19,15.28,1.06,1.35,3.71,4.14,7.27,0.12,0.59,9.6,4.58,0.09,0.06,3.3,4.62,27.03,2.78,0.27,0.99,1.21,0.35,21.74,0.03,0.4,4.43,46.65,0.08,0.51,0.4,3.65,72.81,6.91,0.02,8.33,0.03,0.09,0.07,4.13,3.52,0.58,0.57,3.9,2.08,3.11,9.98,0.18,445.95,88.38,21.39,7.08,2.83,0.05,2.11,50.2,1.64,93.22,0.85,9.32,7.75,0.05,11.66,25.01,0.31,2.17,2.12,2.12,1.8,0.74,1.14,1.43,0.02,2.78,0.31,0.18,5.07,3.62,7.83,0.09,5.35,0.33,0.02,0.84,0.68,36.27,0.04,2.07,0.02,0.98,0.48,11.77,6.79,21.72,0.59,0.0,10.17,11.49,0.08,2.37,1.79,3.5,44.93,1.46,0.01,3.58,0.54,45.95,0.01,1.13,1.99,1.89,10.17,28.49,29.64,8.86,2.36,0.04,18.41,119.9,2.97,0.11,0.02,0.07,4.17,3.27,6.61,0.04,2.3,1.65,0.0,4.07,1.58,0.13,2.87,16.52,2.91,30.46,9.87,0.06,0.09,0.0,0.08,8.33,0.27,7.48,5.33,4.61,2.13,10.04,26.6,0.47,1.65,0.07,0.85,4.2,27.51,1.6,0.01,0.01,7.62,42.77,0.13,52.4,180.67,2.53,8.37,0.06,8.16,32.72,0.03,,5.54,3.12,3.81
1961-01-01,8.79,1.66,11.6,0.02,0.01,5.44,0.06,20.68,1.97,0.06,10.48,7.09,4.05,0.12,0.17,51.88,0.23,8.27,9.18,0.09,2.55,0.05,0.23,3.78,3.33,0.52,75.33,0.01,0.09,7.94,4.85,2.82,0.21,5.66,5.2,18.27,0.01,1.71,3.09,8.31,660.33,16.18,0.2,15.67,1.08,1.4,3.85,4.17,7.42,0.13,0.59,9.59,4.61,0.09,0.06,3.41,4.75,27.75,2.86,0.27,1.02,1.23,0.35,22.28,0.03,0.41,4.46,47.16,0.09,0.52,0.41,3.7,73.38,7.11,0.02,8.4,0.03,0.1,0.07,4.25,3.58,0.58,0.59,3.97,2.14,3.17,10.03,0.18,456.35,90.82,21.98,7.26,2.82,0.05,2.18,50.54,1.66,94.06,0.89,9.64,8.05,0.05,11.92,25.77,0.34,2.26,2.17,2.15,1.85,0.76,1.17,1.48,0.02,2.82,0.32,0.18,5.21,3.71,8.07,0.09,5.42,0.33,0.02,0.86,0.68,37.44,0.04,2.13,0.02,1.01,0.49,12.08,6.92,22.2,0.6,0.0,10.37,11.64,0.08,2.42,1.84,3.6,45.86,1.48,0.01,3.61,0.55,47.06,0.01,1.16,2.04,1.94,10.48,29.34,29.96,8.93,2.4,0.04,18.56,121.24,3.05,0.12,0.02,0.07,4.31,3.37,6.66,0.04,2.34,1.7,0.0,4.19,1.59,0.14,2.95,16.99,2.95,30.74,10.11,0.06,0.09,0.0,0.09,8.58,0.28,7.52,5.43,4.75,2.21,10.34,27.4,0.48,1.68,0.07,0.87,4.24,28.26,1.66,0.01,0.01,7.84,43.37,0.14,52.8,183.69,2.56,8.69,0.07,8.45,33.62,0.03,,5.65,3.22,3.93
1962-01-01,8.97,1.71,11.78,0.02,0.01,5.52,0.06,21.02,2.04,0.06,10.74,7.13,4.17,0.13,0.17,53.46,0.23,8.35,9.22,0.1,2.59,0.05,0.23,3.86,3.39,0.54,77.6,0.01,0.09,8.01,4.92,2.89,0.22,5.79,5.3,18.61,0.01,1.74,3.15,8.49,665.77,16.69,0.2,16.09,1.11,1.45,4.0,4.2,7.57,0.13,0.6,9.62,4.65,0.09,0.06,3.52,4.89,28.49,2.94,0.28,1.04,1.24,0.36,22.85,0.03,0.43,4.49,47.68,0.09,0.53,0.42,3.76,74.03,7.28,0.02,8.45,0.04,0.1,0.08,4.38,3.64,0.59,0.6,4.05,2.2,3.31,10.06,0.18,467.02,93.35,22.61,7.48,2.84,0.05,2.29,50.88,1.68,94.93,0.93,9.96,8.36,0.05,12.18,26.51,0.38,2.33,2.22,2.18,1.91,0.78,1.19,1.54,0.02,2.86,0.32,0.19,5.34,3.8,8.32,0.1,5.49,0.32,0.02,0.89,0.7,38.68,0.05,2.18,0.02,1.05,0.5,12.4,7.06,22.7,0.61,0.0,10.57,11.81,0.08,2.48,1.9,3.71,46.82,1.5,0.01,3.64,0.56,48.16,0.01,1.2,2.08,1.99,10.79,30.19,30.31,8.99,2.45,0.05,18.68,122.59,3.12,0.12,0.02,0.07,4.46,3.46,6.7,0.04,2.38,1.75,0.0,4.24,1.6,0.14,3.02,17.5,2.99,31.02,10.35,0.06,0.09,0.0,0.09,8.84,0.29,7.56,5.57,4.89,2.29,10.64,28.24,0.48,1.71,0.07,0.88,4.28,29.03,1.72,0.01,0.01,8.07,43.92,0.15,53.25,186.54,2.59,9.04,0.07,8.75,34.53,0.04,,5.75,3.32,4.05
1963-01-01,9.16,1.76,11.97,0.02,0.01,5.6,0.06,21.36,2.11,0.06,10.95,7.18,4.29,0.13,0.18,55.09,0.24,8.44,9.29,0.1,2.64,0.05,0.24,3.95,3.45,0.55,79.92,0.01,0.1,8.08,5.0,2.95,0.23,5.91,5.43,18.96,0.01,1.78,3.21,8.66,682.34,17.21,0.21,16.52,1.14,1.5,4.16,4.23,7.74,0.13,0.61,9.67,4.68,0.1,0.06,3.64,5.03,29.25,3.01,0.28,1.07,1.26,0.37,23.45,0.04,0.44,4.52,48.19,0.09,0.53,0.43,3.82,74.71,7.46,0.02,8.48,0.04,0.1,0.08,4.51,3.71,0.6,0.62,4.12,2.27,3.42,10.09,0.19,477.93,95.96,23.26,7.74,2.85,0.05,2.38,51.25,1.7,95.9,0.98,10.28,8.7,0.05,12.48,27.26,0.42,2.41,2.27,2.21,1.97,0.81,1.22,1.59,0.02,2.9,0.32,0.19,5.48,3.89,8.58,0.1,5.57,0.32,0.02,0.91,0.72,39.98,0.05,2.22,0.02,1.08,0.51,12.73,7.21,23.21,0.63,0.01,10.78,11.97,0.09,2.53,1.96,3.82,47.82,1.51,0.01,3.67,0.57,49.33,0.01,1.23,2.13,2.04,11.11,31.04,30.71,9.03,2.5,0.05,18.8,123.96,3.19,0.12,0.02,0.07,4.62,3.56,6.73,0.05,2.43,1.8,0.0,4.28,1.62,0.14,3.1,18.04,3.04,31.3,10.6,0.05,0.09,0.0,0.09,9.12,0.3,7.6,5.69,5.05,2.37,10.96,29.11,0.49,1.74,0.07,0.9,4.33,29.83,1.78,0.01,0.01,8.31,44.45,0.16,53.65,189.24,2.62,9.39,0.07,9.06,35.53,0.04,,5.86,3.43,4.18
1964-01-01,9.36,1.81,12.18,0.02,0.01,5.67,0.06,21.71,2.17,0.06,11.17,7.22,4.44,0.14,0.19,56.77,0.24,8.52,9.38,0.1,2.69,0.05,0.25,4.03,3.51,0.56,82.26,0.01,0.1,8.14,5.08,3.03,0.24,6.04,5.56,19.32,0.01,1.81,3.27,8.83,698.36,17.74,0.21,16.97,1.17,1.55,4.32,4.25,7.9,0.13,0.61,9.73,4.72,0.1,0.06,3.75,5.18,30.03,3.1,0.29,1.09,1.28,0.38,24.07,0.04,0.46,4.55,48.73,0.1,0.54,0.45,3.87,75.32,7.64,0.02,8.51,0.04,0.1,0.08,4.64,3.78,0.59,0.64,4.2,2.33,3.5,10.12,0.19,489.06,98.68,23.95,8.0,2.87,0.05,2.48,51.68,1.73,96.9,1.03,10.59,9.05,0.05,12.79,27.98,0.47,2.5,2.33,2.24,2.03,0.83,1.26,1.65,0.02,2.94,0.33,0.2,5.63,3.99,8.84,0.1,5.65,0.32,0.02,0.94,0.74,41.33,0.05,2.26,0.02,1.1,0.52,13.04,7.36,23.74,0.64,0.01,11.0,12.13,0.09,2.59,2.02,3.94,48.86,1.53,0.01,3.69,0.58,50.55,0.01,1.27,2.18,2.09,11.44,31.92,31.14,9.04,2.55,0.06,18.92,125.34,3.26,0.13,0.02,0.07,4.8,3.66,6.76,0.05,2.47,1.84,0.0,4.33,1.63,0.15,3.18,18.6,3.09,31.61,10.85,0.05,0.1,0.0,0.09,9.41,0.31,7.66,5.79,5.2,2.45,11.29,30.01,0.5,1.77,0.08,0.91,4.39,30.61,1.84,0.01,0.01,8.56,44.94,0.17,54.0,191.89,2.65,9.76,0.07,9.37,36.51,0.04,,5.97,3.54,4.31
1965-01-01,9.57,1.86,12.38,0.02,0.01,5.74,0.06,22.05,2.23,0.06,11.39,7.27,4.57,0.14,0.19,58.5,0.24,8.61,9.46,0.1,2.74,0.05,0.26,4.12,3.57,0.57,84.62,0.01,0.11,8.2,5.16,3.12,0.24,6.17,5.69,19.68,0.01,1.85,3.34,8.99,715.18,18.28,0.21,17.44,1.21,1.6,4.49,4.28,8.07,0.14,0.62,9.78,4.76,0.11,0.06,3.87,5.34,30.82,3.18,0.3,1.12,1.29,0.39,24.73,0.04,0.47,4.56,49.28,0.1,0.55,0.46,3.92,75.96,7.83,0.02,8.55,0.04,0.1,0.08,4.77,3.85,0.58,0.65,4.27,2.4,3.6,10.15,0.19,500.11,101.16,24.67,8.27,2.88,0.05,2.56,52.11,1.75,97.95,1.09,10.9,9.42,0.05,13.11,28.7,0.51,2.57,2.38,2.27,2.09,0.86,1.29,1.7,0.02,2.97,0.33,0.21,5.78,4.09,9.09,0.1,5.73,0.32,0.02,0.97,0.75,42.74,0.05,2.3,0.02,1.13,0.53,13.38,7.52,24.29,0.66,0.01,11.23,12.29,0.09,2.63,2.08,4.05,49.93,1.55,0.01,3.72,0.59,51.84,0.01,1.31,2.22,2.14,11.78,32.81,31.44,9.0,2.59,0.06,19.03,126.74,3.35,0.13,0.02,0.07,4.98,3.77,6.79,0.05,2.52,1.89,0.0,4.37,1.65,0.15,3.27,19.19,3.14,31.95,11.11,0.05,0.1,0.0,0.09,9.71,0.32,7.73,5.86,5.37,2.54,11.63,30.94,0.51,1.82,0.08,0.93,4.46,31.37,1.9,0.01,0.01,8.83,45.39,0.17,54.35,194.3,2.68,10.13,0.07,9.69,37.47,0.04,,6.1,3.66,4.45
1966-01-01,9.78,1.91,12.61,0.02,0.01,5.79,0.06,22.4,2.3,0.06,11.65,7.32,4.71,0.15,0.2,60.27,0.24,8.7,9.53,0.11,2.79,0.05,0.26,4.2,3.62,0.57,86.98,0.01,0.11,8.26,5.24,3.19,0.25,6.3,5.83,20.05,0.01,1.89,3.4,9.16,735.4,18.81,0.22,17.94,1.24,1.65,4.67,4.31,8.23,0.14,0.62,9.82,4.8,0.11,0.06,3.99,5.5,31.61,3.27,0.3,1.15,1.31,0.4,25.38,0.04,0.48,4.58,49.82,0.1,0.56,0.47,3.97,76.6,8.02,0.02,8.61,0.04,0.1,0.08,4.91,3.92,0.57,0.66,4.35,2.47,3.63,10.18,0.2,510.99,103.56,25.4,8.55,2.89,0.05,2.63,52.52,1.77,98.85,1.17,11.2,9.8,0.05,13.44,29.44,0.57,2.66,2.43,2.28,2.15,0.89,1.32,1.74,0.02,3.01,0.33,0.22,5.94,4.19,9.34,0.11,5.81,0.32,0.02,0.99,0.77,44.18,0.05,2.34,0.02,1.17,0.53,13.74,7.69,24.85,0.67,0.01,11.47,12.46,0.09,2.68,2.15,4.17,51.02,1.57,0.01,3.75,0.61,53.2,0.01,1.35,2.27,2.2,12.13,33.7,31.68,8.93,2.62,0.07,19.22,127.47,3.44,0.13,0.02,0.07,5.17,3.88,6.84,0.05,2.57,1.93,0.0,4.41,1.67,0.16,3.35,19.79,3.19,32.28,11.38,0.05,0.1,0.01,0.09,10.01,0.33,7.81,5.92,5.54,2.63,11.98,31.88,0.52,1.88,0.08,0.94,4.55,32.17,1.96,0.01,0.01,9.1,45.81,0.18,54.65,196.56,2.71,10.5,0.08,10.01,38.39,0.05,,6.23,3.78,4.59
1967-01-01,10.01,1.97,12.9,0.02,0.02,5.83,0.06,22.76,2.36,0.06,11.8,7.38,4.83,0.16,0.2,62.1,0.24,8.79,9.58,0.11,2.84,0.05,0.27,4.3,3.67,0.58,89.32,0.01,0.12,8.31,5.33,3.27,0.26,6.43,5.98,20.41,0.01,1.93,3.46,9.33,754.55,19.34,0.22,18.47,1.28,1.71,4.86,4.34,8.39,0.14,0.63,9.85,4.84,0.12,0.07,4.11,5.66,32.41,3.35,0.31,1.18,1.32,0.41,26.05,0.04,0.49,4.61,50.33,0.11,0.56,0.49,4.01,76.95,8.22,0.03,8.68,0.04,0.1,0.08,5.05,3.99,0.57,0.68,4.43,2.55,3.72,10.22,0.2,521.99,106.26,26.13,8.85,2.9,0.05,2.74,52.9,1.79,99.88,1.27,11.49,10.2,0.05,13.82,30.13,0.62,2.74,2.49,2.3,2.2,0.92,1.35,1.78,0.02,3.04,0.33,0.23,6.1,4.3,9.58,0.11,5.89,0.31,0.02,1.02,0.78,45.66,0.05,2.37,0.02,1.2,0.52,14.11,7.86,25.44,0.69,0.01,11.72,12.6,0.1,2.72,2.22,4.29,52.11,1.59,0.01,3.78,0.62,54.63,0.01,1.39,2.32,2.25,12.48,34.62,31.99,8.87,2.65,0.08,19.53,128.2,3.55,0.14,0.02,0.07,5.38,4.0,6.88,0.05,2.62,1.98,0.0,4.45,1.69,0.16,3.44,20.41,3.22,32.68,11.66,0.05,0.1,0.01,0.09,10.32,0.34,7.87,5.99,5.72,2.71,12.35,32.84,0.53,1.96,0.08,0.96,4.66,33.03,2.02,0.01,0.01,9.39,46.24,0.19,54.94,198.71,2.73,10.88,0.08,10.34,39.28,0.05,,6.37,3.9,4.73
1968-01-01,10.25,2.02,13.19,0.03,0.02,5.87,0.06,23.11,2.42,0.06,12.01,7.42,4.95,0.17,0.21,64.0,0.24,8.87,9.62,0.11,2.9,0.05,0.28,4.39,3.72,0.58,91.66,0.01,0.12,8.37,5.42,3.35,0.27,6.55,6.13,20.74,0.01,1.98,3.53,9.49,774.51,19.87,0.23,19.02,1.32,1.76,5.05,4.37,8.55,0.14,0.63,9.88,4.86,0.13,0.07,4.23,5.83,33.2,3.44,0.32,1.21,1.33,0.42,26.78,0.04,0.51,4.63,50.82,0.11,0.57,0.5,4.04,77.29,8.42,0.03,8.74,0.04,0.1,0.09,5.18,4.07,0.58,0.69,4.51,2.62,3.8,10.26,0.2,533.43,109.14,26.88,9.16,2.92,0.05,2.8,53.24,1.81,101.01,1.37,11.78,10.61,0.06,14.22,30.84,0.68,2.82,2.55,2.32,2.26,0.95,1.39,1.82,0.02,3.08,0.34,0.23,6.27,4.4,9.82,0.12,5.97,0.31,0.02,1.06,0.8,47.17,0.06,2.4,0.02,1.23,0.52,14.49,8.04,26.04,0.71,0.01,11.97,12.73,0.1,2.75,2.29,4.42,53.21,1.61,0.01,3.82,0.64,56.12,0.01,1.43,2.38,2.3,12.84,35.54,32.29,8.84,2.66,0.09,19.8,128.93,3.66,0.14,0.02,0.07,5.6,4.12,6.92,0.05,2.67,2.01,0.01,4.48,1.7,0.16,3.53,21.05,3.26,33.11,11.94,0.05,0.1,0.01,0.1,10.64,0.36,7.91,6.07,5.91,2.81,12.74,33.81,0.53,2.04,0.08,0.97,4.79,33.88,2.08,0.01,0.01,9.7,46.64,0.21,55.21,200.71,2.75,11.26,0.08,10.67,40.15,0.06,,6.52,4.03,4.89
1969-01-01,10.49,2.08,13.49,0.03,0.02,5.93,0.06,23.47,2.48,0.06,12.26,7.44,5.06,0.17,0.22,65.87,0.24,8.96,9.65,0.12,2.96,0.05,0.29,4.49,3.77,0.59,94.0,0.01,0.13,8.43,5.52,3.42,0.28,6.68,6.29,21.03,0.01,2.02,3.6,9.66,796.02,20.39,0.24,19.58,1.36,1.81,5.26,4.39,8.71,0.14,0.64,9.9,4.89,0.14,0.07,4.35,6.0,34.0,3.53,0.32,1.24,1.35,0.43,27.53,0.04,0.52,4.62,51.27,0.11,0.58,0.51,4.08,77.91,8.63,0.03,8.77,0.04,0.1,0.09,5.32,4.15,0.59,0.7,4.6,2.7,3.86,10.3,0.2,545.31,112.15,27.64,9.48,2.93,0.05,2.88,53.54,1.83,102.22,1.47,12.04,11.04,0.06,14.61,31.54,0.74,2.89,2.61,2.34,2.32,0.99,1.43,1.86,0.02,3.11,0.34,0.24,6.45,4.51,10.06,0.12,6.06,0.3,0.02,1.09,0.81,48.71,0.06,2.43,0.02,1.26,0.51,14.88,8.22,26.66,0.73,0.01,12.23,12.88,0.1,2.77,2.37,4.54,54.36,1.63,0.01,3.85,0.65,57.68,0.01,1.47,2.43,2.36,13.21,36.48,32.55,8.76,2.68,0.1,20.01,129.66,3.78,0.14,0.02,0.08,5.84,4.24,6.94,0.05,2.72,2.04,0.01,4.52,1.71,0.17,3.63,21.7,3.3,33.44,12.21,0.05,0.1,0.01,0.1,10.97,0.37,7.97,6.14,6.11,2.9,13.17,34.79,0.54,2.12,0.08,0.98,4.92,34.72,2.14,0.01,0.01,10.01,46.99,0.25,55.44,202.68,2.77,11.64,0.08,11.01,41.02,0.06,,6.67,4.16,5.04
1970-01-01,10.75,2.14,13.8,0.03,0.02,6.03,0.06,23.84,2.53,0.06,12.51,7.47,5.17,0.18,0.22,67.54,0.24,9.04,9.66,0.12,3.02,0.06,0.3,4.59,3.82,0.59,96.37,0.01,0.13,8.49,5.61,3.5,0.29,6.71,6.45,21.32,0.01,2.07,3.67,9.82,818.32,20.91,0.24,20.15,1.4,1.86,5.48,4.41,8.87,0.14,0.64,9.86,4.93,0.14,0.07,4.48,6.17,34.78,3.62,0.32,1.27,1.36,0.44,28.31,0.04,0.53,4.61,51.72,0.12,0.6,0.53,4.12,78.17,8.86,0.03,8.79,0.05,0.1,0.09,5.46,4.22,0.59,0.71,4.68,2.78,3.96,10.34,0.2,557.5,115.23,28.45,9.81,2.96,0.06,2.97,53.82,1.86,103.4,1.56,12.27,11.47,0.06,15.0,32.24,0.8,2.96,2.68,2.36,2.38,1.02,1.46,1.91,0.02,3.14,0.34,0.25,6.64,4.63,10.31,0.12,6.15,0.3,0.02,1.12,0.83,50.29,0.06,2.46,0.02,1.29,0.51,15.27,8.41,27.28,0.75,0.01,12.5,13.04,0.11,2.81,2.44,4.67,55.57,1.66,0.01,3.88,0.67,59.29,0.01,1.52,2.49,2.41,13.56,37.44,32.66,8.68,2.72,0.12,20.25,130.4,3.9,0.14,0.02,0.08,6.11,4.37,6.97,0.05,2.78,2.07,0.01,4.54,1.72,0.17,3.72,22.37,3.34,33.81,12.49,0.04,0.1,0.01,0.1,11.31,0.38,8.04,6.18,6.32,2.99,13.62,35.79,0.55,2.2,0.09,0.99,5.05,35.54,2.2,0.01,0.01,10.32,47.28,0.3,55.66,205.05,2.79,12.01,0.09,11.36,41.93,0.06,,6.84,4.28,5.2
1971-01-01,11.02,2.19,14.11,0.03,0.02,6.18,0.06,24.22,2.59,0.06,12.94,7.5,5.28,0.18,0.23,68.38,0.24,9.12,9.67,0.12,3.09,0.05,0.31,4.69,3.86,0.6,98.77,0.01,0.14,8.54,5.71,3.58,0.29,6.7,6.63,21.96,0.01,2.11,3.74,9.98,841.1,21.41,0.25,20.71,1.44,1.91,5.72,4.43,9.03,0.15,0.64,9.83,4.96,0.15,0.07,4.6,6.35,35.56,3.71,0.31,1.31,1.38,0.45,29.1,0.04,0.54,4.61,52.19,0.12,0.61,0.54,4.16,78.31,9.11,0.03,8.83,0.05,0.1,0.09,5.59,4.3,0.59,0.71,4.77,2.87,4.05,10.37,0.21,570.0,118.35,29.27,10.15,2.99,0.06,3.07,54.07,1.89,105.7,1.64,12.44,11.9,0.06,15.38,32.88,0.86,3.02,2.74,2.38,2.44,1.06,1.5,1.96,0.02,3.18,0.34,0.25,6.84,4.74,10.55,0.13,6.25,0.3,0.02,1.16,0.84,51.9,0.06,2.48,0.02,1.33,0.52,15.68,8.62,27.91,0.78,0.01,12.77,13.19,0.12,2.85,2.53,4.8,56.84,1.68,0.01,3.9,0.69,60.88,0.01,1.56,2.55,2.46,13.91,38.42,32.78,8.64,2.76,0.13,20.46,131.16,4.02,0.15,0.02,0.08,6.4,4.5,7.01,0.05,2.83,2.11,0.01,4.56,1.74,0.18,3.82,23.03,3.4,34.22,12.75,0.04,0.1,0.01,0.1,11.67,0.39,8.1,6.21,6.54,3.09,14.09,36.81,0.56,2.27,0.09,1.0,5.18,36.36,2.26,0.01,0.01,10.62,47.6,0.34,55.9,207.66,2.81,12.37,0.09,11.71,42.92,0.07,,7.02,4.4,5.36
1972-01-01,11.29,2.24,14.44,0.03,0.02,6.36,0.06,24.61,2.65,0.06,13.18,7.54,5.39,0.19,0.24,69.35,0.24,9.19,9.71,0.13,3.16,0.05,0.32,4.79,3.9,0.63,101.19,0.01,0.14,8.58,5.81,3.58,0.3,6.77,6.81,22.22,0.01,2.15,3.82,10.15,862.03,21.9,0.26,21.27,1.49,1.96,5.98,4.45,9.17,0.15,0.65,9.87,4.99,0.17,0.07,4.72,6.53,36.33,3.8,0.31,1.34,1.39,0.47,29.89,0.04,0.55,4.64,52.64,0.13,0.62,0.56,4.21,78.69,9.37,0.03,8.89,0.05,0.1,0.09,5.72,4.37,0.6,0.72,4.85,2.96,4.12,10.4,0.21,582.84,121.5,30.11,10.51,3.04,0.06,3.15,54.38,1.92,107.19,1.7,12.61,12.32,0.06,15.77,33.51,0.91,3.09,2.81,2.4,2.51,1.1,1.54,2.01,0.02,3.21,0.35,0.25,7.05,4.87,10.8,0.13,6.35,0.3,0.03,1.19,0.85,53.54,0.06,2.51,0.02,1.36,0.52,16.08,8.86,28.55,0.8,0.01,13.05,13.33,0.13,2.9,2.6,4.93,58.17,1.7,0.01,3.93,0.71,62.51,0.01,1.6,2.61,2.52,14.29,39.41,33.06,8.63,2.82,0.15,20.66,131.91,4.14,0.15,0.02,0.08,6.72,4.63,7.05,0.06,2.89,2.15,0.01,4.6,1.75,0.18,3.92,23.7,3.46,34.6,13.0,0.04,0.11,0.01,0.1,12.06,0.4,8.12,6.26,6.77,3.18,14.6,37.83,0.57,2.33,0.09,1.01,5.32,37.19,2.33,0.01,0.01,10.89,47.97,0.39,56.09,209.9,2.82,12.73,0.09,12.06,43.91,0.08,,7.22,4.52,5.53
1973-01-01,11.58,2.3,14.79,0.03,0.02,6.58,0.06,25.02,2.71,0.06,13.38,7.59,5.49,0.19,0.26,71.14,0.24,9.26,9.74,0.13,3.23,0.05,0.33,4.9,3.94,0.66,103.67,0.01,0.15,8.62,5.91,3.57,0.3,6.85,7.0,22.49,0.01,2.2,3.91,10.31,881.94,22.4,0.26,21.85,1.53,2.01,6.26,4.47,9.3,0.15,0.65,9.92,5.02,0.18,0.07,4.85,6.72,37.12,3.89,0.3,1.38,1.41,0.48,30.69,0.04,0.56,4.67,53.05,0.13,0.64,0.58,4.24,78.94,9.64,0.03,8.93,0.05,0.1,0.1,5.86,4.45,0.6,0.73,4.94,3.05,4.24,10.43,0.21,596.11,124.71,30.98,10.87,3.09,0.06,3.28,54.75,1.95,108.71,1.77,12.79,12.76,0.06,16.13,34.1,0.97,3.15,2.88,2.42,2.57,1.14,1.58,2.08,0.02,3.24,0.35,0.25,7.27,5.0,11.06,0.13,6.46,0.3,0.03,1.23,0.86,55.23,0.06,2.54,0.03,1.4,0.53,16.49,9.12,29.17,0.82,0.01,13.34,13.44,0.13,2.96,2.68,5.06,59.61,1.73,0.01,3.96,0.73,64.29,0.01,1.65,2.67,2.58,14.67,40.41,33.36,8.63,2.88,0.16,20.84,132.67,4.26,0.15,0.02,0.08,7.09,4.77,7.09,0.06,2.94,2.19,0.01,4.64,1.77,0.19,4.02,24.38,3.54,34.99,13.25,0.04,0.11,0.01,0.1,12.47,0.4,8.14,6.31,7.0,3.28,15.12,38.87,0.58,2.39,0.09,1.03,5.46,38.03,2.39,0.01,0.01,11.15,48.3,0.44,56.19,211.91,2.84,13.11,0.1,12.42,44.89,0.08,,7.42,4.65,5.71
1974-01-01,11.87,2.35,15.15,0.03,0.03,6.8,0.06,25.45,2.77,0.06,13.72,7.6,5.59,0.2,0.27,72.95,0.25,9.32,9.77,0.13,3.3,0.05,0.34,5.01,3.98,0.69,106.17,0.01,0.15,8.68,6.02,3.66,0.3,6.91,7.19,22.81,0.01,2.24,4.0,10.47,900.35,22.9,0.27,22.45,1.58,2.06,6.55,4.49,9.41,0.15,0.65,9.99,5.05,0.19,0.07,4.98,6.91,37.93,3.98,0.29,1.41,1.42,0.49,31.49,0.04,0.57,4.69,53.42,0.14,0.65,0.59,4.28,78.97,9.92,0.03,8.96,0.05,0.1,0.1,5.99,4.52,0.62,0.74,5.03,3.14,4.38,10.48,0.22,609.72,127.95,31.9,11.24,3.14,0.06,3.38,55.11,1.97,110.16,1.83,12.97,13.2,0.06,16.44,34.69,1.03,3.22,2.95,2.44,2.63,1.18,1.63,2.18,0.02,3.27,0.36,0.25,7.49,5.13,11.34,0.14,6.57,0.3,0.03,1.26,0.88,56.95,0.07,2.56,0.03,1.44,0.54,16.9,9.4,29.75,0.85,0.01,13.63,13.55,0.13,3.02,2.77,5.2,61.16,1.75,0.01,3.99,0.75,66.15,0.01,1.69,2.73,2.65,15.06,41.39,33.68,8.75,2.94,0.18,21.03,133.43,4.39,0.15,0.02,0.08,7.48,4.91,7.13,0.06,3.0,2.23,0.01,4.69,1.78,0.19,4.13,25.08,3.63,35.37,13.5,0.04,0.11,0.01,0.1,12.95,0.39,8.16,6.34,7.24,3.38,15.67,39.9,0.59,2.45,0.09,1.04,5.61,38.86,2.46,0.01,0.01,11.43,48.6,0.49,56.23,213.85,2.85,13.49,0.1,12.8,45.9,0.09,,7.63,4.79,5.9
1975-01-01,12.16,2.4,15.72,0.03,0.03,7.03,0.06,25.88,2.83,0.06,13.89,7.58,5.69,0.2,0.29,74.7,0.25,9.37,9.8,0.13,3.38,0.05,0.35,5.13,4.02,0.73,108.7,0.01,0.16,8.72,6.14,3.75,0.3,6.73,7.4,23.14,0.01,2.28,4.08,10.64,916.4,23.4,0.28,23.05,1.62,2.11,6.85,4.51,9.51,0.15,0.64,10.06,5.06,0.21,0.07,5.11,7.11,38.78,4.08,0.28,1.45,1.43,0.51,32.25,0.04,0.58,4.71,53.72,0.14,0.66,0.61,4.31,78.67,10.21,0.03,9.05,0.05,0.1,0.1,6.13,4.59,0.66,0.75,5.12,3.23,4.46,10.54,0.22,623.52,131.21,32.86,11.62,3.19,0.06,3.46,55.44,2.0,111.57,1.89,13.16,13.65,0.06,16.72,35.28,1.1,3.29,3.01,2.46,2.69,1.22,1.67,2.29,0.02,3.3,0.36,0.25,7.72,5.28,11.62,0.14,6.69,0.3,0.03,1.3,0.89,58.69,0.07,2.59,0.03,1.49,0.55,17.33,9.7,30.34,0.88,0.01,13.93,13.67,0.13,3.08,2.86,5.34,62.85,1.77,0.02,4.01,0.79,68.13,0.01,1.73,2.79,2.71,15.44,42.39,34.02,9.09,2.99,0.2,21.29,134.2,4.52,0.16,0.02,0.09,7.9,5.05,7.16,0.06,3.06,2.26,0.01,4.74,1.79,0.2,4.23,25.78,3.72,35.76,13.76,0.04,0.11,0.01,0.1,13.5,0.39,8.19,6.34,7.5,3.48,16.24,40.91,0.6,2.51,0.09,1.05,5.77,39.67,2.53,0.01,0.01,11.73,48.89,0.54,56.23,215.97,2.87,13.89,0.1,13.18,46.97,0.09,,7.86,4.93,6.1
1976-01-01,12.43,2.46,16.5,0.03,0.03,7.27,0.06,26.29,2.9,0.06,14.03,7.57,5.78,0.21,0.3,76.38,0.25,9.41,9.82,0.13,3.46,0.05,0.36,5.24,4.06,0.77,111.29,0.01,0.17,8.76,6.27,3.83,0.31,6.31,7.6,23.45,0.01,2.32,4.16,10.8,930.68,23.91,0.29,23.66,1.67,2.17,7.14,4.54,9.6,0.15,0.65,10.13,5.07,0.23,0.07,5.24,7.3,39.65,4.17,0.28,1.49,1.44,0.53,33.06,0.04,0.59,4.73,53.97,0.14,0.68,0.63,4.34,78.34,10.51,0.03,9.19,0.05,0.1,0.1,6.27,4.66,0.7,0.75,5.22,3.33,4.52,10.6,0.22,637.45,134.52,33.84,12.0,3.24,0.06,3.53,55.72,2.03,112.78,1.95,13.35,14.1,0.06,16.99,35.85,1.17,3.36,3.07,2.47,3.07,1.26,1.72,2.41,0.02,3.33,0.36,0.25,7.96,5.44,11.91,0.15,6.81,0.31,0.03,1.34,0.91,60.45,0.07,2.62,0.03,1.53,0.55,17.76,10.02,30.94,0.9,0.01,14.23,13.77,0.13,3.11,2.95,5.49,64.66,1.8,0.02,4.03,0.82,70.23,0.01,1.78,2.86,2.78,15.83,43.47,34.36,9.36,3.04,0.21,21.55,135.15,4.65,0.16,0.02,0.09,8.32,5.18,7.21,0.06,3.11,2.29,0.01,4.79,1.82,0.2,4.33,26.48,3.81,36.14,14.01,0.04,0.11,0.01,0.1,14.07,0.39,8.22,6.3,7.76,3.59,16.84,41.88,0.61,2.57,0.09,1.07,5.93,40.5,2.59,0.01,0.01,12.05,49.14,0.61,56.21,218.04,2.89,14.31,0.11,13.57,48.16,0.1,,8.09,5.08,6.29
1977-01-01,12.69,2.51,17.13,0.03,0.03,7.51,0.06,26.71,2.97,0.06,14.19,7.57,5.88,0.21,0.32,78.14,0.25,9.46,9.83,0.14,3.55,0.05,0.38,5.36,4.1,0.81,113.94,0.01,0.17,8.8,6.42,3.93,0.31,6.04,7.8,23.73,0.02,2.34,4.24,10.97,943.46,24.44,0.3,24.26,1.71,2.23,7.42,4.56,9.67,0.15,0.66,10.19,5.09,0.25,0.07,5.37,7.51,40.58,4.26,0.27,1.53,1.45,0.54,33.7,0.04,0.6,4.74,54.22,0.15,0.69,0.65,4.37,78.16,10.83,0.03,9.31,0.05,0.1,0.1,6.41,4.73,0.75,0.76,5.32,3.44,4.58,10.65,0.22,651.69,137.86,34.88,12.4,3.28,0.06,3.61,55.96,2.05,113.87,2.01,13.54,14.58,0.06,17.23,36.41,1.25,3.42,3.13,2.49,3.46,1.29,1.77,2.54,0.02,3.36,0.36,0.25,8.2,5.61,12.22,0.15,6.94,0.31,0.03,1.38,0.92,62.26,0.07,2.64,0.03,1.57,0.56,18.21,10.36,31.55,0.93,0.01,14.55,13.86,0.14,3.12,3.04,5.64,66.59,1.83,0.02,4.04,0.87,72.45,0.01,1.82,2.92,2.85,16.22,44.65,34.69,9.46,3.09,0.23,21.76,136.1,4.78,0.16,0.02,0.09,8.76,5.31,7.26,0.06,3.17,2.33,0.01,4.84,1.84,0.21,4.45,27.2,3.9,36.51,14.27,0.04,0.12,0.01,0.11,14.67,0.39,8.25,6.28,8.03,3.7,17.45,42.84,0.62,2.63,0.1,1.08,6.09,41.39,2.66,0.01,0.01,12.37,49.36,0.71,56.19,220.24,2.91,14.73,0.11,13.97,49.42,0.09,,8.35,5.23,6.45
1978-01-01,12.94,2.57,17.63,0.03,0.03,7.77,0.06,27.15,3.04,0.06,14.36,7.56,5.98,0.22,0.33,80.01,0.25,9.52,9.84,0.14,3.64,0.05,0.39,5.49,4.13,0.85,116.66,0.01,0.18,8.81,6.58,4.04,0.31,5.96,8.01,23.96,0.02,2.37,4.31,11.14,956.16,25.0,0.31,25.02,1.75,2.29,7.7,4.58,9.73,0.15,0.66,10.24,5.1,0.28,0.07,5.5,7.71,41.58,4.35,0.27,1.57,1.46,0.56,34.26,0.04,0.61,4.75,54.49,0.15,0.71,0.67,4.4,78.09,11.16,0.03,9.43,0.05,0.1,0.11,6.56,4.8,0.79,0.77,5.43,3.55,4.67,10.68,0.22,666.27,141.25,35.99,12.82,3.33,0.06,3.69,56.16,2.08,114.91,2.07,13.75,15.09,0.06,17.47,36.97,1.33,3.49,3.18,2.5,3.18,1.33,1.82,2.68,0.02,3.38,0.36,0.25,8.44,5.81,12.54,0.16,7.07,0.31,0.03,1.42,0.93,64.12,0.07,2.67,0.03,1.62,0.56,18.68,10.74,32.19,0.94,0.01,14.89,13.94,0.14,3.12,3.13,5.81,68.63,1.85,0.02,4.06,0.91,74.79,0.01,1.87,2.98,2.92,16.64,45.89,34.97,9.56,3.13,0.24,21.95,137.06,4.92,0.16,0.02,0.09,9.21,5.43,7.3,0.06,3.24,2.35,0.01,4.89,1.86,0.22,4.78,27.94,4.0,36.86,14.53,0.04,0.12,0.01,0.11,15.31,0.38,8.28,6.28,8.31,3.82,18.08,43.81,0.63,2.69,0.1,1.1,6.25,42.29,2.73,0.01,0.01,12.7,49.54,0.81,56.2,222.58,2.93,15.15,0.11,14.37,50.7,0.1,,8.62,5.39,6.55
1979-01-01,12.99,2.62,18.17,0.03,0.03,8.04,0.06,27.58,3.1,0.06,14.51,7.55,6.07,0.22,0.35,81.91,0.25,9.58,9.85,0.14,3.73,0.05,0.4,5.61,4.17,0.89,119.45,0.01,0.18,8.83,6.75,4.14,0.31,6.05,8.24,24.2,0.02,2.39,4.4,11.3,969.0,25.58,0.32,25.9,1.79,2.35,8.0,4.59,9.77,0.15,0.67,10.29,5.12,0.3,0.07,5.63,7.92,42.63,4.43,0.27,1.61,1.47,0.58,34.76,0.04,0.63,4.76,54.75,0.16,0.73,0.7,4.43,78.13,11.52,0.03,9.55,0.05,0.1,0.11,6.72,4.89,0.82,0.77,5.54,3.66,4.93,10.7,0.23,681.25,144.69,37.21,13.23,3.37,0.06,3.79,56.32,2.11,115.89,2.14,13.96,15.62,0.06,17.72,37.53,1.41,3.55,3.23,2.51,2.9,1.37,1.88,2.82,0.02,3.4,0.36,0.25,8.69,6.03,12.88,0.16,7.22,0.31,0.03,1.46,0.95,65.97,0.07,2.69,0.03,1.66,0.57,19.17,11.13,32.82,0.96,0.01,15.24,14.04,0.14,3.11,3.21,5.99,70.75,1.88,0.02,4.07,0.96,77.41,0.01,1.91,3.04,3.0,17.06,47.15,35.25,9.66,3.17,0.26,22.09,138.03,5.07,0.16,0.02,0.1,9.68,5.56,7.33,0.06,3.3,2.38,0.01,4.94,1.88,0.23,5.41,28.7,4.09,37.19,14.79,0.04,0.12,0.01,0.11,15.97,0.38,8.29,6.29,8.6,3.93,18.7,44.76,0.63,2.76,0.1,1.11,6.42,43.19,2.79,0.01,0.01,13.01,49.74,0.91,56.25,225.06,2.94,15.56,0.12,14.79,51.83,0.1,,8.9,5.55,6.66
1980-01-01,12.49,2.67,18.74,0.03,0.04,8.33,0.06,28.02,3.14,0.06,14.69,7.55,6.16,0.22,0.36,83.93,0.25,9.64,9.86,0.15,3.83,0.05,0.42,5.74,4.2,0.94,122.29,0.01,0.19,8.86,6.93,4.31,0.32,6.2,8.52,24.52,0.02,2.42,4.41,11.47,981.24,26.18,0.33,26.71,1.83,2.41,8.3,4.6,9.81,0.15,0.68,10.3,5.12,0.32,0.07,5.76,8.14,43.75,4.51,0.28,1.66,1.48,0.6,34.95,0.04,0.64,4.78,55.05,0.16,0.75,0.72,4.47,78.29,11.87,0.03,9.64,0.05,0.09,0.11,6.89,4.97,0.83,0.78,5.65,3.78,5.06,10.71,0.23,696.83,148.18,38.52,13.65,3.41,0.06,3.88,56.43,2.14,116.81,2.22,14.17,16.19,0.06,17.97,38.12,1.49,3.62,3.3,2.51,2.96,1.41,1.93,2.96,0.03,3.41,0.36,0.25,8.95,6.27,13.22,0.16,7.37,0.32,0.03,1.51,0.97,67.71,0.08,2.72,0.03,1.7,0.57,19.68,11.41,33.47,0.98,0.01,15.6,14.15,0.14,3.11,3.3,6.17,72.95,1.91,0.02,4.09,1.02,80.62,0.01,1.96,3.1,3.08,17.49,48.42,35.57,9.77,3.21,0.28,22.21,139.01,5.25,0.16,0.02,0.1,10.17,5.7,7.36,0.06,3.37,2.41,0.01,4.98,1.9,0.23,5.89,29.46,4.19,37.49,15.04,0.04,0.12,0.01,0.11,16.67,0.38,8.31,6.32,8.9,4.05,19.3,45.74,0.64,2.84,0.1,1.13,6.58,44.09,2.86,0.01,0.01,13.28,49.97,1.01,56.31,227.22,2.95,15.95,0.12,15.21,52.97,0.1,,9.2,5.72,7.05
1981-01-01,11.16,2.73,19.35,0.03,0.04,8.63,0.07,28.47,3.17,0.06,14.92,7.57,6.26,0.23,0.38,86.15,0.25,9.71,9.86,0.15,3.94,0.06,0.43,5.86,4.24,0.98,125.17,0.01,0.19,8.89,7.12,4.49,0.32,6.36,8.83,24.82,0.02,2.44,4.41,11.64,993.88,26.79,0.34,27.46,1.87,2.48,8.62,4.61,9.85,0.15,0.69,10.3,5.12,0.34,0.07,5.89,8.35,44.9,4.55,0.3,1.7,1.49,0.62,35.82,0.04,0.66,4.8,55.37,0.17,0.77,0.74,4.5,78.41,12.21,0.03,9.73,0.05,0.1,0.11,7.07,5.07,0.84,0.78,5.76,3.9,5.18,10.71,0.23,712.87,151.69,40.48,14.07,3.45,0.06,3.96,56.5,2.17,117.66,2.31,14.4,16.79,0.06,18.24,38.72,1.57,3.69,3.37,2.52,3.03,1.45,1.99,3.11,0.03,3.43,0.37,0.25,9.21,6.52,13.56,0.17,7.53,0.32,0.03,1.55,0.98,69.23,0.08,2.74,0.03,1.74,0.58,20.21,11.64,34.11,0.99,0.01,15.97,14.25,0.14,3.12,3.4,6.37,75.18,1.94,0.02,4.1,1.08,84.27,0.01,2.0,3.17,3.16,17.93,49.68,35.9,9.85,3.24,0.29,22.35,139.94,5.44,0.17,0.02,0.1,10.68,5.85,7.4,0.06,3.44,2.53,0.01,5.02,1.91,0.24,5.93,30.23,4.29,37.76,15.27,0.04,0.12,0.01,0.11,17.4,0.38,8.32,6.35,9.2,4.16,19.89,46.73,0.65,2.93,0.1,1.14,6.74,44.98,2.93,0.01,0.01,13.56,50.22,1.1,56.33,229.47,2.97,16.34,0.12,15.64,54.28,0.1,,9.53,5.9,7.51
1982-01-01,10.09,2.78,20.0,0.04,0.04,8.95,0.07,28.92,3.2,0.06,15.18,7.57,6.36,0.23,0.39,88.56,0.26,9.78,9.86,0.15,4.05,0.06,0.44,5.99,4.27,1.02,128.07,0.01,0.2,8.92,7.32,4.6,0.33,6.62,9.05,25.12,0.02,2.47,4.62,11.81,1008.63,27.41,0.35,28.22,1.91,2.55,8.95,4.63,9.91,0.15,0.7,10.31,5.12,0.36,0.07,6.01,8.57,46.09,4.6,0.32,1.75,1.5,0.63,37.21,0.04,0.68,4.83,55.69,0.17,0.79,0.77,4.54,78.33,12.58,0.03,9.79,0.05,0.1,0.12,7.26,5.17,0.86,0.78,5.88,4.02,5.26,10.71,0.23,729.17,155.23,42.5,14.47,3.49,0.06,4.03,56.54,2.2,118.48,2.41,14.63,17.41,0.06,18.5,39.33,1.65,3.76,3.45,2.53,3.07,1.49,2.05,3.27,0.03,3.46,0.37,0.26,9.47,6.78,13.92,0.17,7.7,0.33,0.03,1.6,0.99,70.66,0.08,2.77,0.03,1.78,0.59,20.75,11.9,34.74,1.01,0.01,16.35,14.31,0.15,3.16,3.49,6.56,77.39,1.96,0.02,4.11,1.14,87.83,0.01,2.05,3.24,3.25,18.37,50.94,36.23,9.91,3.28,0.31,22.48,140.82,5.65,0.17,0.02,0.1,11.2,6.01,7.44,0.06,3.51,2.65,0.01,5.06,1.91,0.25,5.95,31.02,4.4,37.99,15.5,0.04,0.13,0.01,0.11,18.13,0.38,8.33,6.39,9.51,4.28,20.5,47.7,0.66,3.02,0.1,1.16,6.91,45.95,3.01,0.01,0.01,13.88,50.38,1.17,56.31,231.66,2.98,16.74,0.12,16.07,55.63,0.1,,9.87,6.09,7.8
1983-01-01,9.95,2.84,20.68,0.04,0.04,9.28,0.07,29.38,3.24,0.06,15.39,7.56,6.46,0.24,0.4,91.05,0.26,9.84,9.86,0.16,4.17,0.06,0.46,6.12,4.31,1.06,130.98,0.01,0.21,8.94,7.53,4.73,0.33,6.88,9.24,25.37,0.02,2.5,4.86,11.98,1023.31,28.04,0.36,29.01,1.95,2.62,9.28,4.66,9.98,0.15,0.71,10.32,5.11,0.37,0.07,6.15,8.8,47.35,4.69,0.34,1.8,1.51,0.66,38.24,0.04,0.69,4.86,55.99,0.18,0.81,0.8,4.58,78.13,12.98,0.03,9.85,0.05,0.1,0.12,7.46,5.28,0.87,0.78,6.0,4.14,5.35,10.69,0.24,745.83,158.79,44.03,14.9,3.51,0.06,4.11,56.56,2.23,119.31,2.51,14.89,18.07,0.06,18.77,39.91,1.74,3.84,3.54,2.55,3.11,1.53,2.11,3.42,0.03,3.49,0.37,0.27,9.74,7.06,14.29,0.18,7.86,0.33,0.04,1.65,1.0,72.08,0.08,2.79,0.03,1.83,0.59,21.29,12.16,35.42,1.03,0.01,16.74,14.37,0.15,3.2,3.58,6.77,79.35,1.97,0.03,4.13,1.2,91.08,0.01,2.1,3.3,3.34,18.83,52.22,36.57,9.96,3.31,0.33,22.56,141.67,5.86,0.17,0.02,0.1,11.75,6.17,7.47,0.06,3.59,2.68,0.02,5.09,1.92,0.26,6.14,31.87,4.5,38.17,15.72,0.04,0.13,0.01,0.11,18.73,0.38,8.33,6.42,9.84,4.4,21.17,48.67,0.66,3.13,0.1,1.17,7.09,47.03,3.08,0.01,0.01,14.23,50.56,1.24,56.33,233.79,2.99,17.15,0.13,16.51,57.01,0.1,,10.24,6.29,8.11
1984-01-01,10.24,2.9,21.39,0.04,0.04,9.62,0.07,29.83,3.27,0.06,15.58,7.56,6.57,0.24,0.42,93.53,0.26,9.91,9.86,0.16,4.29,0.06,0.47,6.25,4.35,1.1,133.89,0.01,0.21,8.96,7.75,4.84,0.34,7.13,9.51,25.61,0.02,2.52,4.92,12.15,1036.82,28.69,0.37,29.88,2.0,2.7,9.62,4.68,10.07,0.15,0.72,10.33,5.11,0.38,0.07,6.28,9.02,48.68,4.78,0.36,1.85,1.52,0.68,39.2,0.05,0.71,4.88,56.28,0.18,0.83,0.82,4.62,77.86,13.34,0.03,9.9,0.05,0.1,0.12,7.67,5.4,0.89,0.78,6.12,4.26,5.4,10.67,0.24,762.9,162.33,45.63,15.38,3.53,0.06,4.16,56.58,2.26,120.08,2.63,15.15,18.75,0.07,19.05,40.41,1.81,3.92,3.64,2.56,3.16,1.57,2.17,3.56,0.03,3.51,0.37,0.28,10.02,7.34,14.69,0.18,8.03,0.33,0.04,1.7,1.01,73.49,0.09,2.82,0.03,1.87,0.6,21.82,12.43,36.16,1.06,0.01,17.14,14.42,0.15,3.23,3.67,6.97,81.34,1.99,0.03,4.14,1.27,94.0,0.01,2.15,3.37,3.44,19.29,53.51,36.9,10.0,3.34,0.35,22.64,142.74,6.06,0.17,0.02,0.1,12.31,6.34,7.49,0.06,3.67,2.73,0.02,5.13,1.93,0.27,6.37,32.77,4.6,38.33,15.95,0.04,0.13,0.01,0.11,19.17,0.38,8.34,6.44,10.18,4.53,21.86,49.64,0.67,3.23,0.1,1.18,7.28,48.11,3.16,0.01,0.01,14.62,50.75,1.31,56.42,235.82,3.01,17.59,0.13,16.95,58.41,0.1,,10.63,6.49,8.4
1985-01-01,10.51,2.96,22.13,0.04,0.04,9.97,0.07,30.29,3.3,0.06,15.79,7.56,6.67,0.25,0.43,95.96,0.26,9.98,9.86,0.16,4.42,0.06,0.48,6.39,4.38,1.14,136.78,0.01,0.22,8.96,7.98,4.95,0.34,7.38,9.8,25.84,0.02,2.55,4.97,12.33,1051.04,29.33,0.38,30.8,2.06,2.77,9.96,4.7,10.15,0.15,0.73,10.34,5.11,0.4,0.07,6.42,9.25,50.04,4.88,0.38,1.9,1.53,0.7,40.29,0.05,0.73,4.9,56.57,0.19,0.86,0.86,4.66,77.68,13.65,0.03,9.93,0.05,0.1,0.12,7.88,5.53,0.9,0.77,6.25,4.39,5.46,10.65,0.24,780.24,165.79,47.27,15.75,3.54,0.06,4.23,56.59,2.29,120.84,2.75,15.41,19.45,0.07,19.33,40.81,1.89,3.99,3.74,2.58,3.23,1.62,2.24,3.68,0.03,3.54,0.37,0.29,10.3,7.63,15.11,0.19,8.19,0.34,0.04,1.75,1.02,74.87,0.09,2.85,0.03,1.92,0.61,22.34,12.68,36.88,1.09,0.01,17.54,14.49,0.15,3.25,3.76,7.19,83.59,2.0,0.03,4.15,1.35,97.12,0.01,2.2,3.45,3.54,19.75,54.81,37.2,10.02,3.38,0.37,22.73,143.86,6.27,0.17,0.02,0.11,12.89,6.52,7.5,0.07,3.75,2.74,0.02,5.16,1.94,0.28,6.63,33.75,4.71,38.47,16.18,0.04,0.13,0.02,0.11,19.52,0.39,8.35,6.47,10.54,4.66,22.57,50.59,0.68,3.34,0.1,1.2,7.48,49.18,3.25,0.01,0.01,15.04,50.92,1.38,56.55,237.92,3.02,18.06,0.13,17.4,59.81,0.1,,11.04,6.69,8.69
1986-01-01,10.45,3.02,22.88,0.04,0.05,10.33,0.06,30.75,3.33,0.06,16.02,7.57,6.77,0.25,0.45,98.27,0.26,10.04,9.86,0.17,4.55,0.06,0.5,6.52,4.41,1.18,139.64,0.01,0.23,8.96,8.21,5.04,0.34,7.66,10.11,26.1,0.02,2.58,5.12,12.51,1066.79,29.96,0.39,31.73,2.12,2.85,10.31,4.72,10.24,0.15,0.74,10.34,5.12,0.42,0.07,6.55,9.49,51.42,4.97,0.4,1.95,1.54,0.73,41.46,0.05,0.74,4.92,56.87,0.19,0.88,0.89,4.7,77.72,13.97,0.03,9.97,0.05,0.1,0.13,8.1,5.67,0.91,0.77,6.38,4.52,5.52,10.63,0.24,797.88,169.14,48.91,16.15,3.54,0.06,4.3,56.6,2.32,121.48,2.88,15.72,20.16,0.07,19.61,41.21,1.97,4.07,3.85,2.6,3.31,1.66,2.31,3.8,0.03,3.58,0.37,0.3,10.59,7.91,15.56,0.2,8.33,0.34,0.04,1.8,1.03,76.22,0.09,2.88,0.03,1.97,0.61,22.82,12.91,37.57,1.13,0.01,17.94,14.57,0.16,3.25,3.85,7.41,85.8,2.01,0.04,4.17,1.44,100.62,0.01,2.25,3.52,3.64,20.21,56.11,37.46,10.03,3.41,0.38,22.84,144.89,6.5,0.17,0.02,0.11,13.48,6.71,7.54,0.07,3.84,2.73,0.02,5.19,1.97,0.29,6.91,34.88,4.82,38.58,16.41,0.04,0.13,0.02,0.11,19.89,0.39,8.37,6.5,10.91,4.8,23.32,51.54,0.69,3.44,0.1,1.22,7.68,50.22,3.34,0.01,0.01,15.49,51.1,1.47,56.68,240.13,3.04,18.56,0.14,17.86,61.22,0.1,,11.47,6.89,8.98
1987-01-01,10.32,3.08,23.59,0.04,0.05,10.69,0.06,31.22,3.35,0.06,16.26,7.57,6.88,0.26,0.47,100.49,0.26,10.11,9.87,0.17,4.69,0.06,0.51,6.66,4.44,1.22,142.47,0.01,0.24,8.97,8.43,5.16,0.35,7.98,10.43,26.45,0.02,2.62,5.3,12.71,1084.04,30.6,0.4,32.71,2.19,2.92,10.66,4.74,10.33,0.15,0.76,10.35,5.13,0.45,0.07,6.69,9.73,52.84,5.07,0.41,2.0,1.55,0.76,42.85,0.05,0.75,4.93,57.17,0.2,0.91,0.92,4.74,77.84,14.31,0.03,10.0,0.05,0.1,0.13,8.33,5.82,0.93,0.76,6.51,4.65,5.58,10.61,0.25,815.72,172.42,50.54,16.6,3.54,0.07,4.37,56.6,2.34,122.07,3.01,16.07,20.88,0.07,19.9,41.62,2.05,4.14,3.96,2.63,3.39,1.7,2.37,3.91,0.03,3.62,0.37,0.31,10.89,8.3,16.03,0.2,8.47,0.34,0.04,1.85,1.04,77.55,0.09,2.9,0.03,2.02,0.61,23.28,12.96,38.23,1.17,0.01,18.33,14.67,0.16,3.27,3.94,7.64,88.04,2.02,0.04,4.19,1.53,104.25,0.01,2.3,3.6,3.74,20.67,57.42,37.67,10.03,3.44,0.4,22.95,145.91,6.74,0.17,0.02,0.11,14.09,6.91,7.56,0.07,3.95,2.77,0.02,5.22,1.99,0.3,7.16,36.12,4.89,38.68,16.64,0.04,0.14,0.02,0.11,20.23,0.4,8.4,6.55,11.28,4.95,24.1,52.48,0.71,3.54,0.1,1.23,7.87,51.25,3.43,0.01,0.01,15.97,51.29,1.58,56.8,242.29,3.06,19.08,0.14,18.33,62.63,0.1,,11.92,7.1,9.28
1988-01-01,10.38,3.14,24.24,0.04,0.05,11.06,0.06,31.69,3.37,0.06,16.53,7.59,6.97,0.26,0.48,102.69,0.26,10.14,9.9,0.17,4.83,0.06,0.53,6.8,4.46,1.26,145.25,0.01,0.25,8.98,8.66,5.27,0.35,8.27,10.76,26.79,0.02,2.66,5.48,12.92,1101.63,31.26,0.41,33.75,2.25,3.0,11.04,4.76,10.43,0.15,0.77,10.36,5.13,0.48,0.07,6.83,9.97,54.3,5.17,0.43,2.05,1.56,0.79,44.51,0.05,0.76,4.95,57.47,0.2,0.93,0.96,4.79,78.14,14.67,0.03,10.04,0.05,0.1,0.13,8.57,5.98,0.94,0.76,6.64,4.78,5.63,10.6,0.25,833.73,175.69,52.11,16.99,3.52,0.07,4.44,56.63,2.35,122.58,3.16,16.43,21.63,0.07,20.2,42.03,2.13,4.22,4.07,2.65,3.46,1.73,2.44,4.02,0.03,3.66,0.37,0.32,11.21,8.75,16.52,0.21,8.62,0.35,0.04,1.91,1.04,78.89,0.09,2.93,0.03,2.07,0.61,23.72,12.96,38.87,1.21,0.01,18.72,14.76,0.16,3.28,4.03,7.87,90.35,2.03,0.04,4.21,1.62,107.97,0.01,2.35,3.68,3.84,21.14,58.76,37.82,10.02,3.47,0.41,23.06,146.86,6.95,0.17,0.02,0.11,14.71,7.11,7.57,0.07,4.06,2.85,0.02,5.25,2.0,0.31,7.16,37.39,4.81,38.77,16.88,0.04,0.14,0.02,0.11,20.45,0.4,8.44,6.59,11.66,5.1,24.84,53.41,0.72,3.65,0.1,1.24,8.07,52.28,3.53,0.01,0.01,16.49,51.52,1.68,56.93,244.5,3.08,19.6,0.14,18.8,64.04,0.1,,12.39,7.29,9.57
1989-01-01,10.67,3.23,24.89,0.05,0.05,11.44,0.06,32.17,3.45,0.06,16.81,7.62,7.08,0.27,0.5,104.89,0.26,10.17,9.94,0.18,4.98,0.06,0.54,6.95,4.48,1.3,148.0,0.02,0.25,8.88,8.9,5.37,0.36,8.57,11.09,27.28,0.02,2.72,5.67,13.13,1118.65,31.92,0.42,34.83,2.32,3.08,11.46,4.77,10.53,0.15,0.78,10.36,5.13,0.52,0.07,6.98,10.21,55.77,5.27,0.45,2.1,1.57,0.83,46.2,0.05,0.77,4.96,57.77,0.21,0.96,1.0,4.8,78.75,15.05,0.03,10.09,0.06,0.1,0.14,8.81,6.14,0.96,0.75,6.78,4.91,5.69,10.48,0.25,852.01,178.95,53.64,17.44,3.51,0.07,4.52,56.67,2.37,123.07,3.31,16.25,22.39,0.07,20.49,42.45,2.21,4.31,4.19,2.67,3.53,1.77,2.51,4.13,0.03,3.68,0.38,0.34,11.54,9.17,17.02,0.22,8.77,0.35,0.04,1.96,1.05,80.23,0.1,2.95,0.03,2.12,0.61,24.15,13.09,39.49,1.29,0.01,19.15,14.85,0.17,3.3,4.13,8.12,92.74,2.04,0.05,4.23,1.71,111.67,0.01,2.4,3.76,3.95,21.62,60.13,37.96,10.01,3.51,0.43,23.16,147.72,7.14,0.17,0.02,0.12,15.35,7.32,7.58,0.07,4.16,2.93,0.03,5.28,2.0,0.31,7.04,38.67,4.71,38.83,17.11,0.04,0.14,0.03,0.11,20.72,0.41,8.49,6.65,12.03,5.26,25.52,54.32,0.74,3.76,0.1,1.26,8.26,53.31,3.62,0.01,0.01,17.03,51.77,1.79,57.08,246.82,3.1,20.1,0.15,19.28,65.47,0.1,,12.87,7.49,9.85
1990-01-01,10.69,3.29,25.52,0.05,0.05,11.83,0.06,32.64,3.56,0.07,17.07,7.68,7.18,0.27,0.52,107.15,0.26,10.19,9.97,0.18,5.13,0.06,0.56,7.1,4.49,1.34,150.71,0.02,0.26,8.72,9.13,5.48,0.36,8.91,11.43,27.69,0.03,2.81,5.83,13.34,1135.18,32.6,0.43,35.99,2.39,3.16,11.91,4.78,10.63,0.15,0.79,10.33,5.14,0.58,0.07,7.13,10.45,57.21,5.37,0.47,2.15,1.57,0.85,47.88,0.05,0.78,4.99,58.04,0.21,0.98,1.04,4.8,79.43,15.45,0.03,10.2,0.06,0.1,0.14,9.05,6.35,0.97,0.75,6.93,5.05,5.7,10.37,0.25,870.45,182.16,55.79,17.66,3.51,0.07,4.66,56.72,2.39,123.48,3.48,16.35,23.16,0.08,20.8,42.87,1.67,4.39,4.31,2.66,3.59,1.8,2.21,4.24,0.03,3.7,0.38,0.35,11.88,9.54,17.52,0.22,8.95,0.35,0.05,2.01,1.06,81.72,0.1,2.97,0.03,2.16,0.61,24.57,13.3,40.1,1.37,0.01,19.62,14.95,0.17,3.33,4.23,8.37,95.21,2.04,0.05,4.24,1.8,115.41,0.02,2.45,3.86,4.06,22.11,61.56,38.11,9.98,3.54,0.44,23.2,147.97,7.32,0.17,0.02,0.12,16.0,7.54,7.59,0.07,4.33,3.05,0.03,5.3,2.0,0.32,7.0,39.88,4.75,38.87,17.33,0.04,0.14,0.03,0.11,21.09,0.41,8.56,6.72,12.41,5.42,26.21,55.23,0.76,3.88,0.1,1.27,8.44,54.32,3.72,0.01,0.01,17.59,51.89,1.9,57.25,249.62,3.12,20.51,0.15,19.75,66.91,0.1,1.98,13.38,7.69,10.11
1991-01-01,10.75,3.27,26.13,0.05,0.06,12.23,0.06,33.11,3.62,0.07,17.28,7.75,7.27,0.28,0.54,109.24,0.26,10.19,10.0,0.19,5.29,0.06,0.57,7.24,4.5,1.38,153.34,0.02,0.27,8.63,9.37,5.59,0.37,9.26,11.78,28.04,0.03,2.9,6.04,13.56,1150.78,33.27,0.44,37.19,2.45,3.24,12.37,4.69,10.71,0.14,0.8,10.31,5.15,0.63,0.07,7.28,10.69,58.61,5.46,0.48,2.04,1.56,0.89,49.94,0.05,0.78,5.01,58.56,0.22,1.01,1.08,4.84,80.01,15.84,0.03,10.32,0.06,0.1,0.14,9.3,6.62,0.99,0.74,7.07,5.2,5.75,10.37,0.26,888.94,185.36,57.99,17.85,3.53,0.07,4.95,56.76,2.41,123.96,3.67,16.45,23.92,0.08,21.12,43.3,1.34,4.46,4.44,2.65,3.67,1.83,1.94,4.34,0.03,3.7,0.39,0.36,12.25,9.83,18.02,0.23,9.12,0.36,0.05,2.07,1.07,83.35,0.1,2.97,0.03,2.2,0.61,24.99,13.56,40.68,1.42,0.01,20.13,15.07,0.18,3.5,4.33,8.63,97.69,2.04,0.05,4.26,1.9,119.2,0.02,2.5,3.99,4.17,22.58,63.04,38.25,9.96,3.56,0.46,23.0,148.39,7.49,0.17,0.02,0.12,16.65,7.75,7.6,0.07,4.38,3.14,0.03,5.3,2.0,0.33,6.73,40.91,4.87,38.97,17.54,0.04,0.14,0.03,0.11,21.45,0.42,8.62,6.8,12.78,5.56,26.89,56.1,0.77,3.99,0.1,1.28,8.62,55.32,3.82,0.01,0.01,18.17,52.0,2.01,57.42,252.98,3.14,20.95,0.15,20.23,68.36,0.1,2.07,13.9,7.88,10.38
1992-01-01,12.06,3.25,26.75,0.05,0.06,12.63,0.06,33.57,3.57,0.07,17.48,7.84,7.38,0.28,0.55,111.27,0.26,10.22,10.05,0.19,5.46,0.06,0.55,7.39,4.28,1.42,155.9,0.02,0.28,8.54,9.6,5.74,0.38,9.72,12.13,28.37,0.03,2.99,6.3,13.78,1164.97,33.94,0.45,38.33,2.52,3.32,12.84,4.58,10.78,0.14,0.81,10.32,5.17,0.62,0.07,7.43,10.91,59.99,5.55,0.5,1.92,1.53,0.93,52.01,0.05,0.79,5.04,58.85,0.22,1.04,1.13,4.87,80.62,16.24,0.03,10.4,0.06,0.1,0.14,9.54,6.83,1.02,0.74,7.21,5.34,5.8,10.37,0.26,907.57,188.56,59.37,18.39,3.56,0.07,5.12,56.8,2.43,124.42,3.87,16.44,24.66,0.08,21.44,43.75,1.62,4.52,4.56,2.61,3.75,1.86,2.05,4.44,0.03,3.7,0.39,0.37,12.62,10.12,18.53,0.24,9.31,0.37,0.05,2.15,1.08,84.99,0.1,2.98,0.03,2.24,0.61,25.4,13.82,41.24,1.46,0.01,20.7,15.18,0.18,3.53,4.43,8.91,100.18,2.02,0.05,4.29,1.99,122.38,0.02,2.55,4.14,4.28,23.05,64.54,38.36,9.95,3.59,0.47,22.79,148.54,7.66,0.17,0.02,0.13,17.28,7.97,7.65,0.07,4.3,3.23,0.03,5.31,2.0,0.34,6.43,41.76,4.96,39.16,17.74,0.04,0.15,0.03,0.11,21.78,0.42,8.67,6.88,13.16,5.66,27.58,56.94,0.78,4.11,0.1,1.29,8.8,56.3,3.93,0.01,0.01,18.8,52.15,2.12,57.58,256.51,3.15,21.45,0.16,20.7,69.79,0.11,2.16,14.43,8.07,10.64
1993-01-01,14.0,3.23,27.35,0.05,0.06,13.04,0.07,34.03,3.46,0.07,17.63,7.91,7.49,0.29,0.57,113.42,0.26,10.24,10.08,0.19,5.71,0.06,0.52,7.54,3.94,1.46,158.44,0.02,0.28,8.47,9.84,5.56,0.39,10.24,12.49,28.68,0.03,3.09,6.45,14.0,1178.44,34.61,0.46,39.58,2.59,3.41,13.32,4.6,10.84,0.14,0.83,10.33,5.19,0.61,0.07,7.58,11.13,61.38,5.63,0.52,1.98,1.49,0.95,53.79,0.05,0.79,5.07,59.11,0.22,1.07,1.17,4.91,81.16,16.64,0.03,10.46,0.06,0.1,0.15,9.79,7.05,1.06,0.75,7.35,5.5,5.9,10.36,0.26,926.35,191.74,59.76,19.3,3.58,0.07,5.26,56.83,2.46,124.83,4.08,16.38,25.39,0.08,21.77,44.19,1.65,4.52,4.69,2.56,3.82,1.89,2.13,4.54,0.03,3.68,0.4,0.38,13.02,10.26,19.05,0.25,9.51,0.37,0.05,2.24,1.1,86.65,0.11,2.97,0.03,2.27,0.61,25.81,14.21,41.79,1.51,0.01,21.27,15.29,0.18,3.57,4.53,9.19,102.78,2.0,0.05,4.31,2.07,125.55,0.02,2.61,4.29,4.39,23.51,66.08,38.46,9.96,3.62,0.49,22.76,148.46,7.9,0.17,0.02,0.13,17.85,8.2,7.7,0.07,4.3,3.31,0.03,5.33,1.99,0.35,6.62,42.53,5.02,39.36,17.92,0.04,0.15,0.03,0.11,22.16,0.42,8.72,6.94,13.54,5.72,28.47,57.78,0.8,4.08,0.1,1.29,8.98,57.3,4.03,0.01,0.01,19.46,52.18,2.22,57.72,259.92,3.17,21.94,0.16,21.17,71.18,0.11,2.26,14.99,8.27,10.79
1994-01-01,15.46,3.21,27.94,0.05,0.06,13.46,0.07,34.49,3.37,0.07,17.81,7.94,7.6,0.29,0.59,115.61,0.26,10.23,10.12,0.2,5.92,0.06,0.52,7.69,3.76,1.5,160.98,0.02,0.29,8.44,10.09,5.59,0.4,10.64,12.85,29.0,0.03,3.19,6.59,14.21,1191.84,35.3,0.47,41.51,2.67,3.49,13.8,4.65,10.89,0.14,0.84,10.33,5.21,0.62,0.07,7.72,11.35,62.78,5.69,0.54,2.04,1.46,0.95,55.62,0.04,0.79,5.09,59.33,0.23,1.09,1.21,4.84,81.44,17.04,0.03,10.51,0.06,0.1,0.15,10.04,7.26,1.09,0.75,7.49,5.65,6.04,10.34,0.27,945.26,194.93,59.99,20.25,3.59,0.07,5.4,56.84,2.48,125.18,4.28,16.15,26.13,0.08,22.11,44.64,1.64,4.52,4.81,2.52,3.89,1.91,2.13,4.64,0.03,3.66,0.4,0.39,13.44,10.13,19.59,0.25,9.71,0.37,0.05,2.32,1.11,88.31,0.11,2.97,0.03,2.3,0.61,26.2,14.91,42.34,1.56,0.01,21.79,15.38,0.19,3.62,4.63,9.49,105.46,1.98,0.05,4.34,2.13,129.25,0.02,2.66,4.45,4.5,23.98,67.65,38.54,9.99,3.65,0.5,22.73,148.41,6.73,0.17,0.02,0.13,18.37,8.42,7.73,0.07,4.31,3.42,0.03,5.35,1.99,0.36,6.96,43.27,5.14,39.55,18.09,0.04,0.15,0.03,0.11,22.7,0.43,8.78,6.99,13.92,5.8,29.6,58.61,0.81,4.09,0.1,1.3,9.14,58.31,4.13,0.01,0.01,20.13,51.92,2.33,57.87,263.13,3.19,22.38,0.17,21.64,72.5,0.11,2.37,15.55,8.47,10.86
1995-01-01,16.42,3.19,28.48,0.05,0.06,13.91,0.07,34.95,3.32,0.08,18.0,7.95,7.68,0.3,0.61,117.79,0.26,10.19,10.14,0.2,6.05,0.06,0.53,7.84,3.75,1.54,163.52,0.02,0.3,8.41,10.35,5.93,0.41,10.92,13.21,29.3,0.03,3.28,6.89,14.42,1204.86,35.97,0.48,43.29,2.74,3.57,14.3,4.62,10.93,0.15,0.86,10.33,5.23,0.63,0.07,7.87,11.56,64.17,5.75,0.56,2.16,1.44,0.95,57.48,0.04,0.79,5.11,59.54,0.23,1.12,1.24,4.66,81.68,17.44,0.03,10.56,0.06,0.1,0.15,10.29,7.47,1.12,0.75,7.63,5.81,6.16,10.33,0.27,964.28,198.14,60.79,20.95,3.61,0.07,5.54,56.84,2.51,125.47,4.46,15.82,26.88,0.08,22.39,45.09,1.66,4.56,4.93,2.49,3.96,1.93,2.14,4.73,0.03,3.63,0.41,0.4,13.87,10.11,20.14,0.26,9.92,0.38,0.05,2.38,1.12,89.97,0.11,2.95,0.03,2.33,0.61,26.6,15.59,42.88,1.61,0.01,22.31,15.46,0.19,3.67,4.72,9.81,108.19,1.98,0.05,4.36,2.17,133.12,0.02,2.72,4.62,4.6,24.45,69.25,38.59,10.03,3.68,0.52,22.68,148.38,5.69,0.17,0.02,0.13,18.89,8.63,7.63,0.08,4.32,3.52,0.03,5.36,1.99,0.38,7.21,43.99,5.3,39.72,18.24,0.04,0.15,0.03,0.11,23.29,0.43,8.83,7.04,14.31,5.92,30.56,59.42,0.82,4.28,0.1,1.31,9.29,59.31,4.23,0.02,0.01,20.68,51.51,2.43,58.02,266.28,3.21,22.78,0.17,22.11,73.76,0.11,2.47,16.1,8.68,10.99
1996-01-01,17.11,3.17,28.98,0.05,0.06,14.38,0.07,35.39,3.3,0.08,18.22,7.96,7.76,0.3,0.63,119.88,0.26,10.16,10.16,0.21,6.2,0.06,0.54,7.99,3.91,1.58,166.04,0.02,0.31,8.36,10.62,5.93,0.42,11.18,13.58,29.61,0.03,3.36,7.2,14.62,1217.55,36.63,0.49,44.12,2.82,3.66,14.81,4.56,10.96,0.15,0.88,10.32,5.26,0.64,0.07,8.01,11.78,65.57,5.8,0.58,2.26,1.42,0.97,59.35,0.04,0.8,5.12,59.76,0.24,1.15,1.28,4.49,81.91,17.84,0.03,10.61,0.06,0.1,0.15,10.54,7.68,1.14,0.75,7.77,5.98,6.44,10.31,0.27,983.28,201.37,61.6,21.64,3.64,0.07,5.69,56.86,2.53,125.76,4.61,15.58,27.62,0.08,22.61,45.52,1.7,4.63,5.04,2.46,4.03,1.96,2.2,4.82,0.03,3.6,0.41,0.4,14.32,10.31,20.69,0.26,10.13,0.38,0.05,2.43,1.13,91.59,0.11,2.95,0.03,2.36,0.61,27.0,16.08,43.42,1.65,0.01,22.78,15.53,0.2,3.73,4.81,10.15,110.96,1.99,0.05,4.38,2.21,137.23,0.02,2.77,4.79,4.71,24.91,70.94,38.62,10.06,3.72,0.53,22.62,148.16,6.72,0.18,0.03,0.14,19.41,8.84,7.62,0.08,4.35,3.67,0.03,5.37,1.99,0.39,7.47,44.66,5.43,39.89,18.37,0.04,0.15,0.03,0.11,23.86,0.44,8.84,7.07,14.71,6.04,31.14,60.21,0.83,4.45,0.1,1.31,9.43,60.29,4.3,0.02,0.01,21.25,51.06,2.57,58.17,269.39,3.23,23.22,0.17,22.57,74.95,0.11,2.59,16.61,8.9,11.18
1997-01-01,17.79,3.15,29.48,0.06,0.06,14.87,0.07,35.82,3.27,0.08,18.42,7.97,7.84,0.31,0.65,122.04,0.26,10.12,10.18,0.22,6.39,0.06,0.55,8.14,4.05,1.62,168.55,0.02,0.31,8.31,10.9,5.92,0.43,11.43,13.94,29.91,0.04,3.46,7.45,14.81,1230.08,37.29,0.51,44.82,2.88,3.74,15.34,4.53,11.0,0.15,0.9,10.3,5.28,0.67,0.07,8.15,11.99,66.99,5.84,0.61,2.29,1.4,0.99,61.23,0.04,0.8,5.14,59.97,0.24,1.18,1.32,4.35,82.03,18.27,0.03,10.66,0.06,0.11,0.15,10.79,7.84,1.16,0.76,7.92,6.14,6.49,10.29,0.27,1002.34,204.63,62.48,22.33,3.67,0.07,5.84,56.89,2.55,126.06,4.73,15.33,28.36,0.08,22.83,45.95,1.76,4.7,5.15,2.43,4.11,1.97,2.38,4.9,0.03,3.58,0.42,0.41,14.78,10.51,21.25,0.27,10.36,0.38,0.05,2.48,1.15,93.18,0.11,2.94,0.03,2.38,0.61,27.4,16.52,43.97,1.69,0.01,23.25,15.61,0.2,3.78,4.9,10.49,113.79,2.0,0.06,4.41,2.25,141.33,0.02,2.83,4.96,4.82,25.37,72.72,38.65,10.11,3.76,0.55,22.55,147.92,7.67,0.18,0.03,0.14,19.94,9.05,7.6,0.08,4.41,3.8,0.03,5.38,1.99,0.4,7.73,45.29,5.59,40.06,18.47,0.04,0.16,0.03,0.11,24.45,0.45,8.85,7.09,15.1,6.12,31.79,60.99,0.84,4.59,0.1,1.32,9.56,61.28,4.36,0.02,0.01,21.88,50.59,2.75,58.32,272.66,3.25,23.67,0.18,23.04,76.06,0.11,2.71,17.11,9.13,11.36
1998-01-01,18.49,3.13,29.92,0.06,0.07,15.37,0.07,36.23,3.24,0.08,18.61,7.98,7.91,0.32,0.67,124.35,0.26,10.07,10.2,0.22,6.58,0.06,0.56,8.29,4.12,1.66,171.04,0.02,0.32,8.26,11.2,6.04,0.44,11.67,14.31,30.16,0.04,3.56,7.71,15.0,1241.94,37.94,0.52,45.9,2.94,3.82,15.86,4.53,11.03,0.14,0.91,10.29,5.3,0.69,0.07,8.28,12.2,68.45,5.89,0.63,2.32,1.39,1.01,63.14,0.04,0.81,5.15,60.19,0.24,1.21,1.36,4.24,82.05,18.71,0.03,10.72,0.06,0.11,0.16,11.05,7.99,1.18,0.76,8.06,6.31,6.54,10.27,0.27,1021.43,207.86,63.46,23.05,3.71,0.07,5.97,56.91,2.58,126.4,4.84,15.07,29.14,0.09,23.02,46.29,1.82,4.77,5.25,2.41,4.18,1.99,2.64,4.98,0.03,3.55,0.42,0.42,15.25,10.73,21.81,0.27,10.62,0.39,0.05,2.55,1.16,94.77,0.11,2.94,0.03,2.41,0.61,27.79,16.92,44.52,1.74,0.01,23.7,15.71,0.21,3.82,4.97,10.85,116.69,2.01,0.07,4.43,2.28,145.48,0.02,2.89,5.14,4.92,25.82,74.49,38.66,10.16,3.78,0.58,22.51,147.67,7.91,0.18,0.03,0.14,20.47,9.26,7.57,0.08,4.45,3.93,0.03,5.39,1.98,0.41,8.06,45.85,5.7,40.22,18.56,0.04,0.16,0.03,0.11,25.03,0.46,8.85,7.11,15.5,6.16,32.63,61.75,0.86,4.73,0.1,1.32,9.68,62.24,4.43,0.02,0.01,22.54,50.14,2.92,58.49,275.85,3.26,24.05,0.18,23.5,77.13,0.11,2.78,17.61,9.37,11.55
1999-01-01,19.26,3.11,30.35,0.06,0.07,15.87,0.07,36.65,3.21,0.09,18.81,7.99,7.98,0.32,0.69,126.75,0.26,10.03,10.23,0.23,6.79,0.06,0.57,8.44,4.15,1.69,173.49,0.02,0.33,8.21,11.53,6.18,0.45,11.9,14.7,30.4,0.04,3.66,7.98,15.18,1252.73,38.59,0.53,47.23,3.02,3.9,16.35,4.51,11.07,0.14,0.93,10.28,5.32,0.72,0.07,8.41,12.41,69.91,5.92,0.66,2.36,1.39,1.02,65.08,0.05,0.82,5.17,60.5,0.25,1.24,1.4,4.16,82.1,19.18,0.03,10.76,0.06,0.11,0.16,11.31,8.17,1.21,0.76,8.21,6.48,6.61,10.24,0.28,1040.5,211.0,64.47,23.82,3.75,0.07,6.12,56.92,2.6,126.63,4.95,14.93,29.97,0.09,23.2,46.62,1.88,4.84,5.34,2.39,4.25,1.99,2.79,5.06,0.03,3.52,0.43,0.43,15.73,10.97,22.37,0.28,10.92,0.39,0.05,2.62,1.18,96.33,0.11,2.93,0.03,2.43,0.61,28.18,17.34,45.04,1.78,0.01,24.14,15.81,0.21,3.84,5.05,11.23,119.7,2.02,0.08,4.46,2.31,149.69,0.02,2.94,5.32,5.03,26.25,76.25,38.66,10.22,3.8,0.61,22.47,147.21,8.01,0.18,0.03,0.14,21.01,9.48,7.54,0.08,4.48,3.96,0.03,5.4,1.98,0.42,8.38,46.36,5.85,40.39,18.66,0.04,0.16,0.03,0.11,25.63,0.47,8.86,7.14,15.9,6.19,33.5,62.44,0.87,4.87,0.1,1.33,9.79,63.19,4.5,0.02,0.01,23.28,49.67,3.1,58.68,279.04,3.28,24.31,0.19,23.97,78.12,0.11,2.85,18.11,9.62,11.72
2000-01-01,19.54,3.09,30.77,0.06,0.07,16.39,0.08,37.07,3.17,0.09,19.03,8.01,8.05,0.33,0.71,129.19,0.26,9.98,10.25,0.24,7.0,0.06,0.59,8.59,4.18,1.73,175.87,0.02,0.33,8.17,11.88,6.31,0.46,12.12,15.09,30.69,0.04,3.76,8.26,15.35,1262.64,39.22,0.54,48.62,3.13,3.98,16.8,4.47,11.11,0.13,0.95,10.26,5.34,0.74,0.07,8.54,12.63,71.37,5.96,0.68,2.39,1.4,1.03,67.03,0.05,0.83,5.18,60.92,0.25,1.27,1.44,4.08,82.21,19.67,0.03,10.81,0.06,0.11,0.16,11.59,8.34,1.23,0.76,8.36,6.66,6.66,10.21,0.28,1059.63,214.07,65.54,24.63,3.81,0.08,6.29,56.94,2.61,126.84,5.06,14.88,30.85,0.09,23.37,47.01,1.93,4.9,5.43,2.37,4.32,2.0,2.9,5.15,0.03,3.5,0.44,0.43,16.22,11.23,22.95,0.28,11.24,0.39,0.05,2.7,1.19,97.87,0.11,2.92,0.03,2.45,0.6,28.55,17.77,45.54,1.82,0.01,24.56,15.93,0.21,3.86,5.12,11.62,122.85,2.03,0.08,4.49,2.34,154.37,0.02,3.0,5.51,5.12,26.65,77.96,38.26,10.29,3.81,0.65,22.44,146.6,8.11,0.18,0.03,0.14,21.55,9.7,7.52,0.08,4.58,4.03,0.03,5.39,1.99,0.43,8.72,46.81,6.11,40.57,18.78,0.05,0.16,0.03,0.11,26.3,0.48,8.87,7.18,16.31,6.27,34.46,63.07,0.88,5.01,0.1,1.33,9.89,64.11,4.57,0.02,0.01,24.02,49.18,3.28,58.89,282.16,3.29,24.65,0.19,24.43,79.0,0.11,2.92,18.63,9.89,11.83
2001-01-01,19.69,3.06,31.2,0.06,0.07,16.94,0.08,37.48,3.13,0.09,19.27,8.04,8.11,0.33,0.73,131.67,0.27,9.93,10.29,0.25,7.21,0.06,0.6,8.75,4.19,1.76,178.21,0.02,0.34,8.01,12.25,6.47,0.47,12.34,15.49,31.02,0.04,3.84,8.54,15.52,1271.85,39.84,0.55,50.11,3.25,4.05,17.25,4.3,11.14,0.13,0.96,10.22,5.36,0.77,0.07,8.67,12.85,72.85,5.99,0.72,2.46,1.39,1.04,69.02,0.05,0.84,5.19,61.37,0.26,1.31,1.48,4.01,82.35,20.2,0.03,10.86,0.06,0.11,0.16,11.87,8.45,1.26,0.76,8.51,6.84,6.71,10.19,0.28,1078.97,217.11,66.67,25.43,3.87,0.08,6.44,56.97,2.63,127.15,5.16,14.86,31.8,0.09,23.51,47.37,1.99,4.95,5.52,2.34,4.39,2.0,2.98,5.28,0.03,3.47,0.44,0.44,16.71,11.5,23.54,0.29,11.58,0.39,0.05,2.76,1.2,99.39,0.11,2.92,0.03,2.47,0.61,28.93,18.22,46.01,1.86,0.01,24.96,16.05,0.22,3.88,5.19,12.03,126.15,2.03,0.08,4.51,2.37,159.22,0.02,3.06,5.7,5.21,27.01,79.63,38.25,10.36,3.82,0.68,22.13,145.98,8.22,0.19,0.03,0.15,22.09,9.94,7.5,0.08,4.86,4.14,0.03,5.38,1.99,0.44,9.07,47.23,6.39,40.85,18.91,0.05,0.16,0.03,0.11,26.95,0.49,8.9,7.23,16.73,6.41,35.41,63.65,0.89,5.15,0.1,1.34,10.0,65.07,4.64,0.02,0.01,24.76,48.66,3.45,59.12,284.97,3.3,24.96,0.2,24.88,79.82,0.11,3.0,19.14,10.19,11.91
2002-01-01,21.0,3.05,31.62,0.06,0.07,17.52,0.08,37.89,3.11,0.09,19.5,8.08,8.17,0.33,0.75,134.14,0.27,9.87,10.33,0.26,7.43,0.06,0.62,8.9,4.2,1.8,180.48,0.02,0.35,7.84,12.63,6.65,0.47,12.56,15.91,31.36,0.04,3.93,8.84,15.69,1280.4,40.45,0.56,51.66,3.33,4.12,17.68,4.3,11.17,0.13,0.98,10.2,5.38,0.79,0.07,8.8,13.07,74.39,6.01,0.75,2.55,1.38,1.05,71.07,0.05,0.85,5.2,61.82,0.26,1.34,1.52,3.98,82.49,20.76,0.03,10.9,0.06,0.11,0.16,12.15,8.58,1.29,0.76,8.66,7.02,6.74,10.16,0.29,1098.31,220.12,67.33,26.26,3.93,0.08,6.57,57.06,2.64,127.44,5.28,14.86,32.78,0.09,23.64,47.64,2.05,4.99,5.61,2.31,4.45,2.0,3.06,5.41,0.03,3.44,0.45,0.45,17.21,11.78,24.14,0.29,11.95,0.4,0.05,2.82,1.2,100.92,0.11,2.91,0.03,2.49,0.61,29.3,18.69,46.48,1.89,0.01,25.33,16.15,0.22,3.95,5.26,12.46,129.58,2.02,0.08,4.54,2.4,163.26,0.02,3.12,5.89,5.29,27.33,81.29,38.23,10.42,3.82,0.71,21.73,145.31,8.37,0.19,0.03,0.15,22.62,10.18,7.5,0.08,5.14,4.18,0.03,5.38,1.99,0.45,9.41,47.66,6.69,41.43,19.06,0.05,0.16,0.03,0.11,27.57,0.5,8.92,7.28,17.16,6.54,36.35,64.22,0.91,5.28,0.1,1.35,10.09,65.99,4.7,0.02,0.01,25.55,48.2,3.63,59.37,287.63,3.31,25.27,0.2,25.33,80.64,0.11,3.08,19.66,10.51,11.98
2003-01-01,22.65,3.04,32.06,0.06,0.07,18.12,0.08,38.28,3.08,0.09,19.72,8.12,8.23,0.34,0.78,136.5,0.27,9.8,10.38,0.26,7.66,0.06,0.63,9.06,4.18,1.83,182.63,0.02,0.35,7.78,13.03,6.86,0.48,12.79,16.35,31.64,0.04,4.03,9.2,15.86,1288.4,41.06,0.57,53.21,3.42,4.19,18.12,4.3,11.2,0.13,1.0,10.19,5.39,0.81,0.07,8.92,13.3,75.96,6.03,0.79,2.65,1.37,1.06,73.17,0.05,0.86,5.21,62.26,0.26,1.38,1.57,3.95,82.53,21.33,0.03,10.93,0.06,0.11,0.16,12.42,8.77,1.32,0.76,8.81,7.2,6.73,10.13,0.29,1117.42,223.08,67.95,27.07,4.0,0.08,6.69,57.31,2.65,127.72,5.4,14.91,33.77,0.09,23.78,47.89,2.1,5.04,5.69,2.29,4.5,1.99,3.09,5.54,0.03,3.42,0.45,0.46,17.72,12.09,24.74,0.3,12.34,0.4,0.05,2.88,1.21,102.43,0.11,2.9,0.03,2.52,0.61,29.66,19.19,46.92,1.92,0.01,25.68,16.23,0.23,4.03,5.32,12.9,133.12,2.03,0.07,4.56,2.43,166.88,0.02,3.18,6.09,5.35,27.62,82.94,38.2,10.46,3.83,0.75,21.57,144.65,8.57,0.19,0.03,0.15,23.15,10.43,7.48,0.08,5.35,4.11,0.03,5.37,2.0,0.46,9.76,48.1,6.99,42.19,19.22,0.05,0.16,0.03,0.11,28.19,0.5,8.96,7.34,17.61,6.67,37.33,64.78,0.93,5.42,0.1,1.35,10.19,66.87,4.76,0.02,0.01,26.35,47.81,3.81,59.65,290.11,3.31,25.57,0.21,25.78,81.48,0.11,3.15,20.19,10.84,12.08
2004-01-01,23.55,3.03,32.51,0.06,0.08,18.77,0.08,38.67,3.07,0.09,19.93,8.17,8.31,0.34,0.83,138.79,0.27,9.73,10.42,0.27,7.89,0.06,0.65,9.22,4.14,1.86,184.72,0.02,0.36,7.72,13.45,7.12,0.49,13.02,16.81,31.94,0.05,4.12,9.61,16.02,1296.08,41.65,0.58,54.82,3.54,4.25,18.54,4.3,11.23,0.13,1.02,10.2,5.4,0.82,0.07,9.04,13.53,77.52,6.04,0.83,2.76,1.36,1.07,75.3,0.05,0.87,5.23,62.72,0.27,1.42,1.61,3.93,82.52,21.91,0.03,10.96,0.06,0.11,0.16,12.68,8.96,1.35,0.76,8.96,7.38,6.78,10.11,0.29,1136.26,225.94,69.06,27.86,4.07,0.08,6.81,57.69,2.66,127.76,5.53,15.01,34.79,0.1,23.95,48.08,2.15,5.1,5.77,2.26,4.57,1.99,3.12,5.69,0.03,3.38,0.46,0.48,18.25,12.41,25.33,0.3,12.75,0.4,0.05,2.95,1.22,103.95,0.11,2.9,0.03,2.54,0.61,30.03,19.69,47.34,1.94,0.01,26.0,16.28,0.23,4.09,5.39,13.37,136.76,2.03,0.07,4.59,2.47,170.65,0.02,3.24,6.29,5.42,27.89,84.61,38.18,10.48,3.83,0.78,21.45,144.07,8.79,0.19,0.03,0.16,23.66,10.7,7.46,0.08,5.53,4.17,0.03,5.37,2.0,0.47,10.12,48.56,7.32,42.92,19.39,0.05,0.16,0.03,0.11,28.83,0.51,8.99,7.39,18.08,6.8,38.36,65.31,0.95,5.57,0.11,1.36,10.29,67.79,4.82,0.02,0.01,27.15,47.45,3.99,59.99,292.81,3.31,25.86,0.21,26.23,82.31,0.11,3.24,20.73,11.19,12.16
2005-01-01,24.41,3.01,32.96,0.06,0.08,19.45,0.08,39.07,3.05,0.09,20.18,8.23,8.39,0.35,0.9,140.91,0.27,9.66,10.48,0.28,8.15,0.06,0.66,9.38,4.09,1.89,186.8,0.02,0.37,7.66,13.88,7.39,0.49,13.25,17.28,32.24,0.05,4.21,10.01,16.18,1303.72,42.22,0.59,56.55,3.67,4.32,18.97,4.31,11.25,0.14,1.04,10.21,5.42,0.83,0.07,9.16,13.77,79.08,6.04,0.86,2.83,1.35,1.07,77.47,0.05,0.87,5.25,63.19,0.27,1.46,1.66,3.9,82.47,22.5,0.03,10.99,0.06,0.11,0.16,12.95,9.14,1.38,0.76,9.11,7.56,6.81,10.09,0.3,1154.64,228.81,70.18,28.7,4.16,0.08,6.93,57.97,2.68,127.77,5.68,15.15,35.84,0.1,24.1,48.18,2.24,5.16,5.85,2.24,4.64,1.98,3.27,5.84,0.03,3.32,0.47,0.49,18.79,12.76,25.92,0.31,13.18,0.4,0.05,3.01,1.23,105.44,0.11,2.89,0.03,2.56,0.61,30.43,20.21,47.72,1.96,0.01,26.29,16.32,0.23,4.13,5.45,13.86,140.49,2.04,0.07,4.62,2.52,174.37,0.02,3.31,6.5,5.48,28.15,86.26,38.17,10.5,3.82,0.85,21.32,143.52,9.03,0.19,0.03,0.16,24.4,10.97,7.44,0.08,5.68,4.27,0.03,5.37,2.0,0.48,10.47,49.02,7.66,43.65,19.54,0.05,0.17,0.03,0.11,29.54,0.52,9.03,7.44,18.58,6.93,39.44,65.82,0.97,5.71,0.11,1.37,10.39,68.7,4.89,0.02,0.01,27.95,47.11,4.28,60.4,295.52,3.32,26.17,0.22,26.67,83.14,0.11,3.32,21.32,11.56,12.22
2006-01-01,25.44,2.99,33.44,0.06,0.08,20.16,0.08,39.48,3.03,0.1,20.45,8.27,8.48,0.35,0.97,142.63,0.27,9.6,10.55,0.29,8.4,0.06,0.67,9.54,4.06,1.93,188.82,0.02,0.37,7.6,14.32,7.66,0.5,13.48,17.75,32.57,0.05,4.29,10.37,16.33,1311.02,42.77,0.6,58.38,3.81,4.38,19.39,4.31,11.26,0.14,1.06,10.24,5.44,0.85,0.07,9.28,14.01,80.63,6.03,0.91,2.88,1.35,1.08,79.69,0.05,0.88,5.27,63.63,0.27,1.5,1.71,3.88,82.38,23.1,0.03,11.02,0.06,0.11,0.16,13.21,9.33,1.41,0.76,9.27,7.75,6.86,10.07,0.3,1172.37,231.8,71.28,28.91,4.27,0.08,7.05,58.14,2.69,127.85,6.08,15.31,36.93,0.1,24.24,48.44,2.36,5.22,5.95,2.22,4.72,1.98,3.46,5.97,0.03,3.27,0.47,0.5,19.35,13.12,26.51,0.31,13.62,0.41,0.05,3.08,1.23,106.89,0.11,2.88,0.03,2.58,0.62,30.83,20.74,48.09,1.99,0.01,26.52,16.35,0.24,4.18,5.53,14.37,144.33,2.04,0.07,4.66,2.56,178.07,0.02,3.37,6.71,5.53,28.38,87.9,38.14,10.52,3.81,1.02,21.19,143.05,9.27,0.19,0.03,0.17,25.38,11.26,7.41,0.08,5.81,4.4,0.03,5.37,2.01,0.49,10.78,49.49,8.03,44.4,19.7,0.05,0.17,0.03,0.11,30.33,0.52,9.08,7.48,19.43,7.06,40.56,66.32,0.99,5.87,0.11,1.38,10.48,69.6,4.95,0.03,0.01,28.77,46.79,4.9,60.85,298.38,3.32,26.49,0.22,27.1,83.95,0.11,3.41,21.97,11.97,12.33
2007-01-01,25.9,2.97,33.98,0.06,0.08,20.91,0.08,39.88,3.0,0.1,20.83,8.3,8.58,0.36,1.04,144.14,0.27,9.56,10.63,0.3,8.65,0.06,0.68,9.71,4.01,1.97,190.78,0.03,0.38,7.55,14.76,7.94,0.5,13.71,18.25,32.89,0.05,4.38,10.72,16.5,1317.88,43.31,0.62,60.29,3.96,4.44,19.82,4.31,11.27,0.14,1.07,10.3,5.46,0.87,0.07,9.4,14.25,82.22,6.04,0.95,2.93,1.34,1.08,82.0,0.05,0.89,5.29,64.02,0.28,1.55,1.76,3.86,82.27,23.71,0.03,11.05,0.06,0.11,0.16,13.48,9.55,1.45,0.76,9.42,7.92,6.92,10.06,0.31,1189.69,234.86,72.32,28.66,4.4,0.08,7.18,58.44,2.7,128.0,6.47,15.48,38.04,0.1,24.36,48.68,2.51,5.27,6.04,2.2,4.81,1.98,3.63,6.1,0.04,3.23,0.48,0.52,19.92,13.5,27.09,0.33,14.08,0.41,0.05,3.15,1.24,108.3,0.11,2.87,0.03,2.61,0.62,31.23,21.28,48.45,2.01,0.01,26.71,16.38,0.24,4.22,5.61,14.9,148.29,2.04,0.06,4.71,2.61,181.92,0.02,3.43,6.92,5.59,28.6,89.56,38.12,10.54,3.78,1.23,20.88,142.81,9.52,0.19,0.03,0.17,26.4,11.56,7.38,0.09,5.94,4.59,0.03,5.37,2.02,0.5,11.12,50.0,8.42,45.23,19.84,0.05,0.17,0.03,0.11,31.19,0.53,9.15,7.55,20.7,7.19,41.72,66.83,1.02,6.05,0.11,1.38,10.58,70.47,5.02,0.03,0.01,29.63,46.51,5.87,61.32,301.23,3.33,26.87,0.23,27.53,84.76,0.11,3.49,22.64,12.4,12.45
2008-01-01,26.43,2.95,34.57,0.06,0.08,21.69,0.08,40.27,2.98,0.1,21.25,8.32,8.76,0.36,1.11,145.42,0.27,9.53,10.71,0.31,8.91,0.07,0.69,9.88,3.94,2.01,192.67,0.03,0.38,7.49,15.2,8.28,0.51,13.94,18.78,33.25,0.05,4.47,11.1,16.66,1324.66,43.82,0.63,62.25,4.09,4.5,20.24,4.31,11.28,0.15,1.09,10.38,5.49,0.88,0.07,9.52,14.5,83.84,6.07,0.99,3.01,1.34,1.09,84.36,0.05,0.9,5.31,64.38,0.28,1.6,1.82,3.85,82.11,24.33,0.03,11.08,0.06,0.11,0.16,13.74,9.78,1.49,0.75,9.58,8.1,6.96,10.04,0.32,1206.73,237.94,73.32,29.22,4.49,0.08,7.31,58.83,2.71,128.06,6.63,15.78,39.19,0.1,24.47,49.05,2.65,5.32,6.14,2.18,4.89,2.0,3.78,6.23,0.04,3.2,0.49,0.53,20.51,13.89,27.66,0.34,14.55,0.41,0.05,3.23,1.24,109.68,0.11,2.87,0.03,2.63,0.62,31.63,21.85,48.73,2.04,0.01,26.88,16.45,0.24,4.26,5.69,15.46,152.38,2.05,0.06,4.77,2.65,185.93,0.02,3.5,7.14,5.65,28.81,91.25,38.13,10.56,3.76,1.44,20.54,142.74,9.78,0.19,0.03,0.17,27.44,11.87,7.35,0.09,6.09,4.84,0.03,5.38,2.02,0.52,11.44,50.57,8.82,45.95,19.98,0.05,0.17,0.04,0.11,32.07,0.53,9.22,7.65,21.47,7.32,42.87,67.33,1.04,6.22,0.11,1.39,10.68,71.32,5.1,0.03,0.01,30.51,46.26,6.99,61.81,304.09,3.34,27.3,0.23,27.93,85.6,0.11,3.59,23.33,12.85,12.55
2009-01-01,27.39,2.93,35.2,0.06,0.07,22.51,0.08,40.68,2.96,0.1,21.69,8.34,8.95,0.37,1.18,146.71,0.27,9.5,10.8,0.31,9.17,0.07,0.7,10.05,3.88,2.05,194.52,0.03,0.39,7.44,15.65,8.71,0.52,14.16,19.32,33.63,0.05,4.56,11.5,16.83,1331.26,44.31,0.64,64.27,4.26,4.56,20.68,4.31,11.28,0.15,1.11,10.44,5.52,0.9,0.07,9.65,14.74,85.5,6.09,1.04,3.08,1.33,1.09,86.76,0.05,0.9,5.34,64.71,0.28,1.65,1.88,3.81,81.9,24.95,0.03,11.11,0.06,0.11,0.16,14.0,10.02,1.53,0.75,9.73,8.28,6.97,10.02,0.32,1223.64,240.98,74.32,30.29,4.54,0.08,7.49,59.1,2.72,128.05,6.78,16.09,40.36,0.11,24.58,49.31,2.8,5.38,6.23,2.14,4.95,2.01,3.91,6.36,0.04,3.16,0.5,0.54,21.12,14.3,28.22,0.35,15.03,0.41,0.05,3.32,1.25,111.05,0.11,2.87,0.03,2.67,0.62,32.04,22.44,49.02,2.07,0.01,27.03,16.53,0.25,4.3,5.77,16.04,156.6,2.05,0.06,4.83,2.7,190.12,0.02,3.56,7.36,5.7,29.01,92.95,38.15,10.57,3.74,1.61,20.37,142.79,10.04,0.19,0.03,0.18,28.48,12.2,7.32,0.09,6.26,4.99,0.03,5.39,2.04,0.53,11.73,51.17,9.23,46.36,20.12,0.05,0.17,0.04,0.11,32.95,0.54,9.3,7.74,21.83,7.47,43.96,67.81,1.07,6.4,0.11,1.4,10.78,72.23,5.18,0.03,0.01,31.41,46.05,7.99,62.28,306.77,3.34,27.77,0.24,28.33,86.48,0.11,3.69,24.03,13.32,12.68
2010-01-01,28.19,2.91,35.86,0.05,0.07,23.36,0.09,40.79,2.95,0.1,22.03,8.36,9.05,0.37,1.21,148.39,0.27,9.48,10.9,0.32,9.45,0.07,0.71,10.22,3.81,2.09,196.35,0.03,0.4,7.4,16.12,9.13,0.52,14.36,19.88,34.0,0.05,4.66,11.89,17.0,1337.7,44.82,0.66,66.39,4.44,4.62,21.12,4.3,11.29,0.15,1.13,10.47,5.55,0.92,0.07,9.78,14.99,87.25,6.11,1.09,3.15,1.33,1.1,89.24,0.05,0.91,5.36,65.03,0.28,1.71,1.94,3.79,81.78,25.57,0.03,11.12,0.06,0.11,0.16,14.26,10.27,1.57,0.75,9.84,8.45,7.02,10.0,0.32,1240.61,244.02,75.37,31.26,4.56,0.08,7.62,59.28,2.73,128.07,6.93,16.32,41.52,0.11,24.69,49.55,2.94,5.45,6.32,2.1,5.0,2.02,4.02,6.49,0.04,3.1,0.51,0.56,21.73,14.72,28.72,0.36,15.53,0.41,0.05,3.42,1.25,112.53,0.11,2.86,0.03,2.7,0.62,32.46,23.07,49.39,2.1,0.01,27.16,16.62,0.25,4.35,5.86,16.65,160.95,2.06,0.05,4.89,2.88,194.45,0.02,3.62,7.58,5.77,29.23,94.64,38.04,10.57,3.72,1.71,20.25,142.85,10.31,0.19,0.03,0.18,29.41,12.53,7.29,0.09,6.44,5.08,0.03,5.39,2.05,0.54,12.03,51.78,9.71,46.58,20.26,0.05,0.17,0.04,0.11,33.74,0.55,9.38,7.82,22.34,7.62,45.11,68.27,1.09,6.57,0.11,1.41,10.9,73.2,5.27,0.03,0.01,32.34,45.87,8.48,62.77,309.33,3.35,28.56,0.25,28.72,87.41,0.11,3.79,24.74,13.79,12.84
2011-01-01,29.25,2.91,36.54,0.05,0.07,24.26,0.09,41.26,2.93,0.1,22.34,8.39,9.17,0.38,1.21,150.21,0.28,9.46,11.04,0.33,9.73,0.06,0.71,10.4,3.74,2.13,198.19,0.03,0.4,7.35,16.6,9.46,0.53,14.57,20.45,34.34,0.06,4.73,12.32,17.17,1345.04,45.31,0.67,68.65,4.58,4.68,21.56,4.28,11.3,0.15,1.15,10.5,5.57,0.94,0.07,9.9,15.24,89.2,6.14,1.14,3.21,1.33,1.11,91.82,0.05,0.91,5.39,65.35,0.29,1.77,2.0,3.76,80.27,26.21,0.03,11.1,0.06,0.11,0.17,14.52,10.53,1.61,0.74,9.95,8.62,7.07,9.97,0.32,1257.62,247.1,76.34,32.38,4.58,0.08,7.77,59.38,2.75,127.83,7.11,16.56,42.64,0.11,24.78,49.94,3.14,5.51,6.42,2.06,5.05,2.04,4.18,6.19,0.04,3.03,0.52,0.57,22.35,15.15,29.18,0.37,16.04,0.42,0.05,3.52,1.25,114.15,0.11,2.86,0.03,2.74,0.62,32.9,23.76,49.79,2.13,0.01,27.27,16.69,0.25,4.38,5.94,17.28,165.46,2.06,0.05,4.95,3.21,198.6,0.02,3.69,7.81,5.84,29.48,96.34,38.06,10.56,3.68,1.8,20.15,142.96,10.58,0.2,0.03,0.19,30.15,12.88,7.23,0.09,6.61,5.18,0.03,5.4,2.05,0.55,12.22,52.44,10.24,46.74,20.4,0.05,0.17,0.04,0.11,34.42,0.55,9.45,7.91,22.73,7.78,46.42,68.71,1.11,6.75,0.11,1.42,11.03,74.17,5.36,0.03,0.01,33.3,45.71,8.58,63.26,311.58,3.36,29.34,0.25,29.1,88.35,0.11,3.88,25.48,14.27,13.03
2012-01-01,30.47,2.9,37.26,0.05,0.07,25.19,0.09,41.73,2.91,0.1,22.73,8.43,9.3,0.38,1.22,152.09,0.28,9.45,11.11,0.34,10.01,0.06,0.72,10.57,3.67,2.18,199.98,0.03,0.41,7.31,17.11,9.8,0.53,14.79,21.03,34.71,0.06,4.77,12.75,17.34,1354.19,45.78,0.68,71.0,4.71,4.74,22.01,4.27,11.31,0.15,1.16,10.51,5.59,0.95,0.07,10.03,15.48,91.24,6.16,1.19,3.25,1.32,1.11,94.45,0.05,0.91,5.41,65.66,0.29,1.84,2.06,3.73,80.43,26.86,0.03,11.05,0.06,0.12,0.17,14.78,10.79,1.65,0.74,10.11,8.79,7.15,9.92,0.32,1274.49,250.22,77.32,33.86,4.6,0.08,7.91,59.54,2.76,127.63,7.21,16.79,43.73,0.11,24.89,50.2,3.39,5.61,6.51,2.03,5.18,2.05,4.33,5.87,0.04,2.99,0.53,0.58,22.97,15.58,29.66,0.39,16.51,0.42,0.05,3.64,1.26,115.76,0.11,2.86,0.03,2.79,0.62,33.35,24.49,50.22,2.17,0.01,27.33,16.75,0.26,4.41,6.03,17.95,170.08,2.06,0.05,5.02,3.54,202.21,0.02,3.75,8.03,5.92,29.75,98.03,38.06,10.51,3.63,1.91,20.06,143.2,10.84,0.2,0.03,0.19,30.82,13.23,7.2,0.09,6.79,5.31,0.03,5.41,2.06,0.57,12.44,53.15,10.7,46.77,20.42,0.05,0.17,0.04,0.11,35.16,0.56,9.52,8.0,22.61,7.96,47.79,69.16,1.14,6.93,0.11,1.43,11.17,75.28,5.46,0.03,0.01,34.27,45.59,8.66,63.7,313.88,3.37,29.77,0.26,29.47,89.3,0.11,3.98,26.22,14.74,13.27
2013-01-01,31.54,2.9,38.0,0.05,0.07,26.15,0.09,42.2,2.9,0.1,23.13,8.48,9.42,0.39,1.26,154.03,0.28,9.44,11.16,0.34,10.31,0.07,0.73,10.74,3.62,2.22,201.72,0.03,0.41,7.27,17.64,10.15,0.54,15.0,21.63,35.08,0.06,4.8,13.22,17.51,1363.24,46.24,0.7,73.46,4.83,4.79,22.47,4.26,11.32,0.15,1.17,10.51,5.61,0.97,0.07,10.16,15.72,93.38,6.19,1.24,3.3,1.32,1.12,97.08,0.05,0.91,5.44,66.0,0.29,1.9,2.12,3.72,80.65,27.53,0.03,10.97,0.06,0.12,0.17,15.04,11.06,1.7,0.75,10.26,8.96,7.18,9.89,0.32,1291.13,253.28,78.46,35.48,4.62,0.08,8.06,60.23,2.77,127.44,7.69,17.04,44.79,0.11,25.0,50.43,3.65,5.72,6.6,2.01,5.68,2.07,4.43,5.99,0.04,2.96,0.54,0.59,23.59,16.02,30.13,0.4,17.0,0.43,0.05,3.74,1.26,117.29,0.11,2.86,0.04,2.85,0.62,33.8,25.25,50.65,2.2,0.01,27.38,16.8,0.26,4.44,6.12,18.65,174.73,2.06,0.05,5.08,3.82,205.34,0.02,3.82,8.25,6.01,30.04,99.7,38.04,10.46,3.59,2.04,19.98,143.51,11.1,0.2,0.03,0.19,31.48,13.6,7.16,0.09,6.96,5.4,0.04,5.41,2.06,0.58,12.85,53.87,11.11,46.62,20.58,0.05,0.17,0.04,0.11,35.99,0.56,9.6,8.09,21.5,8.14,49.25,69.58,1.16,7.11,0.11,1.44,11.3,76.58,5.56,0.03,0.01,35.27,45.49,8.75,64.13,316.06,3.38,30.24,0.26,29.84,90.27,0.11,4.08,26.98,15.23,13.56
2014-01-01,32.72,2.89,38.76,0.05,0.07,27.13,0.09,42.67,2.89,0.1,23.48,8.55,9.54,0.39,1.31,155.96,0.28,9.45,11.21,0.35,10.61,0.07,0.74,10.92,3.57,2.26,203.46,0.03,0.42,7.22,18.17,10.49,0.55,15.21,22.3,35.44,0.06,4.8,13.7,17.69,1371.86,46.68,0.71,76.04,4.94,4.84,23.0,4.24,11.33,0.16,1.18,10.53,5.64,0.99,0.07,10.28,15.96,95.59,6.21,1.3,3.32,1.31,1.13,99.75,0.05,0.92,5.46,66.31,0.29,1.97,2.19,3.72,80.98,28.2,0.03,10.89,0.06,0.12,0.17,15.31,11.33,1.74,0.75,10.41,9.13,7.23,9.87,0.33,1307.25,256.23,79.96,36.75,4.66,0.08,8.22,60.79,2.78,127.28,8.66,17.29,45.83,0.11,25.13,50.75,3.76,5.84,6.69,1.99,6.27,2.1,4.52,6.1,0.04,2.93,0.56,0.6,24.22,16.48,30.61,0.42,17.55,0.43,0.05,3.84,1.26,118.76,0.11,2.86,0.04,2.9,0.62,34.25,26.04,51.07,2.24,0.01,27.46,16.87,0.27,4.52,6.21,19.37,179.38,2.07,0.05,5.14,4.01,208.25,0.02,3.89,8.46,6.09,30.35,101.33,38.01,10.4,3.53,2.21,19.91,143.82,11.37,0.2,0.03,0.2,32.13,13.97,7.13,0.09,7.14,5.47,0.04,5.42,2.06,0.6,13.31,54.73,11.21,46.48,20.78,0.05,0.17,0.04,0.11,37.0,0.57,9.7,8.19,20.07,8.33,50.81,69.96,1.18,7.29,0.11,1.45,11.43,78.11,5.66,0.03,0.01,36.34,45.27,8.84,64.6,318.39,3.39,30.76,0.27,30.19,91.24,0.11,4.17,27.75,15.74,13.86
2015-01-01,33.75,2.88,39.54,0.05,0.07,28.13,0.09,43.13,2.88,0.1,23.82,8.64,9.65,0.39,1.36,157.83,0.28,9.46,11.27,0.36,10.93,0.07,0.74,11.09,3.52,2.31,205.19,0.03,0.42,7.18,18.72,10.73,0.55,15.42,23.01,35.7,0.06,4.82,14.14,17.87,1379.86,47.12,0.73,78.66,5.06,4.9,23.6,4.2,11.34,0.16,1.19,10.55,5.68,1.01,0.07,10.41,16.2,97.72,6.23,1.35,3.34,1.32,1.13,102.47,0.05,0.92,5.48,66.55,0.29,2.03,2.25,3.73,81.69,28.87,0.03,10.82,0.06,0.12,0.17,15.57,11.63,1.79,0.76,10.56,9.29,7.29,9.84,0.33,1322.87,259.09,81.79,37.76,4.7,0.08,8.38,60.73,2.79,127.14,9.49,17.54,46.85,0.12,25.26,51.01,3.91,5.96,6.79,1.98,6.4,2.12,4.61,6.19,0.04,2.9,0.57,0.62,24.85,16.94,31.07,0.44,18.11,0.45,0.05,3.95,1.26,120.15,0.11,2.84,0.04,2.96,0.62,34.68,26.84,51.48,2.28,0.01,27.61,16.94,0.27,4.61,6.3,20.13,184.0,2.07,0.05,5.19,4.19,210.97,0.02,3.96,8.68,6.18,30.71,103.03,37.99,10.36,3.47,2.41,19.82,144.1,11.64,0.2,0.03,0.2,32.75,14.36,7.1,0.09,7.31,5.54,0.04,5.42,2.06,0.61,13.76,55.88,11.19,46.44,20.97,0.05,0.18,0.04,0.11,38.17,0.58,9.8,8.28,19.21,8.52,52.54,70.29,1.21,7.47,0.11,1.46,11.56,79.65,5.77,0.04,0.01,37.48,45.15,8.92,65.12,320.74,3.4,31.3,0.28,30.53,92.19,0.11,4.27,28.52,16.25,14.15
2016-01-01,34.64,2.88,40.34,0.05,0.07,29.15,0.09,43.59,2.87,0.1,24.19,8.74,9.76,0.4,1.41,159.78,0.28,9.47,11.33,0.37,11.26,0.06,0.75,11.26,3.48,2.35,206.86,0.03,0.43,7.13,19.28,10.9,0.56,15.62,23.71,36.11,0.06,4.9,14.59,18.08,1387.79,47.63,0.75,81.43,5.19,4.95,24.21,4.17,11.34,0.16,1.2,10.57,5.73,1.02,0.07,10.53,16.44,99.78,6.25,1.4,3.37,1.32,1.14,105.29,0.05,0.92,5.5,66.72,0.29,2.09,2.32,3.73,82.35,29.55,0.03,10.78,0.06,0.12,0.17,15.83,11.93,1.83,0.76,10.71,9.46,7.34,9.81,0.34,1338.64,261.85,83.31,38.7,4.76,0.08,8.55,60.63,2.8,127.08,9.96,17.79,47.89,0.12,25.39,51.22,4.05,6.08,6.89,1.96,6.26,2.14,4.71,6.28,0.04,2.87,0.58,0.63,25.5,17.41,31.53,0.45,18.7,0.46,0.05,4.05,1.26,121.52,0.11,2.8,0.04,3.03,0.62,35.11,27.7,51.89,2.32,0.01,27.86,17.03,0.27,4.71,6.39,20.92,188.67,2.07,0.05,5.23,4.4,213.52,0.02,4.03,8.9,6.27,31.13,104.88,37.97,10.33,3.41,2.6,19.7,144.34,11.93,0.21,0.03,0.2,33.42,14.75,7.06,0.09,7.49,5.61,0.04,5.43,2.07,0.63,14.29,56.42,11.07,46.48,21.2,0.05,0.18,0.03,0.11,39.38,0.58,9.92,8.37,18.96,8.73,54.4,70.61,1.22,7.66,0.11,1.47,11.69,81.02,5.87,0.04,0.01,38.75,45.0,8.99,65.61,323.07,3.41,31.85,0.28,30.74,93.13,0.11,4.37,29.27,16.77,14.45
2017-01-01,35.64,2.87,41.14,0.05,0.07,30.21,0.09,44.04,2.85,0.11,24.59,8.8,9.85,0.4,1.46,161.79,0.28,9.46,11.38,0.37,11.6,0.06,0.76,11.44,3.44,2.4,208.5,0.03,0.43,7.08,19.84,11.16,0.56,15.83,24.39,36.55,0.06,5.0,15.09,18.37,1396.22,48.35,0.76,84.28,5.31,4.99,24.85,4.12,11.34,0.16,1.21,10.59,5.76,1.04,0.07,10.65,16.7,101.79,6.27,1.45,3.4,1.32,1.15,108.2,0.05,0.92,5.51,66.92,0.3,2.14,2.38,3.73,82.66,30.22,0.03,10.75,0.06,0.12,0.17,16.09,12.24,1.88,0.76,10.86,9.63,7.39,9.79,0.34,1354.2,264.5,84.51,39.62,4.81,0.08,8.71,60.54,2.81,126.97,10.22,18.04,48.95,0.12,25.52,51.36,4.12,6.2,7.0,1.94,6.11,2.17,4.8,6.38,0.04,2.83,0.6,0.64,26.17,17.88,31.98,0.47,19.31,0.47,0.05,4.16,1.26,122.84,0.11,2.76,0.04,3.1,0.62,35.53,28.57,52.29,2.36,0.01,28.18,17.13,0.27,4.81,6.48,21.74,193.5,2.07,0.05,5.28,4.54,216.38,0.02,4.1,9.11,6.36,31.61,106.74,37.97,10.3,3.33,2.71,19.59,144.5,12.23,0.21,0.03,0.21,34.19,15.16,7.02,0.1,7.68,5.61,0.04,5.44,2.07,0.64,14.86,56.64,10.66,46.59,21.44,0.05,0.18,0.03,0.11,40.68,0.59,10.06,8.45,18.98,8.93,56.27,70.9,1.24,7.85,0.11,1.48,11.81,82.09,5.97,0.04,0.01,40.13,44.83,9.07,66.06,325.12,3.42,32.39,0.29,30.56,94.03,0.11,4.45,30.03,17.3,14.75
2018-01-01,36.69,2.87,41.93,0.05,0.08,31.27,0.09,44.49,2.84,0.11,24.97,8.84,9.94,0.4,1.49,163.68,0.28,9.44,11.43,0.38,11.94,0.06,0.76,11.61,3.4,2.45,210.17,0.03,0.43,7.03,20.39,11.49,0.57,16.03,25.08,37.07,0.06,5.09,15.6,18.7,1402.76,49.28,0.78,87.09,5.44,5.04,25.49,4.09,11.33,0.16,1.22,10.63,5.79,1.06,0.07,10.77,17.02,103.74,6.28,1.5,3.45,1.32,1.16,111.13,0.05,0.92,5.52,67.16,0.3,2.19,2.44,3.73,82.91,30.87,0.03,10.73,0.06,0.12,0.17,16.35,12.55,1.92,0.79,11.01,9.79,7.45,9.78,0.35,1369.0,267.07,85.62,40.59,4.87,0.08,8.88,60.42,2.81,126.81,10.46,18.28,49.95,0.12,25.64,51.59,4.32,6.32,7.11,1.93,5.95,2.2,4.89,6.48,0.04,2.8,0.61,0.65,26.85,18.37,32.4,0.49,19.93,0.48,0.05,4.27,1.27,124.01,0.11,2.71,0.04,3.16,0.62,35.93,29.42,52.67,2.41,0.01,28.51,17.23,0.27,4.9,6.57,22.58,198.39,2.08,0.05,5.31,4.6,219.73,0.02,4.17,9.33,6.44,32.2,108.57,37.97,10.28,3.19,2.77,19.47,144.48,12.53,0.21,0.03,0.21,35.02,15.57,6.98,0.1,7.86,5.64,0.04,5.45,2.07,0.66,15.41,57.34,10.4,46.8,21.67,0.05,0.18,0.03,0.11,42.0,0.59,10.18,8.51,19.33,9.13,58.09,71.13,1.26,8.05,0.11,1.5,11.93,82.81,6.07,0.04,0.01,41.52,44.62,9.14,66.46,326.84,3.43,32.96,0.3,29.83,94.91,0.11,4.57,30.79,17.84,15.05
2019-01-01,37.77,2.85,42.71,0.05,0.08,32.35,0.09,44.94,2.82,0.11,25.34,8.88,10.02,0.4,1.49,165.52,0.28,9.42,11.49,0.39,12.29,0.06,0.77,11.78,3.36,2.5,211.78,0.03,0.44,6.98,20.95,11.87,0.58,16.21,25.78,37.6,0.07,5.21,16.13,19.04,1407.74,50.19,0.79,89.91,5.57,5.08,26.15,4.07,11.32,0.16,1.23,10.67,5.81,1.07,0.07,10.88,17.34,105.62,6.28,1.55,3.5,1.33,1.17,114.12,0.05,0.92,5.52,67.39,0.3,2.24,2.51,3.72,83.09,31.52,0.03,10.72,0.06,0.12,0.17,16.6,12.88,1.97,0.8,11.16,9.96,7.51,9.77,0.36,1383.11,269.58,86.56,41.56,4.93,0.08,9.05,59.73,2.81,126.63,10.7,18.51,50.95,0.12,25.76,51.76,4.44,6.46,7.21,1.91,5.78,2.23,4.99,6.57,0.04,2.79,0.62,0.66,27.53,18.87,32.8,0.5,20.57,0.5,0.04,4.38,1.27,125.09,0.11,2.66,0.04,3.23,0.62,36.3,30.29,53.04,2.45,0.01,28.83,17.34,0.27,4.98,6.66,23.44,203.3,2.08,0.05,5.35,4.6,223.29,0.02,4.23,9.54,6.53,32.82,110.38,37.97,10.29,3.19,2.81,19.37,144.41,12.84,0.21,0.03,0.21,35.83,16.0,6.95,0.1,8.05,5.7,0.04,5.45,2.09,0.67,15.98,58.09,10.45,47.13,21.8,0.05,0.18,0.03,0.1,43.23,0.6,10.28,8.58,20.1,9.34,59.87,71.31,1.28,8.24,0.1,1.52,12.05,83.48,6.16,0.04,0.01,42.95,44.39,9.21,66.84,328.33,3.43,33.58,0.3,28.97,95.78,0.11,4.69,31.55,18.38,15.35
2020-01-01,38.97,2.84,43.45,0.05,0.08,33.43,0.09,45.38,2.81,0.11,25.66,8.92,10.09,0.41,1.48,167.42,0.28,9.38,11.54,0.39,12.64,0.06,0.77,11.94,3.32,2.55,213.2,0.03,0.44,6.93,21.52,12.22,0.58,16.4,26.49,38.04,0.07,5.34,16.64,19.3,1411.1,50.93,0.81,92.85,5.7,5.12,26.81,4.05,11.3,0.15,1.24,10.7,5.83,1.09,0.07,11.0,17.59,107.47,6.29,1.6,3.56,1.33,1.18,117.19,0.05,0.92,5.53,67.57,0.3,2.29,2.57,3.72,83.16,32.18,0.03,10.7,0.06,0.12,0.17,16.86,13.21,2.02,0.8,11.31,10.12,7.48,9.75,0.37,1396.39,271.86,87.29,42.56,4.99,0.08,9.22,59.44,2.82,126.26,10.93,18.76,51.99,0.13,25.87,51.84,4.36,6.58,7.32,1.9,5.66,2.25,5.09,6.65,0.04,2.79,0.63,0.68,28.23,19.38,33.2,0.51,21.22,0.52,0.04,4.5,1.27,126.0,0.11,2.64,0.04,3.29,0.62,36.69,31.18,53.42,2.49,0.01,29.35,17.44,0.27,5.09,6.76,24.33,208.33,2.07,0.05,5.38,4.54,227.2,0.02,4.29,9.75,6.62,33.3,112.19,37.9,10.3,3.28,2.76,19.27,144.07,13.15,0.21,0.03,0.22,36.0,16.44,6.9,0.1,8.23,5.69,0.04,5.46,2.1,0.69,16.54,58.8,10.61,47.37,21.92,0.05,0.18,0.03,0.1,44.44,0.61,10.35,8.64,20.77,9.54,61.7,71.48,1.3,8.44,0.11,1.52,12.16,84.14,6.25,0.04,0.01,44.4,44.13,9.29,67.08,331.5,3.43,34.23,0.31,28.49,96.65,0.11,4.8,32.28,18.93,15.67
2021-01-01,40.1,2.81,44.18,0.05,0.08,34.5,0.09,45.81,2.79,0.11,25.69,8.96,10.14,0.41,1.46,169.36,0.28,9.34,11.59,0.4,13.0,0.06,0.78,12.08,3.27,2.59,214.33,0.03,0.45,6.88,22.1,12.55,0.59,16.59,27.2,38.25,0.07,5.46,17.18,19.49,1412.36,51.52,0.82,95.89,5.84,5.15,27.48,3.9,11.26,0.15,1.24,10.51,5.86,1.11,0.07,11.12,17.8,109.26,6.31,1.63,3.62,1.33,1.19,120.28,0.05,0.92,5.54,67.75,0.3,2.34,2.64,3.71,83.2,32.83,0.03,10.64,0.06,0.12,0.17,17.11,13.53,2.06,0.8,11.45,10.28,7.41,9.71,0.37,1407.56,273.75,87.92,43.53,5.03,0.08,9.36,59.11,2.83,125.68,11.15,19.0,53.01,0.13,25.97,51.74,4.25,6.69,7.43,1.88,5.59,2.28,5.19,6.74,0.04,2.8,0.64,0.69,28.92,19.89,33.57,0.52,21.9,0.52,0.04,4.61,1.27,126.71,0.11,2.62,0.04,3.35,0.62,37.08,32.08,53.8,2.53,0.01,30.03,17.53,0.27,5.12,6.85,25.25,213.4,2.07,0.05,5.41,4.52,231.4,0.02,4.35,9.95,6.7,33.72,113.88,37.75,10.33,3.26,2.69,19.12,143.45,13.46,0.22,0.03,0.22,35.95,16.88,6.83,0.1,8.42,5.45,0.04,5.45,2.11,0.71,17.07,59.39,10.75,47.42,22.16,0.05,0.18,0.03,0.1,45.66,0.61,10.42,8.7,21.32,9.75,63.59,71.6,1.32,8.64,0.11,1.53,12.26,84.78,6.34,0.05,0.01,45.85,43.79,9.37,67.33,331.89,3.43,34.92,0.32,28.2,97.47,0.11,4.92,32.98,19.47,15.99
